# FORMAT_VERSION,1.0
# SAMPLE_RATE_HZ,200
# NUM_CHANNELS,8
# SUBJECT_ID,synthetic_001
# GESTURE_LABELS,Rest,Fist,Open,PinchIndex,PinchMiddle,Point,ThumbUp,Victory
# DURATION_S,20.0
timestamp_ms,ch0,ch1,ch2,ch3,ch4,ch5,ch6,ch7,gesture_label,gesture_id
0.000,0.000000,0.000000,-0.000000,-0.000000,-0.000000,0.000000,0.000000,-0.000000,Rest,0
5.000,-0.000004,0.000002,0.000004,0.000007,0.000008,0.000002,-0.000004,0.000006,Rest,0
10.000,-0.000028,-0.000017,0.000047,-0.000019,0.000007,-0.000042,0.000002,-0.000012,Rest,0
15.000,0.000064,0.000028,-0.000071,-0.000052,-0.000049,0.000059,0.000023,-0.000049,Rest,0
20.000,-0.000020,-0.000021,-0.000079,0.000076,-0.000123,0.000107,0.000115,0.000058,Rest,0
25.000,0.000173,-0.000071,-0.000190,-0.000027,0.000189,-0.000126,-0.000130,-0.000062,Rest,0
30.000,-0.000069,0.000035,0.000042,0.000075,0.000546,-0.000157,-0.000145,0.000120,Rest,0
35.000,-0.000276,0.000284,0.000669,-0.000075,-0.000655,0.000256,0.000038,-0.000044,Rest,0
40.000,0.000015,-0.000472,-0.000052,-0.000096,-0.000100,0.000276,0.000000,0.000087,Rest,0
45.000,0.000402,-0.000651,0.000003,0.000153,-0.000695,-0.000355,-0.000236,-0.000323,Rest,0
50.000,-0.000292,0.002223,-0.000602,0.001096,0.001019,-0.000142,-0.000189,0.000158,Rest,0
55.000,-0.000737,-0.000674,-0.000018,-0.000682,-0.000301,-0.000421,0.001423,-0.000086,Rest,0
60.000,0.000789,-0.000298,-0.000011,-0.001072,-0.000328,0.000592,0.000002,-0.000031,Rest,0
65.000,0.000362,0.000545,0.000298,0.000163,0.001903,-0.000071,-0.000427,0.002153,Rest,0
70.000,0.000434,-0.002901,0.000086,0.000257,-0.001541,-0.000306,-0.001760,-0.001554,Rest,0
75.000,-0.001081,0.000335,-0.002141,-0.000596,-0.001770,-0.000511,0.001441,-0.000584,Rest,0
80.000,0.000318,0.001399,0.000494,-0.001053,0.000008,0.001406,-0.001067,-0.000869,Rest,0
85.000,0.000685,0.001765,0.005470,0.002941,0.002869,-0.001982,0.000336,-0.000960,Rest,0
90.000,-0.002714,0.001938,0.000439,0.000684,0.001856,0.003642,0.000755,0.001998,Rest,0
95.000,-0.001253,-0.002023,-0.006124,-0.002531,-0.000322,-0.000040,0.002850,0.002476,Rest,0
100.000,0.003389,-0.002808,-0.002325,-0.000001,-0.002464,-0.002096,-0.001163,-0.001669,Rest,0
105.000,0.002838,-0.004208,0.004371,0.000971,0.002576,0.000805,-0.003600,-0.005183,Rest,0
110.000,0.002574,0.000191,0.002963,-0.000379,-0.004917,-0.006614,0.001140,0.004267,Rest,0
115.000,-0.006628,0.008697,-0.001024,-0.000636,0.002663,0.001558,0.000836,0.005789,Rest,0
120.000,-0.001971,0.001515,-0.005148,0.000344,-0.004671,0.008908,-0.008502,-0.005739,Rest,0
125.000,-0.000133,-0.000650,-0.004372,0.001333,0.001880,0.000622,0.002328,-0.006051,Rest,0
130.000,0.006775,-0.001599,0.002846,-0.003114,0.000632,-0.003281,0.010849,0.011029,Rest,0
135.000,-0.000677,-0.006454,0.006351,0.006404,0.000239,-0.003901,-0.000423,-0.002456,Rest,0
140.000,-0.003009,0.000866,0.003761,-0.003827,0.001437,0.000350,0.003372,-0.006881,Rest,0
145.000,-0.005724,-0.001691,-0.003559,-0.000159,-0.001123,0.001556,-0.003178,0.000698,Rest,0
150.000,0.003819,0.002844,0.009571,0.009159,0.011747,-0.004504,-0.002956,0.005381,Rest,0
155.000,0.003132,-0.001283,-0.006725,-0.007436,-0.002792,-0.000598,-0.002603,-0.002247,Rest,0
160.000,-0.000108,0.004821,-0.012158,-0.003565,-0.005857,-0.004250,0.000370,0.003212,Rest,0
165.000,0.003661,0.005664,-0.010424,-0.011080,-0.013007,0.019278,-0.006646,0.001133,Rest,0
170.000,-0.005939,0.000228,0.011680,-0.001478,0.005045,0.004784,0.003920,-0.007950,Rest,0
175.000,0.001220,-0.008030,0.009877,0.013879,0.003327,-0.010698,-0.003729,0.003718,Rest,0
180.000,-0.003815,-0.001220,-0.001025,0.009682,0.006311,-0.013368,0.002576,-0.003826,Rest,0
185.000,0.002543,-0.001421,0.007187,0.000532,0.008573,0.005956,0.011033,0.011512,Rest,0
190.000,0.003191,-0.002340,-0.008370,0.001037,0.003254,0.005499,-0.003205,-0.012410,Rest,0
195.000,-0.009217,0.010970,-0.001308,-0.014518,-0.021444,-0.000522,-0.019368,-0.001612,Rest,0
200.000,0.008309,-0.018211,-0.003540,-0.002365,-0.017997,-0.013029,0.019222,0.017737,Rest,0
205.000,0.007839,0.009990,-0.000227,-0.003821,0.016167,0.002885,0.001387,0.002313,Rest,0
210.000,-0.005746,0.008567,-0.011172,0.009440,0.014624,0.019824,0.017143,-0.012484,Rest,0
215.000,0.003954,-0.001747,0.020842,0.006039,0.010036,-0.007432,-0.007973,-0.005774,Rest,0
220.000,0.002979,0.012558,0.004721,-0.011191,-0.025351,-0.006080,-0.015458,-0.009439,Rest,0
225.000,-0.020741,0.004873,-0.009783,0.010383,-0.004474,0.008318,0.006981,0.012684,Rest,0
230.000,0.001164,-0.025557,0.021689,-0.002231,0.032551,0.005817,-0.019894,-0.001586,Rest,0
235.000,-0.006743,-0.011258,-0.011498,0.001506,-0.021497,-0.016485,-0.008295,-0.001534,Rest,0
240.000,0.006892,0.004629,-0.024009,0.008780,-0.000185,0.000565,-0.002584,0.008970,Rest,0
245.000,0.030200,0.000339,-0.017796,-0.019391,-0.008570,-0.007916,0.012424,0.020481,Rest,0
250.000,-0.011096,-0.009906,0.013980,-0.014885,0.009292,0.020574,0.033718,-0.036400,Rest,0
255.000,0.005530,0.019292,0.004663,-0.000037,0.006404,-0.022010,0.005459,0.007821,Rest,0
260.000,-0.023299,0.002279,0.010267,0.020239,-0.010996,0.003041,-0.023553,-0.001556,Rest,0
265.000,-0.005342,-0.007990,0.007169,0.031829,0.016023,0.021244,0.008612,0.004800,Rest,0
270.000,-0.009270,0.019556,0.017652,-0.017122,-0.014607,0.007414,0.003384,0.019332,Rest,0
275.000,0.037876,-0.004470,0.004877,0.016918,0.010975,-0.026533,-0.019768,-0.038419,Rest,0
280.000,-0.016175,0.012519,-0.036038,-0.041404,0.010321,-0.006391,-0.010815,0.044652,Rest,0
285.000,-0.005071,0.000639,0.015911,0.000996,-0.026935,0.013404,0.000750,-0.022145,Rest,0
290.000,0.003594,-0.000425,-0.008201,-0.016456,0.012389,0.023430,0.014852,-0.021963,Rest,0
295.000,0.019094,-0.013824,0.016080,-0.000311,-0.012490,-0.004361,0.004306,0.028623,Rest,0
300.000,0.011609,-0.060942,-0.027559,0.020796,0.001343,-0.020300,0.005814,0.017994,Rest,0
305.000,-0.013285,0.019822,-0.025681,0.011010,0.013667,0.018311,-0.002032,-0.034689,Rest,0
310.000,-0.021422,0.014756,0.013896,0.035416,-0.001833,-0.045742,-0.027434,-0.020065,Rest,0
315.000,-0.021042,0.028207,0.015774,-0.065879,0.014343,0.018016,-0.001699,-0.014649,Rest,0
320.000,0.001539,0.018158,0.013997,0.005610,-0.020698,-0.008645,0.028567,0.050332,Rest,0
325.000,0.027581,-0.042654,-0.001464,0.052398,0.011198,0.027449,0.010844,0.008639,Rest,0
330.000,-0.013705,0.057978,0.022512,0.007482,-0.021919,-0.002125,-0.021451,-0.004539,Rest,0
335.000,0.022819,-0.035414,-0.007638,-0.010179,-0.005740,-0.017315,0.016934,-0.043019,Rest,0
340.000,-0.012398,-0.014846,-0.020701,-0.038260,0.025421,0.012238,0.000079,0.036174,Rest,0
345.000,0.006589,-0.009523,0.025075,-0.035995,0.020823,0.032369,-0.010309,0.021867,Rest,0
350.000,0.010527,0.010163,-0.015358,0.023261,-0.013730,-0.021846,-0.005219,-0.038604,Rest,0
355.000,-0.019862,0.028501,-0.059548,0.013750,-0.044623,-0.043142,-0.052293,0.040835,Rest,0
360.000,0.034272,-0.021150,0.034931,-0.015517,0.029186,0.041710,0.026764,0.033059,Rest,0
365.000,-0.027900,-0.002081,0.041364,0.027071,-0.046565,-0.014038,0.045101,-0.074610,Rest,0
370.000,-0.007344,-0.004975,-0.012693,-0.001301,0.066584,0.033859,0.001836,-0.019280,Rest,0
375.000,0.004071,0.011372,-0.017831,-0.011623,0.060416,-0.000415,0.003868,-0.023863,Rest,0
380.000,-0.009196,-0.035585,-0.032560,0.039402,-0.069227,-0.060827,-0.030614,0.005103,Rest,0
385.000,-0.001887,-0.019858,-0.005374,-0.009305,-0.034943,0.007849,0.045522,0.056368,Rest,0
390.000,-0.012013,0.090513,0.029273,-0.016926,0.008923,-0.008706,-0.032828,-0.004640,Rest,0
395.000,0.000439,-0.013686,0.064816,0.023621,0.013496,0.052066,0.002531,0.021759,Rest,0
400.000,0.035638,0.007931,0.006496,-0.095485,-0.056152,-0.019994,-0.032251,0.052121,Rest,0
405.000,-0.022876,-0.022007,-0.015647,0.026878,0.035210,0.020479,-0.011879,-0.014433,Rest,0
410.000,0.025641,-0.048944,-0.038646,0.070734,0.095968,0.013412,0.046214,-0.116864,Rest,0
415.000,0.020925,0.028800,-0.068426,0.015492,-0.020353,-0.047683,0.003868,0.036423,Rest,0
420.000,0.005922,0.030645,-0.012060,0.006877,0.009913,-0.009242,-0.006491,-0.013955,Rest,0
425.000,0.009536,0.003668,0.062133,-0.083388,-0.072247,0.007197,0.025774,0.013882,Rest,0
430.000,-0.068018,-0.092857,0.064595,0.015436,-0.088741,0.020604,-0.076106,0.026151,Rest,0
435.000,-0.027365,0.021717,-0.016761,-0.002721,0.062916,0.003351,-0.009090,0.011708,Rest,0
440.000,0.053901,0.055818,-0.016865,0.092752,0.000273,0.065683,-0.001110,-0.021879,Rest,0
445.000,-0.063624,-0.016500,0.001963,-0.060178,0.115865,0.009344,0.032081,0.020478,Rest,0
450.000,0.033287,0.034678,-0.023911,-0.119852,0.002815,-0.096530,0.137811,-0.022068,Rest,0
455.000,-0.022876,0.021135,-0.025318,0.014049,-0.060057,-0.127019,-0.082458,-0.014337,Rest,0
460.000,0.042080,-0.027458,0.045501,0.047309,-0.004928,0.079476,-0.046066,-0.011238,Rest,0
465.000,0.023906,-0.030036,-0.029201,0.044366,-0.036226,0.100464,0.036894,0.083214,Rest,0
470.000,0.018854,-0.049522,0.019923,0.109720,-0.077310,-0.064728,-0.019327,-0.023671,Rest,0
475.000,0.044162,0.036144,-0.001661,-0.023202,-0.033604,0.042506,-0.036096,-0.059626,Rest,0
480.000,-0.124178,0.045703,-0.046671,-0.027793,0.155134,-0.043878,0.009502,-0.028379,Rest,0
485.000,0.047778,0.052413,0.033255,-0.081749,0.070131,0.096203,0.063280,0.019911,Rest,0
490.000,0.005619,-0.047717,0.089086,-0.019199,-0.049950,-0.017496,-0.087033,0.157516,Rest,0
495.000,-0.064194,0.034531,-0.105619,0.053682,0.007664,-0.012612,-0.024870,-0.083830,Rest,0
500.000,-0.005995,-0.104435,-0.050710,-0.027637,-0.120549,-0.054611,0.120718,-0.089055,Rest,0
505.000,0.069562,-0.116259,0.069032,-0.000499,0.110417,0.011990,-0.004133,0.073302,Rest,0
510.000,0.022826,0.078545,0.100710,-0.081210,-0.093441,0.051170,-0.076149,-0.008927,Rest,0
515.000,-0.011256,0.060130,-0.002351,0.116422,0.032975,-0.148622,-0.028733,-0.000340,Rest,0
520.000,0.001771,0.041322,-0.087569,-0.025385,-0.022352,0.031680,0.061632,-0.019664,Rest,0
525.000,-0.003787,0.061804,0.008079,0.045025,0.016951,-0.011007,0.064425,-0.060208,Rest,0
530.000,-0.066604,-0.007726,-0.182188,-0.002485,0.177590,0.169515,0.016514,0.107203,Rest,0
535.000,-0.077988,-0.065885,0.140787,-0.090790,-0.140330,-0.006529,-0.126720,-0.114919,Rest,0
540.000,0.139625,0.004823,0.129749,0.076783,0.005341,-0.058042,-0.012074,0.053838,Rest,0
545.000,0.012920,-0.085515,-0.153225,0.030900,-0.067092,0.031919,0.070989,0.063051,Rest,0
550.000,0.064935,0.023555,0.037413,-0.005476,-0.016777,-0.050629,-0.135829,0.076126,Rest,0
555.000,-0.081514,0.163132,0.016345,-0.083231,0.072821,-0.095391,0.180756,-0.135602,Rest,0
560.000,-0.052935,-0.157955,0.016888,0.048669,-0.040157,0.058740,-0.044238,-0.034773,Rest,0
565.000,0.024866,0.012158,0.037248,-0.036066,-0.064605,0.066907,0.013572,0.134562,Rest,0
570.000,-0.086607,-0.039264,0.055094,-0.078497,0.126968,-0.009196,0.027537,-0.070923,Rest,0
575.000,0.042233,0.029718,-0.049705,0.082230,0.102233,-0.093648,-0.052700,-0.040212,Rest,0
580.000,0.100689,0.044299,-0.190028,0.091544,-0.030144,0.061078,-0.016968,-0.049208,Rest,0
585.000,0.030876,0.000164,0.078248,-0.014842,-0.168462,-0.070206,-0.189691,0.071633,Rest,0
590.000,-0.013931,0.030584,-0.032718,-0.182454,0.022909,0.100095,0.181658,0.085646,Rest,0
595.000,0.026957,0.034626,0.080535,0.042802,0.040525,0.048948,0.116666,0.000209,Rest,0
600.000,-0.051099,-0.037774,-0.002103,0.220595,0.010024,-0.049133,0.002468,-0.120984,Rest,0
605.000,-0.166305,-0.009235,-0.013900,-0.113567,-0.038649,0.027946,-0.039835,0.054950,Rest,0
610.000,0.072855,0.038221,0.107727,-0.046848,0.030802,-0.081984,-0.026691,-0.087752,Rest,0
615.000,0.080798,-0.149142,0.078343,0.079428,0.029700,0.041262,-0.090956,-0.037681,Rest,0
620.000,0.054400,-0.006160,-0.138996,0.025553,0.037016,0.009437,-0.046339,0.219608,Rest,0
625.000,-0.025317,0.029067,-0.226969,-0.066030,-0.017991,-0.199521,-0.059915,-0.088219,Rest,0
630.000,-0.013541,0.060963,0.194408,-0.100287,-0.143057,0.257586,0.184392,-0.051267,Rest,0
635.000,-0.226039,0.044280,-0.046034,0.015034,0.002908,-0.124821,0.121498,0.030281,Rest,0
640.000,-0.047964,-0.072981,0.066092,0.020030,0.055699,0.073658,-0.097462,0.106419,Rest,0
645.000,0.105536,0.031840,0.089632,0.045810,0.023416,0.202238,0.035363,-0.030123,Rest,0
650.000,0.305164,0.040579,-0.038459,0.168977,0.000232,-0.248230,-0.014864,-0.196094,Rest,0
655.000,0.039158,-0.043084,-0.068180,-0.140794,0.084006,-0.078537,-0.144780,0.047768,Rest,0
660.000,-0.079781,0.249897,-0.010549,-0.106093,0.011010,-0.031677,-0.169378,0.083565,Rest,0
665.000,-0.049420,-0.195864,-0.021964,-0.026371,-0.034537,0.240103,0.179955,-0.027058,Rest,0
670.000,-0.109902,-0.179912,0.033521,0.005732,0.011520,-0.214328,0.347623,0.082101,Rest,0
675.000,0.053219,-0.118916,-0.145572,0.120423,0.001733,0.194281,-0.220865,0.024562,Rest,0
680.000,-0.160295,0.074890,0.213680,-0.098663,-0.232691,-0.063188,-0.173823,0.001626,Rest,0
685.000,-0.003227,0.254451,-0.028078,0.208656,0.106235,-0.130586,0.192024,-0.049881,Rest,0
690.000,-0.022981,0.295581,-0.074607,-0.007173,0.053746,0.084599,-0.053325,-0.197024,Rest,0
695.000,0.102001,-0.309258,0.148523,-0.039781,0.032884,0.014625,-0.038607,0.037887,Rest,0
700.000,0.160189,-0.213982,-0.045081,-0.002580,0.001359,0.139432,-0.033803,0.115481,Rest,0
705.000,0.101407,0.028647,-0.083941,0.092405,-0.118095,-0.045396,-0.050235,-0.001730,Rest,0
710.000,-0.004936,-0.050824,0.015671,-0.244721,0.078789,-0.247683,0.084223,0.068041,Rest,0
715.000,-0.205953,0.146549,-0.109795,-0.058838,0.132014,0.093381,0.010480,0.008871,Rest,0
720.000,-0.125549,0.155119,0.013693,-0.057302,0.064420,0.063297,0.156790,-0.127910,Rest,0
725.000,-0.034247,-0.053279,0.135271,0.023632,-0.316346,0.135411,-0.167031,0.065020,Rest,0
730.000,-0.052178,0.029888,-0.012226,0.037053,0.133224,-0.167019,-0.188802,0.137403,Rest,0
735.000,0.237492,-0.118535,0.091491,0.168180,0.110461,0.084990,0.200504,-0.106738,Rest,0
740.000,0.067499,-0.037855,-0.198669,0.167907,-0.190632,-0.045011,0.180809,-0.042924,Rest,0
745.000,0.265322,-0.098015,0.159466,-0.175552,0.032488,-0.218787,-0.072969,-0.107540,Rest,0
750.000,-0.363750,0.131877,-0.095211,0.096001,-0.068272,0.201611,-0.160726,-0.041578,Rest,0
755.000,-0.013478,0.125821,-0.133166,-0.078158,0.093947,0.002018,0.042543,0.316183,Rest,0
760.000,-0.122962,-0.251521,0.037035,-0.110449,-0.009807,0.088289,0.037225,-0.334741,Rest,0
765.000,0.106394,0.053303,0.291341,-0.080586,0.000649,0.038117,0.024471,0.025002,Rest,0
770.000,0.061109,0.241506,-0.025941,0.101379,0.340509,-0.062911,-0.222048,0.337365,Rest,0
775.000,-0.107638,-0.081757,-0.081412,0.134850,-0.193560,-0.197090,-0.027880,-0.059236,Rest,0
780.000,0.103322,-0.004973,-0.093979,0.048354,-0.124050,0.231762,0.258809,-0.088307,Rest,0
785.000,-0.056772,-0.124016,-0.037300,-0.197935,-0.089290,-0.138493,0.008067,0.003971,Rest,0
790.000,0.163103,0.018989,0.026311,0.041669,-0.037419,0.084620,0.068242,-0.065095,Rest,0
795.000,-0.103960,0.012119,-0.153183,0.020560,0.193096,-0.022303,-0.200405,-0.031465,Rest,0
800.000,-0.063684,-0.109426,0.044601,-0.017903,-0.054409,-0.034236,0.242744,-0.029847,Rest,0
805.000,0.007692,0.264643,0.180001,0.019921,0.071516,0.190899,0.027748,0.165220,Rest,0
810.000,0.173418,-0.251678,0.168247,-0.047268,-0.042977,-0.242453,-0.221499,-0.202701,Rest,0
815.000,0.058924,0.052868,0.062703,-0.212024,-0.080839,-0.112518,0.049533,0.095287,Rest,0
820.000,-0.246221,0.068806,-0.314552,0.304960,-0.028323,-0.061449,-0.231267,0.047635,Rest,0
825.000,-0.150909,0.203016,-0.241025,-0.055553,0.110461,0.189363,0.021148,-0.031664,Rest,0
830.000,0.097060,-0.250022,0.159949,0.086500,-0.188520,0.285148,0.039309,0.066049,Rest,0
835.000,0.126024,0.178100,0.258128,0.012712,0.093025,-0.151065,0.072924,0.077394,Rest,0
840.000,-0.038364,-0.135511,0.037190,-0.163084,0.262638,0.133419,0.114715,-0.145320,Rest,0
845.000,-0.076500,0.044144,-0.049361,-0.003313,-0.069053,-0.267256,0.078740,-0.036227,Rest,0
850.000,0.225727,-0.298096,-0.085895,0.120922,-0.259358,-0.013299,-0.053900,-0.000262,Rest,0
855.000,-0.064582,0.118020,-0.112681,0.030532,0.040997,0.039204,-0.063714,-0.046188,Rest,0
860.000,0.041083,0.177124,0.050050,0.065902,0.309351,0.020762,0.055283,0.139513,Rest,0
865.000,-0.169890,0.035928,-0.142289,0.078225,-0.190823,-0.007114,-0.131945,0.068899,Rest,0
870.000,-0.165977,0.207898,-0.017602,-0.520120,-0.067242,-0.036570,0.118128,-0.241064,Rest,0
875.000,0.129450,-0.258079,0.287820,0.148028,-0.096600,0.101008,0.118740,0.050619,Rest,0
880.000,0.392308,-0.054678,-0.134540,-0.063651,0.075082,-0.110824,-0.281844,0.044520,Rest,0
885.000,-0.001171,-0.123509,0.198521,0.171548,0.097561,0.183720,-0.043846,0.044390,Rest,0
890.000,-0.429310,0.108866,0.000711,0.203740,0.018795,-0.097132,0.206482,0.195259,Rest,0
895.000,-0.071910,-0.135615,-0.167465,-0.038107,-0.032433,-0.051746,-0.048159,-0.230422,Rest,0
900.000,0.215430,0.266573,0.124482,0.026280,0.040438,-0.082170,-0.078899,-0.215013,Rest,0
905.000,-0.147219,0.014299,-0.314485,-0.247374,-0.131687,0.178461,-0.198884,0.238764,Rest,0
910.000,0.021541,-0.081900,0.214327,-0.005162,0.135361,-0.108548,0.458907,0.256985,Rest,0
915.000,0.350293,-0.031853,-0.160725,0.052684,0.177731,-0.008157,-0.107805,-0.309537,Rest,0
920.000,-0.150596,-0.034825,-0.131670,-0.017114,-0.562767,0.080345,0.246423,0.116919,Rest,0
925.000,-0.000778,0.156523,0.370138,0.037212,0.118828,0.156400,-0.109400,-0.238540,Rest,0
930.000,-0.087343,-0.218932,-0.023242,-0.023619,0.182218,-0.352687,-0.309765,-0.007917,Rest,0
935.000,0.016535,-0.071668,0.075794,0.170786,0.100589,0.142878,-0.127386,0.266492,Rest,0
940.000,0.053982,0.137339,0.090746,-0.155212,0.108608,-0.102277,-0.204723,-0.056803,Rest,0
945.000,-0.192915,0.053784,-0.100982,0.232680,-0.134904,0.166449,0.560723,0.083726,Rest,0
950.000,0.004055,0.124938,-0.288061,-0.110897,0.082407,0.323464,-0.057874,0.216692,Rest,0
955.000,-0.150744,0.023014,0.088581,-0.097244,-0.321895,-0.385648,0.057939,-0.568260,Rest,0
960.000,0.307668,0.072536,0.037235,-0.021313,0.155137,-0.077314,-0.100809,0.052923,Rest,0
965.000,0.168412,-0.133748,-0.059825,-0.047391,-0.363738,-0.166159,0.317936,0.132941,Rest,0
970.000,-0.137205,-0.173650,-0.066577,-0.234573,0.569637,0.234970,-0.472934,0.186226,Rest,0
975.000,0.114268,-0.202699,0.081142,0.190761,0.032741,0.025804,-0.090865,-0.056838,Rest,0
980.000,-0.081800,0.227067,-0.168933,0.102175,-0.125976,0.041951,-0.009826,0.081438,Rest,0
985.000,0.088691,0.041548,0.241223,0.148015,-0.212610,0.050639,0.188644,-0.159069,Rest,0
990.000,-0.445365,-0.120424,0.267610,0.049809,-0.070016,0.085665,-0.079187,-0.220311,Rest,0
995.000,0.117313,0.021462,-0.023823,0.114204,0.377963,-0.210891,-0.078992,0.005267,Rest,0
1000.000,0.040942,0.225503,-0.030696,-0.188825,-0.125997,-0.035798,0.432383,0.107082,Rest,0
1005.000,0.043886,0.034236,-0.256774,-0.361011,0.085582,-0.033109,0.229819,0.037051,Rest,0
1010.000,0.236155,-0.255005,0.247519,0.258956,-0.112480,0.238341,-0.367858,0.258751,Rest,0
1015.000,-0.121419,0.203701,-0.496379,-0.420098,-0.283907,0.017539,-0.090901,-0.101950,Rest,0
1020.000,0.005378,0.059029,0.063425,0.232443,0.204535,-0.204656,-0.097059,0.082517,Rest,0
1025.000,-0.236602,-0.211333,-0.008925,0.549467,0.160876,0.023414,0.154135,0.093555,Rest,0
1030.000,-0.046296,0.063782,0.202287,-0.022344,-0.240402,-0.157132,-0.096119,-0.410440,Rest,0
1035.000,0.223296,-0.153708,0.107764,-0.264186,0.085671,0.073452,-0.200432,-0.027544,Rest,0
1040.000,0.172715,0.277592,0.100703,-0.250244,0.120074,0.078866,0.103782,0.029357,Rest,0
1045.000,-0.010207,0.046913,0.039720,0.032499,-0.081900,0.028011,-0.069037,-0.160424,Rest,0
1050.000,-0.213226,-0.435344,-0.080766,0.387443,0.130018,0.012329,0.229517,0.439855,Rest,0
1055.000,0.100771,0.136940,-0.308721,-0.341779,0.017791,0.356318,-0.093685,0.255113,Rest,0
1060.000,0.047904,-0.260481,-0.030779,-0.124550,-0.208890,-0.381073,0.050508,-0.301740,Rest,0
1065.000,0.119364,0.395082,-0.057117,-0.060178,0.233831,-0.208845,0.371336,0.104446,Rest,0
1070.000,-0.202846,0.338269,0.253289,0.237572,-0.241128,0.292926,0.048183,-0.390973,Rest,0
1075.000,-0.587931,-0.130911,0.355024,-0.052382,0.019907,-0.038713,-0.242133,-0.060555,Rest,0
1080.000,0.261494,0.065656,-0.146124,0.460292,-0.355803,-0.158589,-0.162910,0.115731,Rest,0
1085.000,0.155136,-0.047558,-0.180069,0.090527,0.417196,0.287870,-0.307058,0.274751,Rest,0
1090.000,0.390229,-0.686314,-0.090537,-0.560514,0.137771,-0.054441,-0.275414,-0.086088,Rest,0
1095.000,0.230839,-0.027205,-0.006291,-0.016001,0.102330,-0.324168,0.209296,0.064712,Rest,0
1100.000,-0.042305,0.425220,-0.001155,0.003305,-0.431594,0.416110,0.571719,-0.039691,Rest,0
1105.000,-0.518102,0.277835,-0.003887,0.038052,0.189818,-0.149944,0.275906,-0.246301,Rest,0
1110.000,-0.185142,-0.326618,-0.125036,0.213905,-0.222298,-0.298550,-0.177149,0.074134,Rest,0
1115.000,-0.061386,0.087197,0.307342,-0.306355,0.457364,0.378337,-0.436243,0.342476,Rest,0
1120.000,0.376964,0.372895,-0.356454,0.330182,-0.268678,-0.039427,-0.140105,-0.516424,Rest,0
1125.000,0.108935,-0.646146,0.592357,0.053799,0.270331,-0.286328,-0.064469,0.324450,Rest,0
1130.000,-0.064815,0.098680,-0.361277,-0.380434,-0.083360,0.322984,0.578651,0.022298,Rest,0
1135.000,0.023472,0.292787,0.132090,-0.261282,-0.025491,-0.238479,-0.217336,-0.017823,Rest,0
1140.000,-0.084344,0.078423,0.472367,0.311843,-0.488912,0.012179,0.155709,-0.018541,Rest,0
1145.000,-0.153293,0.078289,-0.415062,0.606724,-0.090042,0.019785,-0.003940,0.014835,Rest,0
1150.000,-0.066524,-0.209964,-0.448280,-0.668036,0.703555,0.276675,0.097375,0.282843,Rest,0
1155.000,0.684848,-0.463998,-0.178467,0.277231,-0.258125,0.027173,-0.428757,-0.634899,Rest,0
1160.000,-0.651542,0.388060,0.512217,-0.005982,-0.112443,-0.207153,-0.422349,-0.032092,Rest,0
1165.000,-0.107780,-0.009667,-0.294127,0.103321,-0.006840,-0.137213,0.651180,0.211399,Rest,0
1170.000,0.523217,0.186236,0.419878,-0.224776,0.329798,0.107890,0.025435,0.546755,Rest,0
1175.000,0.067002,-0.215305,-0.287901,-0.120117,-0.156921,0.074614,0.036078,-0.310435,Rest,0
1180.000,-0.797687,-0.155736,-0.027891,0.143469,0.063088,-0.241518,-0.012720,-0.216745,Rest,0
1185.000,0.062084,0.379777,0.348080,-0.017834,-0.164210,0.111660,-0.173862,0.040315,Rest,0
1190.000,0.507192,-0.060573,-0.266919,-0.185184,0.035392,0.345844,0.137702,-0.140424,Rest,0
1195.000,0.245642,-0.051879,-0.102897,-0.046528,0.029326,-0.377381,-0.381855,0.288028,Rest,0
1200.000,-0.321185,-0.426915,0.224702,0.116800,0.296904,0.225282,0.184942,0.327615,Rest,0
1205.000,-0.092006,0.468909,0.180608,0.378365,-0.488225,0.080848,0.356742,-0.269631,Rest,0
1210.000,0.373523,-0.089257,-0.269988,0.025154,-0.039893,-0.124369,-0.248051,-0.665633,Rest,0
1215.000,-0.263533,0.137798,0.177313,-0.304846,0.226537,-0.199794,-0.164418,0.350908,Rest,0
1220.000,-0.096722,-0.159905,-0.104007,0.297027,0.199347,-0.171958,0.369046,-0.006717,Rest,0
1225.000,-0.100996,0.128145,0.136209,-0.483651,-0.502283,0.179719,0.099372,0.054001,Rest,0
1230.000,0.032716,-0.067889,-0.237419,0.403254,0.317409,-0.079017,-0.439004,0.625071,Rest,0
1235.000,0.151978,-0.289470,-0.222563,-0.031917,-0.252650,0.464307,-0.302817,-0.003187,Rest,0
1240.000,0.225639,0.484233,0.115833,-0.187858,0.347826,-0.377991,0.480370,-0.381592,Rest,0
1245.000,-0.137708,-0.216895,0.109274,-0.445639,0.056655,0.378590,-0.060007,-0.452312,Rest,0
1250.000,-0.086493,-0.165040,0.158286,0.395190,0.289000,-0.434420,0.159907,-0.013340,Rest,0
1255.000,-0.073071,0.198158,-0.256067,0.311562,-0.568473,0.249472,0.046630,0.346568,Rest,0
1260.000,0.173697,-0.183021,0.065189,-0.386170,0.004543,0.092116,-0.333074,0.014629,Rest,0
1265.000,-0.350199,-0.077027,0.447531,0.146199,-0.164595,-0.133301,0.324241,-0.075329,Rest,0
1270.000,0.113543,0.301262,-0.259585,0.439933,0.102559,0.033527,-0.167695,-0.106614,Rest,0
1275.000,-0.033063,-0.205259,-0.326547,-0.224425,0.148713,-0.464335,0.015666,0.407621,Rest,0
1280.000,0.158875,0.323827,0.359412,-0.241192,0.107768,-0.070137,-0.040160,0.216967,Rest,0
1285.000,-0.047177,-0.217117,-0.002834,0.095116,-0.086679,0.467203,-0.043015,-0.578261,Rest,0
1290.000,0.263660,0.028350,-0.408775,-0.352592,-0.278834,0.441207,-0.005327,0.144928,Rest,0
1295.000,-0.058773,0.227805,0.273019,0.009420,0.335289,-0.024762,0.073388,-0.032832,Rest,0
1300.000,0.175138,-0.420885,0.197997,0.438395,0.160351,-0.384302,-0.345999,-0.070664,Rest,0
1305.000,-0.247651,-0.311098,-0.209459,-0.376245,0.007971,-0.311743,0.275537,0.034772,Rest,0
1310.000,-0.523043,0.898604,-0.016773,-0.093078,-0.020714,0.240898,-0.047045,-0.284580,Rest,0
1315.000,-0.061735,0.128127,-0.347395,0.586197,-0.151955,-0.163477,0.564322,0.034018,Rest,0
1320.000,0.166302,-0.851786,0.395391,0.055095,0.024121,0.287847,-0.192309,0.444517,Rest,0
1325.000,0.782909,-0.382580,0.111594,-0.142734,-0.575538,0.383486,-0.460423,0.400078,Rest,0
1330.000,-0.128134,0.572728,-0.092903,-0.251046,0.018936,-0.775411,0.235249,-0.382508,Rest,0
1335.000,-0.134273,0.341533,0.265788,0.566843,0.441703,-0.046279,0.057019,-0.252435,Rest,0
1340.000,-0.475121,0.024374,-0.089308,-0.539063,-0.047219,-0.008068,0.191212,-0.162729,Rest,0
1345.000,0.405622,-0.166796,-0.162880,-0.416170,0.596354,0.079602,-0.587271,0.565279,Rest,0
1350.000,0.033997,0.116499,-0.330131,0.357615,-0.741022,0.556119,-0.186400,-0.113480,Rest,0
1355.000,-0.464861,-0.041427,-0.223839,-0.001823,0.636732,0.119327,0.790421,-0.432173,Rest,0
1360.000,0.214567,-0.596393,0.247051,0.007253,0.011854,-0.136228,-0.076205,0.089462,Rest,0
1365.000,0.198117,0.439858,0.417437,0.297899,-0.562692,0.333216,-0.438208,-0.176770,Rest,0
1370.000,0.004105,0.250940,-0.020974,-0.301223,-0.290361,-0.535748,-0.109717,0.126382,Rest,0
1375.000,-0.161207,-0.434684,0.058481,0.300395,0.380020,-0.476763,0.478800,0.105996,Rest,0
1380.000,0.032228,-0.209734,0.051545,0.257685,-0.289716,-0.051658,-0.426059,0.286524,Rest,0
1385.000,-0.024757,0.280380,-0.215025,-0.500997,0.195491,0.043295,0.228087,0.415726,Rest,0
1390.000,0.080835,0.263426,-0.241629,-0.354132,-0.128624,0.566693,0.517821,-0.402854,Rest,0
1395.000,0.191133,-0.225244,0.153018,0.099410,0.802436,-0.161378,0.169040,-0.657374,Rest,0
1400.000,-0.726730,0.271352,0.214555,0.229383,-0.083025,0.198074,-0.658053,0.372622,Rest,0
1405.000,0.406975,0.101538,-0.106880,0.232180,-0.444921,-0.176412,-0.342325,-0.233772,Rest,0
1410.000,0.440488,0.028423,-0.098505,0.016250,0.077013,0.023346,0.263115,0.643039,Rest,0
1415.000,-0.177412,-0.389228,0.064194,0.167471,-0.229509,-0.161504,0.012597,-0.355538,Rest,0
1420.000,-0.134527,-0.155080,-0.256262,-0.565817,-0.031675,0.060775,-0.347087,0.078295,Rest,0
1425.000,-0.416001,-0.195927,0.251134,0.303033,0.215144,0.398655,0.057524,0.151270,Rest,0
1430.000,0.536664,0.105207,0.003042,-0.069635,-0.276064,0.075717,0.799114,-0.312950,Rest,0
1435.000,0.230342,0.538782,-0.270748,-0.113095,0.355828,-0.534402,-0.633224,-0.056208,Rest,0
1440.000,-0.712592,-0.433725,0.546687,-0.066709,-0.215551,0.099472,0.549237,-0.014411,Rest,0
1445.000,0.242021,0.540938,-0.242261,0.271173,-0.046977,-0.045384,-0.290300,0.166302,Rest,0
1450.000,0.043631,-0.049076,-0.354680,0.201034,0.737984,-0.393620,0.078027,-0.040589,Rest,0
1455.000,-0.099126,-0.230107,0.350272,-0.470140,-0.488565,0.327314,-0.006134,0.161605,Rest,0
1460.000,0.100098,-0.554598,0.095103,-0.266620,-0.333769,0.511235,-0.285997,0.292084,Rest,0
1465.000,0.061227,0.605736,0.225860,0.350083,-0.318693,-0.130953,0.074358,-0.353802,Rest,0
1470.000,0.485313,-0.125188,-0.242714,0.406320,0.429892,-0.398017,0.216545,-0.401200,Rest,0
1475.000,-0.432040,0.165072,-0.216622,-0.603413,0.284076,0.095567,0.124482,0.237035,Rest,0
1480.000,0.010925,-0.025287,0.046900,0.566470,0.158873,0.267186,-0.438596,0.293325,Rest,0
1485.000,-0.314501,-0.335138,-0.107158,-0.029209,-0.200361,-0.246520,-0.044760,0.004831,Rest,0
1490.000,-0.183606,0.015727,-0.060987,-0.010455,-0.026156,-0.179988,0.143766,-0.310699,Rest,0
1495.000,0.340654,0.527297,0.092964,-0.377041,-0.195705,-0.080908,-0.170767,-0.062071,Rest,0
1500.000,-0.045027,-0.223370,0.107028,-0.017515,-0.153434,0.247837,0.386614,0.079734,Rest,0
1505.000,0.120915,-0.535632,-0.347621,0.125097,0.189281,0.303540,0.152827,0.054738,Rest,0
1510.000,0.007019,0.678120,0.467476,-0.011932,0.443884,0.041434,0.068650,0.005102,Rest,0
1515.000,0.097918,-0.040350,0.038168,-0.755419,-0.563717,-0.152903,-0.655217,0.465816,Rest,0
1520.000,0.034690,-0.437584,0.290465,0.766325,0.153581,-0.151106,-0.227250,-0.260281,Rest,0
1525.000,0.200448,-0.089358,0.063118,0.519704,-0.017426,-0.068591,0.642147,-0.386834,Rest,0
1530.000,-0.375255,0.472855,-0.364872,-0.380413,0.124935,-0.056893,0.037153,-0.091980,Rest,0
1535.000,0.072898,0.006249,-0.144896,0.328829,-0.032239,0.037133,-0.141868,0.495630,Rest,0
1540.000,-0.035365,0.104000,-0.591840,-0.025342,0.151591,0.173050,-0.075694,0.203781,Rest,0
1545.000,-0.066626,-0.456748,0.066256,-0.709620,-0.200573,-0.367520,0.350431,-0.669910,Rest,0
1550.000,0.061497,-0.259578,0.348203,-0.020825,-0.573462,0.039194,-0.357742,0.158335,Rest,0
1555.000,-0.115084,0.219670,0.244065,0.015407,0.610524,0.792366,0.075473,0.116123,Rest,0
1560.000,-0.036019,0.283400,0.109376,0.022166,-0.099135,-0.135287,0.094696,-0.058584,Rest,0
1565.000,-0.535908,0.229515,0.356183,0.733153,0.116536,-0.740856,0.100127,0.409250,Rest,0
1570.000,0.757208,-0.064517,-0.527680,-0.524174,0.255988,0.288245,-0.416882,-0.320139,Rest,0
1575.000,0.076272,-0.304022,0.142498,0.130960,-0.211248,0.308395,-0.273732,0.096943,Rest,0
1580.000,0.252930,-0.130520,-0.116901,-0.399406,0.094077,-0.212980,0.300818,-0.184972,Rest,0
1585.000,0.288903,0.263802,-0.400817,0.716450,-0.369372,-0.254003,0.405933,0.032506,Rest,0
1590.000,-0.504334,0.190096,0.407960,-0.127300,-0.101972,0.395971,0.156806,-0.330123,Rest,0
1595.000,-0.645925,0.135757,0.077804,-0.535875,0.228593,-0.496092,0.039063,0.649938,Rest,0
1600.000,-0.065112,-0.680993,-0.216038,0.255168,0.046544,0.027286,-0.358486,-0.076734,Rest,0
1605.000,0.437621,-0.033552,-0.089278,-0.378145,0.411993,0.472714,-0.235462,-0.155247,Rest,0
1610.000,-0.001166,0.299153,0.099463,0.672824,-0.285640,0.025835,0.040122,-0.552234,Rest,0
1615.000,0.195831,0.028219,0.272892,-0.171743,-0.044143,-0.026031,-0.049434,0.413454,Rest,0
1620.000,0.277698,0.239605,0.220158,-0.120906,-0.104627,-0.149981,0.431970,0.368703,Rest,0
1625.000,-0.021576,-0.556062,-0.374087,0.045853,-0.722021,-0.178935,-0.304499,-0.429364,Rest,0
1630.000,-0.385549,0.274457,0.047532,-0.071889,0.354316,-0.066653,-0.207224,0.284387,Rest,0
1635.000,-0.709972,0.334005,-0.273437,0.323866,0.336804,0.060644,-0.050840,-0.024551,Rest,0
1640.000,0.623133,-0.367386,0.074897,-0.222725,0.272158,0.073161,0.261628,0.297485,Rest,0
1645.000,0.344628,0.326012,0.269244,-0.061462,0.326556,0.261684,0.310386,-0.241425,Rest,0
1650.000,-0.096517,-0.028856,0.218395,-0.210034,-0.277283,-0.083489,0.103700,-0.905787,Rest,0
1655.000,0.236611,-0.066605,-0.747029,0.101937,-0.065648,0.158166,-0.424561,0.757263,Rest,0
1660.000,-0.950000,0.029649,0.225714,-0.053109,-0.091462,-0.273811,0.111029,-0.214093,Rest,0
1665.000,0.375412,-0.534605,0.186532,0.505794,-0.265717,-0.114209,-0.287698,0.142122,Rest,0
1670.000,0.503567,-0.229037,-0.223001,-0.601506,0.144300,-0.221638,0.415247,0.478941,Rest,0
1675.000,-0.372362,0.395546,0.341994,0.319217,-0.227790,0.394094,0.261313,-0.730184,Rest,0
1680.000,0.458020,0.463975,-0.143074,0.356536,0.410098,0.065569,-0.551967,0.584116,Rest,0
1685.000,-0.202267,-0.368441,0.160233,-0.805309,-0.416450,0.064470,0.287309,-0.260188,Rest,0
1690.000,-0.346410,0.028872,0.032121,0.734141,-0.280287,0.217880,-0.647655,0.221994,Rest,0
1695.000,-0.166665,0.412214,-0.204289,-0.357953,0.375783,-0.657883,0.201296,-0.288253,Rest,0
1700.000,0.131762,-0.170536,-0.052959,-0.114283,0.478888,-0.068513,0.260345,0.174949,Rest,0
1705.000,0.396207,-0.052486,-0.032723,-0.167211,0.294442,0.413150,0.047489,-0.375285,Rest,0
1710.000,-0.371353,-0.182805,-0.127962,0.115802,-0.790503,-0.266079,0.155216,-0.001817,Rest,0
1715.000,0.194405,-0.058427,0.254371,0.247628,-0.076719,0.535165,-0.027399,0.325971,Rest,0
1720.000,-0.067252,-0.187453,0.124060,0.240685,0.108838,-0.588768,0.120849,0.019371,Rest,0
1725.000,0.008838,0.162784,0.414695,0.151707,0.263107,0.085333,-0.131006,-0.090871,Rest,0
1730.000,0.082118,0.319268,-0.757313,-0.462596,0.173194,0.052591,-0.406908,-0.176631,Rest,0
1735.000,0.220304,-0.297600,-0.030180,-0.379627,0.091530,0.161671,0.031101,-0.044770,Rest,0
1740.000,-0.120882,0.176248,-0.179532,0.405433,-0.753757,0.327155,-0.054599,0.398355,Rest,0
1745.000,0.088774,0.352431,0.448588,0.129300,-0.189307,-0.083568,0.323938,0.037572,Rest,0
1750.000,-0.664387,-0.139899,-0.075661,-0.188013,0.277418,-0.237843,0.029431,0.239295,Rest,0
1755.000,0.233176,-0.558644,0.198812,-0.010453,0.941102,-0.142378,0.189479,-0.232003,Rest,0
1760.000,0.421981,0.298102,0.303560,-0.210478,-0.245631,-0.227345,0.318912,-0.510410,Rest,0
1765.000,-0.409708,0.071784,-0.088510,0.032327,-0.190333,-0.133374,-0.912806,0.137933,Rest,0
1770.000,-0.076375,-0.542687,-0.069361,0.239648,-0.947766,0.869631,-0.345787,0.039656,Rest,0
1775.000,0.000000,0.000000,0.000000,0.000000,-0.000000,0.000000,0.000000,0.000000,Point,5
1780.000,-0.000005,-0.000002,-0.000013,-0.000001,0.000000,-0.000001,-0.000000,-0.000001,Point,5
1785.000,0.000044,-0.000002,0.000063,-0.000012,0.000002,-0.000001,0.000001,0.000003,Point,5
1790.000,-0.000063,0.000006,-0.000036,-0.000013,-0.000006,0.000000,-0.000006,-0.000003,Point,5
1795.000,-0.000086,0.000008,-0.000098,0.000069,0.000011,-0.000001,0.000003,-0.000001,Point,5
1800.000,0.000072,0.000024,-0.000002,0.000055,-0.000007,0.000038,0.000015,0.000014,Point,5
1805.000,-0.000105,-0.000035,0.000219,-0.000102,-0.000023,-0.000036,0.000007,0.000001,Point,5
1810.000,0.000252,0.000041,0.000129,-0.000307,0.000021,-0.000025,-0.000059,0.000025,Point,5
1815.000,0.000681,-0.000077,-0.000353,0.000520,0.000015,0.000057,0.000023,-0.000065,Point,5
1820.000,-0.000344,-0.000020,0.000384,-0.000229,-0.000046,-0.000069,0.000133,-0.000045,Point,5
1825.000,0.000653,-0.000024,0.000144,-0.000097,-0.000039,0.000001,-0.000038,-0.000086,Point,5
1830.000,-0.002564,0.000120,0.000264,0.000357,0.000171,0.000085,-0.000105,0.000098,Point,5
1835.000,-0.001937,0.000041,-0.003751,-0.000366,-0.000050,0.000000,-0.000158,0.000172,Point,5
1840.000,0.004316,-0.000077,0.001210,-0.000082,-0.000109,0.000001,0.000182,-0.000027,Point,5
1845.000,0.000518,0.000031,0.000480,0.001268,0.000024,0.000082,0.000000,0.000020,Point,5
1850.000,-0.000607,0.000274,0.004573,0.003126,0.000123,-0.000271,-0.000054,0.000050,Point,5
1855.000,-0.001908,-0.000400,-0.001841,-0.007435,-0.000002,-0.000408,0.000052,-0.000182,Point,5
1860.000,-0.000939,-0.000456,-0.000370,-0.000555,-0.000197,0.000615,0.000245,-0.000028,Point,5
1865.000,0.001124,0.000457,0.002262,0.001526,-0.000031,0.000242,-0.000059,0.000167,Point,5
1870.000,0.004408,0.000215,-0.004010,0.002085,0.000337,-0.000076,-0.000294,-0.000399,Point,5
1875.000,-0.003642,0.000326,-0.000824,0.006917,-0.000008,-0.000029,-0.000313,0.000165,Point,5
1880.000,0.006693,-0.000310,-0.002240,-0.006419,0.000016,-0.000275,0.000238,0.000040,Point,5
1885.000,-0.008845,-0.000086,0.006292,-0.002002,0.000038,-0.000062,0.000316,-0.000421,Point,5
1890.000,0.001383,-0.000605,0.005372,-0.001003,-0.000438,0.000078,0.000085,0.000499,Point,5
1895.000,0.002093,0.000422,-0.010494,0.003466,-0.000244,-0.000216,-0.000009,0.000484,Point,5
1900.000,-0.002195,-0.000140,-0.001008,0.000867,-0.000242,-0.000111,-0.000237,0.000145,Point,5
1905.000,0.001755,0.000304,-0.008555,0.005985,0.000394,0.001479,0.000529,0.000011,Point,5
1910.000,-0.002351,0.000221,0.008017,0.006916,0.000910,-0.001399,-0.000679,-0.000197,Point,5
1915.000,-0.000858,-0.000032,0.005276,-0.027340,-0.000166,-0.000276,-0.000249,-0.000466,Point,5
1920.000,-0.001544,0.000834,0.005277,-0.010171,-0.000638,0.000086,0.000750,-0.000899,Point,5
1925.000,0.001289,-0.000620,0.010356,0.020729,0.000102,0.000704,0.000268,-0.000473,Point,5
1930.000,-0.003137,-0.000792,-0.012853,0.003033,0.001053,0.000432,-0.001052,0.000046,Point,5
1935.000,0.004783,-0.000762,-0.011589,0.010386,-0.001541,-0.000417,-0.000856,0.001967,Point,5
1940.000,0.006781,0.000288,-0.002909,-0.005032,-0.000630,0.001094,0.001183,0.000928,Point,5
1945.000,-0.000494,-0.000470,0.010905,-0.012280,0.000939,-0.001498,0.001149,-0.000554,Point,5
1950.000,-0.003430,0.001922,0.011280,0.010820,0.000741,-0.000273,-0.001778,0.000498,Point,5
1955.000,0.001133,0.000813,0.011382,0.001524,0.000153,-0.001793,0.000403,-0.001857,Point,5
1960.000,-0.002736,-0.000769,-0.028005,-0.005219,-0.000168,0.002979,0.003793,-0.001222,Point,5
1965.000,0.008478,-0.000030,-0.032666,-0.011864,-0.000895,-0.001170,-0.003235,-0.000938,Point,5
1970.000,-0.006625,-0.002039,0.027633,0.011019,0.000208,0.001294,-0.002192,0.001526,Point,5
1975.000,-0.010112,0.000503,0.021214,-0.009737,0.001235,0.000386,0.000473,0.002117,Point,5
1980.000,0.000403,0.001017,-0.031541,0.022890,-0.000581,-0.002049,0.001523,0.000068,Point,5
1985.000,0.000957,0.001992,0.031669,-0.019136,-0.000634,-0.000364,0.000636,0.001004,Point,5
1990.000,0.021634,-0.001028,0.015720,0.010283,-0.000368,0.000492,0.001006,-0.000929,Point,5
1995.000,-0.007003,-0.002595,-0.005963,0.018612,0.000487,0.001509,-0.002382,-0.002466,Point,5
2000.000,-0.023490,-0.000255,-0.042765,-0.022185,0.000184,-0.000402,-0.001152,0.001435,Point,5
2005.000,0.021858,0.001772,0.025721,-0.006791,-0.000784,0.000914,0.002041,-0.000845,Point,5
2010.000,-0.016168,0.000538,-0.028402,-0.017337,-0.000153,-0.003126,-0.000409,-0.002500,Point,5
2015.000,-0.005253,-0.000416,0.028520,0.020568,0.000223,0.004324,0.000042,0.003297,Point,5
2020.000,0.034015,-0.000469,0.031841,-0.000075,0.001007,-0.002071,0.000492,0.001377,Point,5
2025.000,-0.010816,0.001498,-0.035615,-0.005245,0.001044,-0.001606,0.000905,0.000458,Point,5
2030.000,-0.014740,0.000419,-0.018633,0.009779,-0.000888,-0.000323,0.001212,-0.002622,Point,5
2035.000,0.015393,-0.002121,0.014757,0.004730,0.000094,0.001591,-0.001183,0.000406,Point,5
2040.000,0.000914,-0.000018,0.008309,-0.018319,-0.001798,-0.001053,0.000131,-0.000482,Point,5
2045.000,-0.014077,0.001765,-0.009435,-0.000985,0.000037,-0.001385,-0.003107,-0.002175,Point,5
2050.000,-0.033569,-0.004308,-0.004618,0.042623,0.000202,0.005196,-0.003809,0.001808,Point,5
2055.000,0.048459,0.001677,-0.005097,0.010934,0.002843,0.000548,0.005524,0.005010,Point,5
2060.000,-0.010430,0.003368,0.010563,-0.021741,-0.003165,-0.003446,0.002492,0.000101,Point,5
2065.000,0.037010,-0.002494,-0.008057,-0.050437,0.000717,-0.002573,-0.000494,-0.004777,Point,5
2070.000,-0.040695,-0.000317,0.019507,-0.014982,0.002015,0.001849,0.000961,0.000228,Point,5
2075.000,-0.052732,0.003184,-0.001590,0.061506,0.000681,-0.000886,-0.004915,-0.001761,Point,5
2080.000,0.068974,-0.002209,-0.000832,-0.011592,-0.003210,0.000915,-0.000536,-0.000665,Point,5
2085.000,0.045171,0.000500,0.006551,-0.027254,0.000767,0.002770,0.000774,-0.001077,Point,5
2090.000,-0.034354,-0.000411,0.029196,0.046174,0.000482,0.001633,-0.001108,0.006837,Point,5
2095.000,-0.033801,-0.003364,-0.012447,-0.020049,-0.003857,-0.002974,0.002671,0.000096,Point,5
2100.000,-0.068013,0.003737,0.001887,-0.006104,0.004985,-0.003516,0.001234,-0.003809,Point,5
2105.000,0.051000,-0.000468,-0.076958,0.080039,0.001756,0.005215,0.002110,0.000988,Point,5
2110.000,0.022131,0.002261,0.006662,-0.047381,-0.001996,-0.004829,-0.000973,0.001556,Point,5
2115.000,0.024647,-0.004422,0.013805,-0.103641,0.001564,-0.000959,0.000566,-0.002193,Point,5
2120.000,0.007621,0.001718,-0.023750,-0.007076,-0.007547,0.000347,-0.005628,0.002979,Point,5
2125.000,-0.009302,0.000776,0.048961,0.082920,0.000096,0.001831,0.005710,-0.001529,Point,5
2130.000,0.026285,0.001856,0.011491,0.041446,0.000822,0.000359,-0.003864,-0.001622,Point,5
2135.000,-0.010875,-0.004127,0.046317,-0.036058,0.007123,0.008510,-0.002182,0.000503,Point,5
2140.000,-0.009120,0.003748,-0.017175,-0.044385,0.004235,-0.000272,0.000742,-0.003242,Point,5
2145.000,-0.082584,-0.000335,-0.089213,0.107858,-0.005090,-0.008478,0.002523,0.002952,Point,5
2150.000,-0.019980,-0.006924,0.056073,-0.089540,0.002366,-0.000870,-0.001815,-0.000610,Point,5
2155.000,0.033089,0.007973,0.052262,0.032059,-0.006517,-0.000624,0.004763,0.008226,Point,5
2160.000,0.067194,0.002570,-0.074378,-0.067235,-0.003927,-0.003101,-0.001632,-0.006517,Point,5
2165.000,0.030332,-0.006763,-0.015400,0.055634,-0.002123,0.002191,-0.001119,-0.004597,Point,5
2170.000,0.026971,-0.001956,0.026296,-0.001503,0.008382,0.005719,-0.001385,-0.002792,Point,5
2175.000,-0.084660,-0.002311,-0.057035,0.015547,-0.000897,0.005579,0.003995,0.006917,Point,5
2180.000,-0.055426,-0.002061,0.086873,0.093945,-0.000394,-0.001503,0.002541,0.002174,Point,5
2185.000,-0.070128,0.007188,-0.038310,-0.093393,-0.000111,-0.017762,-0.007556,-0.004055,Point,5
2190.000,0.134065,0.011913,0.030978,-0.050352,0.006819,0.006895,0.006080,0.002189,Point,5
2195.000,0.143204,-0.001585,0.084594,-0.042636,0.003801,0.007066,-0.007198,-0.000833,Point,5
2200.000,-0.062089,-0.007347,-0.076581,0.052970,-0.001218,0.003293,-0.003617,0.008151,Point,5
2205.000,-0.115297,-0.000310,-0.073905,0.034019,-0.014372,-0.006815,0.001704,0.003604,Point,5
2210.000,0.072422,-0.002453,0.010186,0.038324,-0.007653,0.010313,0.004274,-0.016498,Point,5
2215.000,-0.068936,-0.008530,0.001281,-0.159390,0.004724,-0.010186,-0.002986,-0.008747,Point,5
2220.000,-0.068071,0.002619,0.007420,0.100381,0.011574,-0.005158,-0.003663,0.011685,Point,5
2225.000,-0.003694,0.012008,0.060320,0.115684,-0.001394,-0.002723,0.017756,0.003456,Point,5
2230.000,0.079536,-0.010211,-0.058238,-0.042619,0.005925,0.006932,0.005626,-0.000945,Point,5
2235.000,0.062301,0.006281,0.044067,-0.022227,0.003434,0.002332,-0.006545,0.008761,Point,5
2240.000,0.070375,-0.002216,0.005888,-0.062021,-0.011616,-0.000387,-0.009222,-0.006587,Point,5
2245.000,-0.079721,0.001551,-0.058314,-0.051699,-0.003533,0.007616,-0.001902,-0.004890,Point,5
2250.000,-0.045334,0.004541,0.054005,0.000868,-0.001200,-0.011234,-0.007416,-0.003226,Point,5
2255.000,0.013306,-0.006459,0.125513,0.057825,0.003819,0.012482,0.000669,0.006094,Point,5
2260.000,-0.110292,0.000316,-0.110620,0.096179,-0.004977,-0.007010,-0.001270,-0.001353,Point,5
2265.000,0.116112,-0.009581,-0.173365,-0.095605,0.016015,-0.002665,0.004603,-0.001834,Point,5
2270.000,0.008611,0.013264,0.021235,0.003752,-0.010013,-0.008990,0.020328,0.005014,Point,5
2275.000,-0.087963,-0.003534,0.142840,0.045630,0.001917,0.000005,-0.007530,0.003601,Point,5
2280.000,0.079885,0.003441,0.128925,0.034982,-0.010315,0.010112,-0.008075,-0.004545,Point,5
2285.000,0.112276,0.003312,-0.152054,-0.112279,0.015695,0.007625,-0.001605,-0.008230,Point,5
2290.000,0.048232,-0.004507,0.002836,0.005641,0.007373,0.002399,0.001577,0.011443,Point,5
2295.000,-0.113002,-0.001088,-0.056431,0.063920,-0.018995,-0.011139,0.000335,-0.014075,Point,5
2300.000,-0.122969,-0.009401,-0.029088,-0.114574,0.002773,-0.002484,-0.000711,0.009707,Point,5
2305.000,0.036857,0.002418,-0.021769,0.043868,-0.003613,-0.003402,-0.000651,0.007736,Point,5
2310.000,-0.182478,0.013392,0.158384,0.033968,0.000232,0.010799,0.008546,-0.002943,Point,5
2315.000,0.097185,0.000078,0.030587,0.069306,0.005532,-0.003056,-0.004185,0.001145,Point,5
2320.000,0.150684,-0.004155,-0.022516,0.058370,0.002077,-0.002022,0.003196,-0.007567,Point,5
2325.000,-0.017279,-0.006452,-0.054531,-0.064627,-0.002392,0.008219,-0.009138,-0.009900,Point,5
2330.000,0.079364,-0.011839,-0.046989,-0.083436,0.014835,-0.010228,-0.005977,0.003626,Point,5
2335.000,-0.082002,0.020590,0.101157,-0.078649,-0.009405,-0.000489,-0.002094,0.007694,Point,5
2340.000,0.134100,-0.004464,-0.131167,0.026847,-0.012296,-0.005295,0.007571,-0.009710,Point,5
2345.000,-0.128931,0.002819,0.097410,0.271759,-0.004566,0.002491,0.010469,0.026144,Point,5
2350.000,0.013239,-0.004681,-0.097680,-0.185138,0.010191,0.009207,0.001103,-0.016243,Point,5
2355.000,-0.098146,0.009115,0.039447,-0.129582,0.008410,-0.009007,-0.005938,0.002777,Point,5
2360.000,-0.063002,-0.012774,0.129053,0.192851,-0.005298,0.023549,0.001304,0.004498,Point,5
2365.000,0.070633,-0.003690,-0.013209,-0.082997,0.000475,-0.010647,-0.005728,-0.010845,Point,5
2370.000,-0.040230,0.012271,-0.247809,-0.009864,0.006237,-0.004687,-0.000257,-0.000979,Point,5
2375.000,0.141856,-0.009468,0.145232,-0.031160,-0.014397,-0.009813,-0.002394,0.001949,Point,5
2380.000,0.005164,0.013827,-0.047963,0.011950,0.007511,-0.000640,-0.007262,-0.004272,Point,5
2385.000,0.111569,0.003353,0.027288,0.073849,-0.010285,0.005372,0.023035,0.003783,Point,5
2390.000,-0.193553,-0.016505,0.217704,-0.048089,0.003749,0.010135,0.004356,0.011844,Point,5
2395.000,0.078912,-0.003399,-0.191488,0.117077,0.001252,-0.000235,-0.007902,-0.010348,Point,5
2400.000,-0.093063,-0.008893,0.104830,0.043134,0.016271,-0.012594,-0.010157,0.014565,Point,5
2405.000,0.201895,0.018786,-0.056041,-0.006588,-0.008662,0.010902,-0.008430,-0.009303,Point,5
2410.000,-0.237264,0.015838,-0.139144,-0.227016,-0.001111,-0.010378,-0.000367,-0.008768,Point,5
2415.000,0.024946,-0.015806,0.109888,-0.281835,0.000717,0.000947,0.015552,-0.004560,Point,5
2420.000,-0.067868,0.014665,-0.050028,0.343115,-0.013909,-0.016017,0.003565,0.006222,Point,5
2425.000,0.024127,-0.023121,-0.058895,0.330537,0.010316,0.019083,-0.009786,-0.011169,Point,5
2430.000,0.055248,-0.001190,0.101985,-0.209173,0.011149,0.007925,0.010389,0.019448,Point,5
2435.000,0.086079,-0.002749,0.057157,-0.310146,-0.006635,0.016297,-0.013766,-0.000400,Point,5
2440.000,0.185647,-0.001682,-0.174109,0.178408,-0.020206,-0.010677,-0.000348,0.003647,Point,5
2445.000,-0.039854,0.012040,0.185227,-0.034687,0.017200,-0.021996,0.020893,0.000145,Point,5
2450.000,-0.155837,0.024660,0.124396,0.028867,-0.002599,0.004681,-0.010170,-0.001275,Point,5
2455.000,-0.127807,-0.026935,-0.046518,0.178435,0.025616,-0.004344,-0.016258,-0.023531,Point,5
2460.000,0.008126,0.002615,-0.259946,0.065295,-0.031473,0.010138,0.005080,0.005799,Point,5
2465.000,-0.030279,0.006853,-0.200361,-0.243386,-0.015690,-0.003626,0.005330,0.020578,Point,5
2470.000,0.028462,0.005617,0.239617,0.017448,0.024249,0.010109,-0.015395,-0.004171,Point,5
2475.000,0.122628,-0.012845,0.198713,0.140503,-0.015673,0.003892,0.022807,-0.001817,Point,5
2480.000,-0.035998,-0.025697,-0.035691,-0.104800,0.021459,-0.006855,0.018715,0.003129,Point,5
2485.000,-0.142748,0.022693,-0.021748,-0.003038,0.024376,-0.009819,-0.012257,-0.025315,Point,5
2490.000,0.244817,-0.010670,-0.099863,-0.185401,-0.028458,-0.023057,-0.005074,0.003494,Point,5
2495.000,0.193771,0.021001,-0.045681,0.167170,-0.020734,0.024877,-0.007347,0.031593,Point,5
2500.000,-0.053408,-0.009949,-0.004236,-0.076923,0.013667,-0.009710,-0.017445,-0.008053,Point,5
2505.000,-0.458207,0.018003,-0.031105,0.210600,0.022872,0.017458,-0.008979,-0.018538,Point,5
2510.000,0.235194,-0.005351,0.318491,-0.203188,-0.015981,0.019029,0.025915,0.000090,Point,5
2515.000,-0.164675,-0.017463,0.016418,-0.065749,-0.017729,-0.019175,0.003083,0.007542,Point,5
2520.000,0.203378,0.014045,-0.132679,0.402995,0.003368,0.008262,0.004839,0.004382,Point,5
2525.000,-0.347990,-0.001318,-0.275654,-0.039077,0.011198,-0.006106,-0.000769,0.015673,Point,5
2530.000,0.240223,-0.005782,0.130220,-0.176595,0.011726,-0.006571,0.015660,-0.013968,Point,5
2535.000,0.158849,-0.000381,0.216760,-0.239565,0.006461,-0.007667,-0.042572,0.000448,Point,5
2540.000,-0.074853,-0.005079,-0.336033,0.076572,-0.014902,0.001423,0.006550,-0.010885,Point,5
2545.000,0.294320,0.003374,-0.027916,-0.134273,-0.015159,0.005837,0.024464,-0.015498,Point,5
2550.000,-0.179893,0.006964,0.147555,0.313037,-0.015024,-0.000109,-0.014230,0.020538,Point,5
2555.000,-0.130833,-0.012670,0.261388,-0.010187,0.013379,-0.005035,0.021056,-0.012592,Point,5
2560.000,0.057727,0.004776,-0.305034,0.109610,0.034590,-0.015533,-0.013033,0.032942,Point,5
2565.000,-0.400001,0.004978,0.064139,0.127267,-0.011046,0.023776,-0.012550,0.004312,Point,5
2570.000,-0.000489,0.011120,0.085452,-0.220941,0.002420,-0.005044,-0.008999,-0.008590,Point,5
2575.000,0.270043,0.003502,-0.038291,-0.057552,0.003583,0.025487,0.012656,-0.032476,Point,5
2580.000,0.208364,-0.016647,0.195166,-0.156647,-0.026711,-0.002881,0.003533,0.013559,Point,5
2585.000,-0.075282,-0.015002,-0.027902,0.058977,-0.000483,0.000646,0.008102,0.010275,Point,5
2590.000,-0.065990,0.023578,-0.013255,0.067351,0.011642,-0.043526,-0.003475,-0.016933,Point,5
2595.000,0.238088,-0.027494,-0.460001,0.084718,0.008212,-0.008579,0.004919,-0.000145,Point,5
2600.000,-0.184254,0.001788,-0.042696,-0.030926,-0.002594,0.020412,-0.002026,-0.000843,Point,5
2605.000,-0.293588,0.019855,0.369521,-0.103147,-0.011525,0.013413,-0.021604,0.003155,Point,5
2610.000,0.087326,-0.005682,-0.118500,-0.082589,-0.010881,0.018305,0.000517,0.013386,Point,5
2615.000,0.461664,0.017128,-0.111748,0.028562,-0.000095,-0.016908,0.010446,0.015056,Point,5
2620.000,-0.225077,0.005986,0.221326,0.183222,0.009177,0.012913,0.028040,-0.030070,Point,5
2625.000,-0.242405,0.006105,0.347659,0.017476,0.021262,-0.030400,-0.003348,0.028834,Point,5
2630.000,0.015369,-0.020373,0.085196,0.198962,0.012760,0.016460,-0.023043,-0.006420,Point,5
2635.000,0.131165,-0.012550,-0.333915,-0.236197,-0.008924,-0.005997,-0.019476,0.000026,Point,5
2640.000,0.059647,0.004663,-0.490562,-0.027116,-0.037351,-0.006069,0.022935,-0.017493,Point,5
2645.000,-0.166021,-0.008016,0.065282,-0.111993,0.011698,-0.000479,-0.006864,-0.010431,Point,5
2650.000,0.022900,-0.011755,0.275956,0.010062,0.029893,0.033661,-0.008589,-0.017920,Point,5
2655.000,0.302720,0.003846,-0.118228,0.176338,-0.021263,-0.034563,0.029914,0.066411,Point,5
2660.000,-0.133650,0.032779,0.102933,0.273425,-0.024116,0.001879,-0.031720,-0.019156,Point,5
2665.000,0.037813,0.003802,0.203639,-0.475825,0.038839,0.006038,0.019557,-0.027397,Point,5
2670.000,-0.319969,-0.032713,0.252438,-0.097961,-0.019071,0.021399,0.006548,-0.001754,Point,5
2675.000,0.192354,0.018701,-0.584478,0.462579,-0.012770,-0.002615,0.030352,0.026894,Point,5
2680.000,0.119894,0.013014,0.272719,-0.387825,0.017241,-0.040241,-0.049835,-0.015336,Point,5
2685.000,-0.141115,-0.000025,-0.410125,-0.008060,-0.012594,0.023793,-0.004586,0.000376,Point,5
2690.000,-0.096476,-0.010867,0.268394,0.139125,0.014241,-0.002457,-0.000301,0.006443,Point,5
2695.000,0.012878,-0.020105,0.012637,-0.016971,0.027331,-0.000443,-0.009966,-0.012474,Point,5
2700.000,0.010315,-0.000523,0.022087,-0.213667,-0.009429,0.012083,0.005501,0.006096,Point,5
2705.000,0.197427,0.000748,0.296095,0.265196,-0.033779,0.001442,0.035375,0.014751,Point,5
2710.000,0.207711,-0.000088,0.084259,0.056419,0.003626,-0.014288,-0.006702,-0.007849,Point,5
2715.000,-0.266791,0.019283,-0.627639,0.479884,-0.023504,0.000130,0.019504,0.002708,Point,5
2720.000,-0.211918,0.011442,0.095403,-0.562684,0.048053,0.001565,-0.006238,-0.000527,Point,5
2725.000,0.106963,-0.001248,-0.042271,-0.300143,-0.017313,0.003935,-0.065855,-0.001032,Point,5
2730.000,0.149756,-0.026539,0.145467,0.305740,0.014245,-0.006202,0.048347,-0.018448,Point,5
2735.000,-0.049829,0.016794,0.003933,-0.143795,-0.014716,-0.001565,0.010438,0.021702,Point,5
2740.000,0.039273,0.010811,-0.022334,0.590814,-0.005568,0.025531,-0.008187,-0.015546,Point,5
2745.000,-0.015659,-0.016147,0.430864,-0.105346,0.041495,-0.027463,-0.012183,0.000986,Point,5
2750.000,-0.076454,-0.005856,-0.278441,-0.671939,-0.020871,0.003181,-0.011348,0.013608,Point,5
2755.000,0.029547,0.002417,0.158192,-0.303736,-0.026716,0.008718,-0.014389,-0.002782,Point,5
2760.000,-0.138230,-0.016075,-0.452209,0.271742,0.024744,0.009550,0.042246,-0.018347,Point,5
2765.000,-0.198501,-0.003647,-0.215006,0.595342,0.015675,-0.021868,-0.000529,0.024106,Point,5
2770.000,0.152078,0.035876,0.477780,0.261516,-0.036237,-0.016807,-0.000373,0.003476,Point,5
2775.000,0.391982,0.017040,0.084363,-0.270724,-0.032759,0.028459,0.001948,-0.009534,Point,5
2780.000,0.020370,-0.001174,-0.108855,-0.001105,0.008989,0.009544,-0.024533,-0.003541,Point,5
2785.000,-0.115598,-0.036711,0.115967,-0.218940,0.039302,-0.003637,-0.002750,-0.026334,Point,5
2790.000,0.008881,-0.039427,-0.401421,-0.163903,0.012502,-0.010168,0.016373,0.053081,Point,5
2795.000,-0.050830,0.026776,0.205715,-0.162180,-0.012888,-0.001519,-0.027974,-0.051771,Point,5
2800.000,-0.148497,0.033309,0.086501,-0.017274,-0.000245,0.012109,0.025648,0.032063,Point,5
2805.000,0.013833,0.001968,-0.028044,0.473311,0.012733,0.008001,0.022099,-0.021769,Point,5
2810.000,0.142903,0.003591,0.136638,0.024609,-0.006827,-0.042707,0.026672,0.017285,Point,5
2815.000,-0.185846,-0.027630,0.315727,0.040167,-0.010298,0.045746,-0.048536,-0.004018,Point,5
2820.000,0.152456,0.010228,-0.472752,-0.088085,-0.010510,-0.042862,-0.047546,0.018022,Point,5
2825.000,-0.284420,0.008335,-0.365382,-0.459272,0.024809,0.026050,-0.006017,-0.023586,Point,5
2830.000,-0.151773,-0.003198,-0.016001,0.094729,-0.012178,-0.013872,0.083358,-0.001144,Point,5
2835.000,0.377534,-0.024480,0.795816,0.394751,-0.016598,0.021493,0.007806,0.013466,Point,5
2840.000,0.139862,0.003570,-0.303506,0.054160,0.010678,-0.003960,-0.012393,0.014273,Point,5
2845.000,0.165233,-0.008174,-0.249137,0.248856,-0.017417,-0.041693,-0.036318,-0.010320,Point,5
2850.000,0.050857,0.036089,0.087531,-0.277682,0.024886,0.023259,-0.009629,-0.001590,Point,5
2855.000,-0.495703,0.025402,-0.087802,-0.194713,0.006392,0.028223,0.025096,-0.002829,Point,5
2860.000,0.003848,-0.030439,0.496046,-0.265250,0.016622,0.004712,-0.031579,-0.042382,Point,5
2865.000,0.127595,0.011103,-0.240146,-0.085108,-0.049392,-0.020037,0.019856,0.008419,Point,5
2870.000,-0.345841,-0.026498,-0.049676,0.317816,-0.014544,0.024104,0.008011,0.017587,Point,5
2875.000,0.589524,-0.031325,-0.131933,0.008321,0.063944,-0.048518,0.023604,0.057514,Point,5
2880.000,0.065878,0.031985,-0.068214,-0.003244,-0.011893,0.013150,-0.021851,-0.021003,Point,5
2885.000,-0.395077,0.010674,0.058536,0.335999,0.028952,0.012731,0.012576,-0.033068,Point,5
2890.000,-0.010849,0.003828,-0.106896,-0.227214,-0.067354,0.001459,-0.031637,-0.017822,Point,5
2895.000,-0.070610,-0.008922,0.320672,-0.143298,0.018174,-0.022363,-0.007586,0.012377,Point,5
2900.000,0.104156,-0.002769,-0.196573,0.021156,0.003452,0.007195,0.051540,0.035113,Point,5
2905.000,0.545298,0.017107,0.200484,0.314921,-0.007036,-0.008353,-0.026418,-0.025381,Point,5
2910.000,-0.375459,-0.015432,-0.248697,0.095078,-0.020126,0.029043,-0.020960,0.023192,Point,5
2915.000,-0.264302,0.010054,0.539873,-0.465806,0.043266,0.029697,0.028090,-0.001635,Point,5
2920.000,0.173700,-0.025963,-0.630037,0.097588,0.010669,-0.015679,-0.006369,-0.052390,Point,5
2925.000,-0.079130,0.001229,0.128278,-0.496768,-0.027352,-0.021845,0.003913,-0.009236,Point,5
2930.000,-0.022280,0.002198,0.133625,0.399720,-0.004047,-0.000359,-0.008203,0.043099,Point,5
2935.000,0.226414,0.042117,0.047889,0.409946,-0.003970,-0.042059,0.009349,0.042423,Point,5
2940.000,-0.280530,-0.000942,-0.120595,-0.239822,0.011214,0.016778,-0.010447,-0.003388,Point,5
2945.000,0.017935,-0.013949,0.026815,0.558676,0.007413,0.028311,-0.023772,-0.054330,Point,5
2950.000,0.335395,-0.008395,0.008389,-0.708215,0.001075,-0.007691,0.053951,0.002530,Point,5
2955.000,0.045062,-0.015677,-0.326344,-0.290955,-0.024117,0.033134,-0.008568,-0.012644,Point,5
2960.000,-0.075160,-0.023632,0.467501,0.201476,0.012437,-0.014460,-0.030471,0.039659,Point,5
2965.000,-0.522529,0.028476,-0.131586,-0.148039,0.006286,-0.029697,-0.006255,-0.012352,Point,5
2970.000,0.260559,0.014543,-0.086235,0.445210,0.024782,0.016660,-0.003162,-0.003579,Point,5
2975.000,-0.125531,0.006117,0.344395,0.514602,-0.020052,-0.044606,0.038679,0.018621,Point,5
2980.000,0.436464,0.009698,0.033590,-0.470192,-0.006727,0.028427,0.009201,-0.019340,Point,5
2985.000,-0.305710,-0.045375,-0.330532,-0.278424,-0.011142,0.037837,-0.016213,-0.002074,Point,5
2990.000,0.206745,-0.002279,-0.139695,0.315251,-0.014882,-0.022948,-0.022248,0.002369,Point,5
2995.000,-0.076461,0.029803,-0.525460,-0.116857,0.027280,0.022510,0.004859,0.015436,Point,5
3000.000,0.115962,-0.005324,0.383710,-0.372409,-0.009823,-0.026788,-0.020129,0.001198,Point,5
3005.000,-0.042964,0.000873,0.906964,-0.166705,-0.013034,0.018836,0.040464,-0.024290,Point,5
3010.000,-0.616558,-0.011792,-0.484618,0.251761,0.038172,-0.000606,0.004484,-0.010794,Point,5
3015.000,0.439339,0.025728,-0.057036,0.225531,-0.035557,-0.032626,-0.029058,0.001694,Point,5
3020.000,0.212749,-0.000704,-0.080755,0.150054,0.029346,-0.031898,-0.013553,-0.000563,Point,5
3025.000,0.220753,-0.017562,-0.134233,0.132632,0.030060,0.028805,0.034596,0.048331,Point,5
3030.000,-0.484165,0.016447,0.161487,0.034668,-0.047747,0.054296,0.002560,-0.008413,Point,5
3035.000,0.044965,-0.010516,-0.012061,-0.177555,0.017930,-0.011516,0.024848,-0.024341,Point,5
3040.000,0.039079,0.015236,0.168405,-0.261095,0.009021,-0.046735,-0.042467,0.008671,Point,5
3045.000,-0.000351,-0.016648,-0.423704,0.261602,-0.061849,0.052417,0.014301,0.015533,Point,5
3050.000,-0.265127,-0.037676,0.170351,-0.083122,0.016994,-0.005868,-0.032603,-0.023884,Point,5
3055.000,0.279739,0.009197,0.131834,-0.008147,0.019365,-0.049899,0.019044,0.026891,Point,5
3060.000,0.297385,0.002242,0.033281,-0.518919,-0.006804,0.035274,0.033847,-0.033731,Point,5
3065.000,0.113628,0.032633,0.018423,0.063129,0.018893,-0.033089,-0.026689,-0.000089,Point,5
3070.000,-0.201742,0.037502,0.551110,0.401634,-0.003247,0.008052,-0.024965,-0.017603,Point,5
3075.000,-0.423395,-0.018646,-0.808743,-0.091045,-0.006376,0.026478,-0.016620,0.003419,Point,5
3080.000,-0.182294,-0.034312,-0.257186,0.423380,0.015875,0.025953,0.011182,0.009209,Point,5
3085.000,0.185530,-0.000440,-0.216373,-0.114120,0.005283,-0.021274,0.034689,0.032340,Point,5
3090.000,0.017247,-0.020223,0.145371,-0.124992,0.013723,-0.039848,0.036617,0.016783,Point,5
3095.000,0.239684,-0.005748,0.495226,-0.283787,-0.051542,-0.001320,0.002107,-0.030263,Point,5
3100.000,0.164621,0.072602,0.950000,0.103397,-0.018412,0.020609,-0.024065,0.010467,Point,5
3105.000,-0.087728,-0.004286,-0.581438,-0.116382,0.012033,-0.014589,-0.039969,-0.000051,Point,5
3110.000,0.337410,-0.025649,-0.320994,0.316147,0.048340,0.041650,-0.024616,-0.001310,Point,5
3115.000,-0.236832,-0.044059,-0.047235,0.119591,0.018581,-0.001237,0.014424,-0.013310,Point,5
3120.000,-0.144036,-0.007999,-0.271445,-0.107944,-0.040943,-0.000670,0.029398,-0.029072,Point,5
3125.000,-0.267225,0.015796,-0.005319,0.139314,-0.035019,-0.002559,0.003215,0.017875,Point,5
3130.000,-0.102980,0.082391,0.327327,-0.008259,0.026240,-0.016790,0.049137,0.002094,Point,5
3135.000,0.071619,-0.018432,-0.062778,-0.706279,-0.004155,-0.000513,-0.078408,-0.030448,Point,5
3140.000,0.087937,-0.024239,-0.050262,0.160508,0.005196,-0.062531,0.019081,0.060027,Point,5
3145.000,0.154444,-0.009444,0.098909,-0.019629,0.008121,0.078475,0.032884,0.044204,Point,5
3150.000,0.010547,-0.002133,0.141026,0.261801,0.037191,0.022696,-0.044691,-0.064910,Point,5
3155.000,0.155340,-0.010724,-0.133509,0.217977,-0.053922,-0.019582,0.005528,0.006440,Point,5
3160.000,0.153437,-0.010508,-0.240158,0.163330,0.027389,-0.028619,0.023166,0.017862,Point,5
3165.000,-0.440026,0.005323,0.250675,-0.208136,0.007363,0.014120,-0.002540,-0.056655,Point,5
3170.000,0.121401,-0.000088,-0.252326,-0.005574,-0.038977,-0.022326,-0.012194,0.005396,Point,5
3175.000,-0.126662,-0.003560,0.084337,-0.167115,0.051585,-0.006214,0.018712,0.001923,Point,5
3180.000,0.076090,0.044045,0.149656,-0.350684,-0.068014,0.027136,0.010671,0.054103,Point,5
3185.000,-0.034478,-0.031728,0.150748,0.223742,0.012706,-0.007430,-0.038909,-0.010674,Point,5
3190.000,0.410768,0.055986,-0.297341,0.289736,0.013847,-0.007129,-0.014355,-0.024697,Point,5
3195.000,-0.107585,-0.042774,0.089401,0.358902,0.032201,-0.008918,0.005666,0.031423,Point,5
3200.000,-0.397972,-0.033666,-0.143522,-0.483875,-0.022998,0.056665,0.020880,-0.030706,Point,5
3205.000,0.140316,0.019856,0.124996,0.272230,-0.009793,0.026045,0.002020,-0.019883,Point,5
3210.000,-0.386444,0.011670,0.367145,-0.444145,0.011210,-0.044568,0.059098,0.005921,Point,5
3215.000,0.000000,-0.000000,-0.000000,0.000000,0.000000,0.000000,-0.000000,-0.000000,PinchIndex,3
3220.000,-0.000000,-0.000000,0.000001,-0.000015,-0.000000,-0.000000,-0.000003,0.000000,PinchIndex,3
3225.000,-0.000002,0.000002,0.000007,-0.000022,0.000001,0.000001,0.000019,0.000002,PinchIndex,3
3230.000,0.000009,-0.000001,0.000038,0.000095,-0.000001,0.000002,0.000002,0.000001,PinchIndex,3
3235.000,-0.000002,-0.000003,-0.000152,0.000059,-0.000004,0.000002,0.000025,-0.000013,PinchIndex,3
3240.000,0.000015,0.000003,-0.000057,-0.000012,0.000024,-0.000015,-0.000126,-0.000004,PinchIndex,3
3245.000,-0.000021,-0.000019,0.000059,-0.000523,-0.000017,0.000004,0.000044,-0.000011,PinchIndex,3
3250.000,-0.000055,0.000015,0.000339,0.000743,-0.000024,0.000006,0.000217,0.000033,PinchIndex,3
3255.000,0.000025,-0.000001,0.000384,0.000666,0.000000,0.000009,-0.000246,0.000032,PinchIndex,3
3260.000,-0.000014,0.000083,-0.000468,-0.001030,0.000038,0.000012,-0.000410,0.000003,PinchIndex,3
3265.000,0.000086,-0.000044,-0.000730,-0.001257,0.000033,-0.000080,0.000046,-0.000048,PinchIndex,3
3270.000,0.000090,-0.000026,-0.000266,0.000950,-0.000115,0.000023,0.000767,-0.000051,PinchIndex,3
3275.000,0.000015,0.000010,0.000489,-0.000016,-0.000005,0.000047,0.000315,0.000112,PinchIndex,3
3280.000,-0.000232,-0.000092,0.000532,0.001754,0.000097,0.000042,-0.001269,-0.000110,PinchIndex,3
3285.000,-0.000133,-0.000079,0.000903,-0.001011,-0.000127,0.000061,-0.000238,-0.000025,PinchIndex,3
3290.000,0.000018,0.000058,-0.000859,-0.000512,0.000253,-0.000090,0.004097,0.000234,PinchIndex,3
3295.000,0.000122,0.000294,0.000563,0.000184,0.000097,-0.000174,-0.003783,-0.000213,PinchIndex,3
3300.000,0.000389,-0.000108,-0.000553,-0.000978,-0.000651,0.000118,-0.002264,-0.000074,PinchIndex,3
3305.000,-0.000168,-0.000122,-0.000606,0.003755,0.000324,-0.000067,0.002321,0.000263,PinchIndex,3
3310.000,0.000023,-0.000198,-0.000760,-0.004032,0.000168,0.000337,-0.000153,-0.000143,PinchIndex,3
3315.000,-0.000099,0.000014,0.003673,-0.001290,0.000076,-0.000206,0.004271,0.000072,PinchIndex,3
3320.000,-0.000671,0.000346,-0.000192,-0.000782,0.000023,0.000150,0.001613,-0.000152,PinchIndex,3
3325.000,0.000428,0.000140,-0.008829,0.002123,-0.000012,-0.000397,-0.007155,0.000165,PinchIndex,3
3330.000,0.000293,-0.000066,-0.000407,0.003346,-0.000228,0.000068,-0.000602,-0.000236,PinchIndex,3
3335.000,0.000306,-0.000132,0.007611,0.005067,-0.000382,0.000374,0.001666,0.000680,PinchIndex,3
3340.000,-0.000081,-0.000180,0.004801,-0.001469,0.000330,-0.000785,-0.004118,-0.000604,PinchIndex,3
3345.000,0.000315,0.000249,0.003919,-0.008221,0.000183,0.000958,0.001270,-0.000131,PinchIndex,3
3350.000,-0.001256,-0.000232,-0.006266,0.000327,-0.000229,-0.000404,0.007967,-0.000056,PinchIndex,3
3355.000,-0.000143,0.000128,-0.005668,-0.005468,-0.000143,-0.000165,-0.001360,-0.000024,PinchIndex,3
3360.000,0.000675,-0.000466,-0.002417,-0.000232,0.001223,0.000338,0.000918,0.000412,PinchIndex,3
3365.000,-0.000229,0.000035,-0.002573,0.006216,-0.000890,-0.000165,-0.004971,-0.000249,PinchIndex,3
3370.000,0.000508,0.001002,0.003608,0.007985,-0.000327,-0.000044,0.003058,0.000741,PinchIndex,3
3375.000,-0.000404,0.000333,0.006770,0.008272,0.000077,0.000009,-0.001714,-0.000198,PinchIndex,3
3380.000,0.000768,-0.001466,-0.004512,-0.024754,0.000199,0.000022,-0.001374,0.000236,PinchIndex,3
3385.000,-0.000007,-0.000774,0.004674,0.006439,0.000569,0.000157,-0.001145,-0.001292,PinchIndex,3
3390.000,-0.000260,0.000697,0.003205,0.010873,-0.000907,-0.000295,-0.002669,-0.000038,PinchIndex,3
3395.000,-0.000481,0.001413,0.006165,-0.012108,-0.000813,0.000152,-0.002013,0.000333,PinchIndex,3
3400.000,0.000203,0.000426,-0.007890,0.007055,0.000498,-0.000077,0.009748,0.001043,PinchIndex,3
3405.000,-0.000585,-0.001470,-0.010460,0.007407,0.001511,-0.001397,0.004361,-0.000826,PinchIndex,3
3410.000,-0.000332,0.000029,-0.013450,-0.014695,0.000235,0.002822,-0.005802,0.000027,PinchIndex,3
3415.000,-0.000200,0.000514,0.003398,0.001531,-0.000819,-0.001115,0.009291,0.000641,PinchIndex,3
3420.000,0.001276,-0.000069,0.030528,0.005739,0.000648,0.000283,-0.018186,-0.001218,PinchIndex,3
3425.000,0.000955,-0.000688,-0.020858,0.000169,-0.001090,-0.000377,0.011454,-0.000199,PinchIndex,3
3430.000,0.000257,-0.000914,0.027665,-0.018082,0.000200,-0.000458,-0.002967,0.000380,PinchIndex,3
3435.000,-0.000982,0.002013,-0.019933,0.001304,0.000358,-0.000173,-0.007846,0.002315,PinchIndex,3
3440.000,-0.000922,0.000548,0.004204,0.012329,-0.002636,0.000053,-0.011651,-0.001486,PinchIndex,3
3445.000,-0.000155,-0.001402,-0.008100,0.024298,0.001163,0.000885,0.003697,0.000341,PinchIndex,3
3450.000,-0.000012,-0.000154,-0.002283,-0.013656,-0.000333,0.000047,0.036791,-0.000350,PinchIndex,3
3455.000,0.001415,-0.000462,0.025031,-0.002396,0.002648,0.000142,0.000751,-0.000860,PinchIndex,3
3460.000,-0.000702,0.000077,-0.067181,0.008051,-0.000053,-0.001545,-0.022231,0.000117,PinchIndex,3
3465.000,-0.000096,0.002015,0.035283,-0.022072,-0.000703,-0.000747,0.011318,-0.001397,PinchIndex,3
3470.000,0.000679,-0.000389,0.001776,0.008431,0.000704,0.000979,-0.025846,0.001010,PinchIndex,3
3475.000,-0.001252,-0.000927,0.029578,0.009155,-0.000572,0.003263,0.000772,0.002089,PinchIndex,3
3480.000,0.001243,0.000605,0.009836,-0.028979,-0.000468,-0.002179,0.015047,-0.000429,PinchIndex,3
3485.000,-0.000012,-0.002778,-0.018368,-0.018338,0.000340,0.001216,-0.011491,-0.002514,PinchIndex,3
3490.000,-0.002058,0.000941,-0.010126,0.044363,-0.001989,-0.003454,0.011525,0.003988,PinchIndex,3
3495.000,0.000038,0.002108,-0.002261,-0.006461,0.001491,0.001188,0.017815,-0.001479,PinchIndex,3
3500.000,0.001702,-0.000107,-0.013144,0.023899,-0.001923,0.000533,-0.017900,-0.000027,PinchIndex,3
3505.000,-0.000655,0.001034,0.012313,-0.024768,0.001979,-0.002074,0.000857,0.000267,PinchIndex,3
3510.000,0.000098,-0.001326,0.004659,-0.005947,-0.000219,0.002535,-0.006490,-0.003261,PinchIndex,3
3515.000,0.002788,-0.002047,-0.038527,-0.014237,-0.000570,0.001709,-0.018290,0.000637,PinchIndex,3
3520.000,-0.001052,0.001806,0.072507,0.020417,0.002491,-0.002655,-0.015166,-0.000298,PinchIndex,3
3525.000,-0.001952,0.000118,-0.039320,0.016403,-0.001785,0.002689,0.038167,0.002178,PinchIndex,3
3530.000,-0.000457,0.000683,0.024730,0.032623,0.003108,-0.000936,0.051098,-0.001753,PinchIndex,3
3535.000,-0.003101,-0.001586,-0.028757,-0.037270,-0.002240,-0.000796,-0.038299,0.001412,PinchIndex,3
3540.000,0.005145,-0.000425,-0.036189,0.001958,-0.000632,-0.003721,-0.000514,0.003147,PinchIndex,3
3545.000,0.001135,-0.000027,0.020552,-0.026975,-0.004794,0.002187,0.000902,-0.002366,PinchIndex,3
3550.000,-0.001367,0.000025,0.036635,-0.038630,0.002959,0.000663,-0.006808,0.001485,PinchIndex,3
3555.000,-0.000322,0.000278,0.025144,0.017635,-0.000118,-0.000414,-0.043340,-0.003644,PinchIndex,3
3560.000,-0.002536,0.002587,-0.021564,0.030142,0.002491,0.000080,-0.009396,0.002567,PinchIndex,3
3565.000,0.001390,-0.000437,-0.032101,0.012845,0.000875,0.001661,0.039119,-0.000523,PinchIndex,3
3570.000,0.000502,0.001714,0.000831,-0.015905,0.002028,0.003110,0.018321,-0.004674,PinchIndex,3
3575.000,0.000961,-0.001853,0.002158,0.068354,-0.000360,-0.002234,0.003359,0.001061,PinchIndex,3
3580.000,0.000283,-0.004194,0.040103,-0.044152,-0.005050,-0.003213,0.007858,0.003058,PinchIndex,3
3585.000,-0.002440,-0.000233,-0.034521,-0.026728,0.001221,-0.001046,-0.030375,-0.001759,PinchIndex,3
3590.000,0.000042,0.000199,-0.015352,-0.002568,0.003083,0.005290,-0.001429,0.001299,PinchIndex,3
3595.000,0.007146,0.001077,0.009509,-0.000876,-0.003489,-0.002205,0.024347,0.007010,PinchIndex,3
3600.000,-0.007791,0.003973,0.013454,-0.001812,-0.004180,-0.000515,-0.030808,-0.002851,PinchIndex,3
3605.000,-0.000218,0.002740,-0.000798,-0.001362,-0.000607,0.001156,0.030707,-0.004172,PinchIndex,3
3610.000,-0.000513,-0.001819,0.016857,0.056328,0.007473,-0.005896,-0.020901,-0.001147,PinchIndex,3
3615.000,0.003802,-0.001314,0.054154,-0.040162,-0.002086,0.002635,0.007460,-0.004153,PinchIndex,3
3620.000,-0.000871,-0.002241,-0.077170,0.003332,0.006449,0.003013,-0.013081,0.005675,PinchIndex,3
3625.000,0.000392,-0.003889,-0.017075,-0.006274,-0.001379,0.000668,0.001135,0.002254,PinchIndex,3
3630.000,0.002584,-0.000127,-0.071152,-0.019555,-0.002330,0.002430,-0.006883,0.001189,PinchIndex,3
3635.000,-0.005099,0.007644,0.090494,0.046934,-0.007059,-0.007872,0.008010,-0.000414,PinchIndex,3
3640.000,0.002255,-0.001456,0.040080,-0.032018,0.000810,0.004338,0.062412,-0.005976,PinchIndex,3
3645.000,-0.000071,-0.003632,-0.037957,-0.014313,0.004444,0.001678,-0.028647,-0.000258,PinchIndex,3
3650.000,-0.000975,0.000750,0.036056,0.021143,-0.004570,-0.003528,-0.059882,-0.004195,PinchIndex,3
3655.000,-0.002299,0.001860,-0.046124,0.071963,0.004390,-0.000734,0.022704,0.009004,PinchIndex,3
3660.000,0.006386,0.000756,-0.031341,-0.118006,0.001628,0.002990,-0.029344,0.002569,PinchIndex,3
3665.000,-0.004660,0.001119,0.084689,0.030025,0.005118,-0.000330,0.050615,0.000187,PinchIndex,3
3670.000,-0.004769,0.002717,0.004966,-0.011819,-0.005666,0.000762,0.080314,-0.000787,PinchIndex,3
3675.000,0.002071,-0.008318,-0.078744,0.046330,-0.001034,-0.001399,-0.079445,-0.011839,PinchIndex,3
3680.000,0.004769,-0.002312,-0.005140,0.058662,-0.010689,-0.003305,-0.016864,0.003415,PinchIndex,3
3685.000,0.008755,-0.001521,-0.017252,-0.088868,0.005765,0.004813,-0.100596,0.005861,PinchIndex,3
3690.000,-0.003052,0.005577,0.102781,-0.039572,0.001209,0.002786,0.107637,0.002941,PinchIndex,3
3695.000,-0.004836,0.011322,0.033646,0.119329,0.014674,-0.006463,0.065484,0.001398,PinchIndex,3
3700.000,-0.007202,-0.005688,-0.083349,-0.057177,-0.008639,-0.003068,-0.024988,-0.005140,PinchIndex,3
3705.000,-0.004555,-0.013645,-0.099488,0.007690,0.002675,0.004581,-0.020163,0.002764,PinchIndex,3
3710.000,0.008061,0.013360,0.084772,-0.102089,-0.005796,0.006148,-0.073572,-0.008968,PinchIndex,3
3715.000,0.002300,0.009586,0.030307,0.008856,-0.004984,-0.006437,-0.001661,0.000857,PinchIndex,3
3720.000,0.000078,-0.021537,0.026129,0.059560,-0.000216,0.003537,-0.000530,0.003802,PinchIndex,3
3725.000,0.009323,0.009210,-0.012401,0.043240,0.003925,-0.004182,0.073294,0.004693,PinchIndex,3
3730.000,-0.002715,-0.012358,-0.156340,-0.000564,0.002509,0.006259,0.011513,-0.001504,PinchIndex,3
3735.000,-0.003950,0.011997,0.170504,0.049551,-0.001977,-0.002942,-0.023130,0.001763,PinchIndex,3
3740.000,-0.007610,0.003529,0.000526,0.023800,0.006593,-0.008641,0.049024,-0.000942,PinchIndex,3
3745.000,-0.002134,-0.011592,-0.050586,-0.138638,-0.004840,0.006743,0.056621,-0.006087,PinchIndex,3
3750.000,-0.003223,0.013659,0.068642,0.010157,-0.001855,0.001324,-0.107170,0.005070,PinchIndex,3
3755.000,0.007172,0.000974,-0.013468,-0.071567,0.003248,-0.000403,-0.076516,-0.004477,PinchIndex,3
3760.000,0.002556,-0.006185,-0.111759,0.144524,-0.000459,-0.002264,-0.003351,0.002182,PinchIndex,3
3765.000,0.000813,-0.005479,0.059448,-0.099082,-0.002450,-0.002790,-0.042298,-0.003454,PinchIndex,3
3770.000,0.013842,-0.002145,0.031678,0.102540,-0.001155,0.004359,0.182687,0.000565,PinchIndex,3
3775.000,-0.008921,-0.003892,-0.089186,0.045254,-0.004746,0.001974,-0.084477,0.002824,PinchIndex,3
3780.000,-0.001555,0.016684,-0.012690,-0.069936,0.015525,0.003717,0.060544,0.003279,PinchIndex,3
3785.000,-0.004271,0.005435,0.019872,-0.200307,-0.003511,-0.002617,0.050356,0.004948,PinchIndex,3
3790.000,-0.011764,-0.007537,0.161085,0.095068,-0.007263,-0.003691,-0.049396,-0.007531,PinchIndex,3
3795.000,0.005214,-0.017256,-0.112662,0.140162,-0.008020,-0.003407,-0.066082,0.001510,PinchIndex,3
3800.000,0.001128,0.004370,0.083259,0.010313,0.004378,0.001446,-0.083530,-0.005570,PinchIndex,3
3805.000,-0.000499,0.011907,-0.045048,-0.071482,0.011206,0.010681,0.097186,0.005049,PinchIndex,3
3810.000,0.015484,0.000860,-0.083616,0.077164,-0.003809,-0.013687,0.029615,-0.002612,PinchIndex,3
3815.000,-0.000410,0.006507,-0.025868,-0.020972,-0.003512,-0.003597,0.014575,0.002608,PinchIndex,3
3820.000,-0.003686,-0.002467,0.062016,0.010442,0.012835,0.022013,0.042393,0.000118,PinchIndex,3
3825.000,0.004673,-0.015037,0.132136,-0.139703,-0.011384,-0.014771,-0.115501,0.000312,PinchIndex,3
3830.000,-0.019665,0.005361,-0.179356,-0.009902,0.002164,-0.010955,0.005848,-0.007422,PinchIndex,3
3835.000,0.002144,0.000073,0.117244,-0.030609,-0.012819,0.015113,0.040493,-0.004611,PinchIndex,3
3840.000,0.002738,-0.008215,-0.053603,0.016715,0.006848,-0.001071,-0.017010,0.016444,PinchIndex,3
3845.000,0.005952,0.005224,-0.044632,0.257946,0.015252,0.007066,-0.014756,-0.003377,PinchIndex,3
3850.000,0.004942,-0.002707,0.057420,-0.031956,-0.014742,-0.003371,-0.004393,0.004463,PinchIndex,3
3855.000,-0.008205,0.013007,-0.118223,-0.125317,-0.000919,-0.007638,0.025640,0.003487,PinchIndex,3
3860.000,-0.000212,0.006105,0.121463,-0.046367,-0.001852,0.010202,-0.010134,-0.005178,PinchIndex,3
3865.000,-0.003157,-0.004850,0.166678,0.006445,0.015977,-0.009621,-0.008552,-0.014193,PinchIndex,3
3870.000,0.017278,-0.004184,-0.152541,0.021866,-0.007099,-0.002173,-0.067608,0.002193,PinchIndex,3
3875.000,-0.003432,-0.007437,-0.098121,0.150587,-0.001252,-0.002168,0.273248,-0.001814,PinchIndex,3
3880.000,-0.009104,-0.003494,-0.110089,-0.181951,-0.002947,-0.002245,-0.038332,0.016255,PinchIndex,3
3885.000,-0.015399,0.003111,0.103923,0.025598,0.009300,0.011420,-0.086417,-0.012590,PinchIndex,3
3890.000,0.014230,0.007608,0.076034,-0.075017,-0.001024,0.005981,-0.163715,-0.003265,PinchIndex,3
3895.000,0.012113,-0.005901,0.151077,0.102359,-0.018168,-0.006616,0.076037,0.016531,PinchIndex,3
3900.000,-0.010704,0.002932,-0.126139,0.149406,-0.001157,0.003484,-0.092051,-0.003281,PinchIndex,3
3905.000,-0.001362,-0.000051,0.070808,-0.125321,0.015177,-0.005377,0.046143,0.005691,PinchIndex,3
3910.000,-0.004603,-0.000946,0.023536,-0.177879,0.000384,-0.009702,0.101662,-0.016344,PinchIndex,3
3915.000,0.001038,0.008464,-0.238176,0.113052,-0.010330,0.006122,0.043139,-0.000776,PinchIndex,3
3920.000,0.015747,-0.005721,-0.129146,-0.034247,0.008434,0.001047,-0.087845,0.007919,PinchIndex,3
3925.000,-0.006439,0.001294,0.127736,0.114338,0.005161,0.000433,-0.069897,-0.012214,PinchIndex,3
3930.000,-0.003930,-0.001948,0.265926,0.180552,0.003803,0.006993,0.074365,0.006304,PinchIndex,3
3935.000,-0.004733,-0.006092,-0.009835,-0.165082,-0.005586,0.008083,0.172973,0.012100,PinchIndex,3
3940.000,0.015770,0.002341,-0.040236,-0.020202,0.008586,-0.012253,-0.019967,0.003231,PinchIndex,3
3945.000,-0.004674,-0.000173,-0.138731,-0.169127,-0.020559,0.003086,-0.185805,-0.017589,PinchIndex,3
3950.000,-0.005001,-0.001562,0.005753,-0.073094,0.001523,-0.008357,0.164061,0.003602,PinchIndex,3
3955.000,-0.006555,0.013285,-0.018608,0.189560,-0.008445,0.003930,-0.301695,-0.002414,PinchIndex,3
3960.000,-0.011390,0.001863,-0.078335,-0.178973,0.010098,-0.003968,-0.076125,0.021463,PinchIndex,3
3965.000,0.001675,-0.007286,0.137946,0.335547,0.014938,-0.001952,0.181394,-0.004159,PinchIndex,3
3970.000,0.021842,-0.010750,-0.022894,0.079375,-0.013829,-0.006852,0.145246,-0.014661,PinchIndex,3
3975.000,0.002503,0.007145,0.268878,-0.015765,-0.000001,0.026090,0.063323,-0.009224,PinchIndex,3
3980.000,-0.012324,-0.007723,-0.210257,-0.142316,-0.003851,-0.007608,0.043576,-0.000036,PinchIndex,3
3985.000,0.003441,-0.008547,-0.104088,-0.337960,0.019208,-0.007460,-0.120439,0.016922,PinchIndex,3
3990.000,0.012365,0.016706,-0.050969,0.228851,-0.004812,0.003079,-0.077724,-0.004551,PinchIndex,3
3995.000,-0.004065,-0.000815,-0.063397,-0.054175,-0.004139,-0.003394,0.111521,0.008895,PinchIndex,3
4000.000,-0.009401,0.030065,0.234631,-0.000912,-0.002192,0.016752,-0.093902,-0.005815,PinchIndex,3
4005.000,0.005245,-0.011330,0.097609,0.181802,-0.007525,-0.008510,-0.185342,0.007123,PinchIndex,3
4010.000,-0.010784,-0.021703,-0.107295,0.023215,0.009295,-0.014007,0.148578,-0.026315,PinchIndex,3
4015.000,0.001779,-0.019552,-0.162376,0.076642,-0.014882,-0.006961,-0.023531,0.005368,PinchIndex,3
4020.000,-0.022003,0.020317,0.182764,-0.156428,0.018865,0.011903,0.059150,-0.004755,PinchIndex,3
4025.000,0.024244,-0.005534,-0.037384,-0.154812,-0.013095,0.002740,0.028601,0.003563,PinchIndex,3
4030.000,0.017016,-0.000592,0.096013,0.103732,0.012621,0.002091,0.012829,0.025791,PinchIndex,3
4035.000,-0.016321,0.024415,-0.245123,-0.013086,-0.004969,0.006634,0.005816,-0.001700,PinchIndex,3
4040.000,0.006446,-0.009813,0.014186,0.016261,0.000954,-0.005093,0.029084,0.007678,PinchIndex,3
4045.000,0.002557,0.006919,0.022391,0.016718,-0.001490,0.001921,-0.102584,-0.010876,PinchIndex,3
4050.000,0.001226,-0.022006,-0.062369,-0.012327,-0.002044,-0.001072,-0.013377,-0.021016,PinchIndex,3
4055.000,0.006639,-0.006577,0.096756,-0.068538,-0.000690,-0.003231,0.129698,0.024253,PinchIndex,3
4060.000,-0.013209,0.008065,0.175929,0.193070,0.003936,-0.009522,-0.130040,-0.020801,PinchIndex,3
4065.000,-0.030219,0.003629,-0.008897,-0.124547,0.006986,0.007197,0.008013,-0.017020,PinchIndex,3
4070.000,0.007805,0.020394,0.195950,0.030198,-0.016304,-0.004278,0.084812,0.028689,PinchIndex,3
4075.000,0.019786,0.013389,-0.206091,0.155973,0.010284,0.000551,-0.119607,-0.006342,PinchIndex,3
4080.000,0.000600,-0.020197,-0.205480,-0.058435,-0.005388,0.012369,0.051028,0.011622,PinchIndex,3
4085.000,0.010262,-0.019096,-0.297431,-0.282774,0.000767,-0.006737,0.065848,-0.010681,PinchIndex,3
4090.000,-0.005741,-0.013654,0.485708,-0.027053,-0.002384,0.019206,0.034910,-0.004777,PinchIndex,3
4095.000,0.012548,0.016413,-0.116267,0.276732,0.003994,-0.022991,-0.109356,0.016295,PinchIndex,3
4100.000,-0.015858,0.013916,0.095443,0.009265,0.017487,-0.004345,0.074504,-0.003431,PinchIndex,3
4105.000,-0.020510,-0.005008,-0.178090,-0.118961,-0.006758,0.016908,0.071999,-0.000239,PinchIndex,3
4110.000,0.014695,-0.005151,-0.115074,-0.023638,-0.030919,-0.016843,-0.009532,-0.015781,PinchIndex,3
4115.000,0.013976,-0.004829,0.237968,0.075516,0.017438,-0.001542,-0.171614,0.006664,PinchIndex,3
4120.000,-0.011693,0.016428,0.160091,0.041433,-0.027010,0.002108,-0.336390,0.002703,PinchIndex,3
4125.000,0.009489,-0.023419,0.087815,-0.099656,0.017523,0.016639,0.400324,-0.002303,PinchIndex,3
4130.000,-0.013213,0.027065,-0.338639,0.122261,0.034733,0.005117,0.081826,-0.002203,PinchIndex,3
4135.000,0.001984,0.030789,0.138193,-0.011818,0.005308,-0.014812,0.037111,-0.003348,PinchIndex,3
4140.000,0.001393,-0.061010,-0.030225,-0.104325,-0.007933,-0.003441,-0.013127,0.022227,PinchIndex,3
4145.000,-0.010533,0.004508,0.107483,0.074166,-0.003555,-0.009231,-0.142501,0.000969,PinchIndex,3
4150.000,0.022105,0.006665,-0.247601,0.020560,-0.020087,0.004082,0.037192,-0.016042,PinchIndex,3
4155.000,0.006281,0.002550,-0.155346,-0.146042,-0.022362,0.003774,-0.039010,0.012252,PinchIndex,3
4160.000,-0.014306,0.014168,-0.056238,-0.138463,0.005207,0.028386,0.149514,-0.029680,PinchIndex,3
4165.000,0.021487,-0.003898,0.251761,0.158386,0.017104,-0.008761,-0.183704,0.023057,PinchIndex,3
4170.000,-0.021667,-0.011907,0.082699,0.079176,-0.000272,-0.024285,0.054627,-0.006718,PinchIndex,3
4175.000,-0.018679,0.007511,0.300609,-0.108827,0.007408,0.003786,0.017092,-0.007908,PinchIndex,3
4180.000,-0.004266,-0.008160,-0.114425,0.318991,0.009715,0.002563,-0.070899,0.006995,PinchIndex,3
4185.000,0.015791,0.027145,0.087600,-0.043188,-0.004985,-0.004592,-0.143049,-0.012876,PinchIndex,3
4190.000,0.016714,-0.030148,-0.362073,0.099605,-0.002183,0.017560,0.333811,0.032203,PinchIndex,3
4195.000,-0.017007,-0.011256,-0.206786,-0.276520,-0.014611,-0.002652,0.037502,0.003047,PinchIndex,3
4200.000,0.009433,0.003806,0.104992,-0.345371,-0.001225,-0.010535,-0.063704,-0.001915,PinchIndex,3
4205.000,0.012368,0.019393,0.136434,0.058877,0.014764,-0.001783,-0.070974,-0.025495,PinchIndex,3
4210.000,-0.027953,0.038095,-0.096549,0.094873,-0.014210,0.002081,-0.194657,-0.019490,PinchIndex,3
4215.000,0.015790,-0.038450,0.187870,0.153887,0.026245,0.017897,0.488483,0.013123,PinchIndex,3
4220.000,0.007947,-0.010591,0.003042,0.032059,-0.019464,-0.002012,-0.451205,0.051780,PinchIndex,3
4225.000,-0.008252,0.018974,0.352871,0.327702,-0.013785,-0.016486,0.165407,-0.036918,PinchIndex,3
4230.000,-0.000487,0.015738,-0.354401,0.040496,0.000981,0.004909,-0.116878,0.006221,PinchIndex,3
4235.000,-0.005576,-0.035258,-0.201356,-0.331248,0.063482,-0.007443,-0.069989,-0.020454,PinchIndex,3
4240.000,0.020315,-0.012290,-0.050727,-0.039239,-0.011486,-0.002744,0.128788,-0.003726,PinchIndex,3
4245.000,-0.036854,-0.011595,0.318838,0.076776,-0.028797,0.000185,-0.034581,0.027315,PinchIndex,3
4250.000,0.005219,0.039595,-0.083095,-0.214016,-0.041049,-0.006570,0.199834,-0.020210,PinchIndex,3
4255.000,0.022313,0.014335,-0.426830,-0.014369,-0.020600,0.024844,-0.043766,0.031339,PinchIndex,3
4260.000,-0.020458,-0.030714,0.280879,-0.033061,0.037912,-0.010027,-0.008953,-0.020961,PinchIndex,3
4265.000,0.019024,0.027228,0.136998,0.389785,0.024897,0.021522,0.133056,-0.003385,PinchIndex,3
4270.000,-0.004315,-0.002448,0.238401,-0.240334,0.006736,-0.016103,-0.244470,-0.005152,PinchIndex,3
4275.000,0.004087,-0.015906,-0.196470,-0.187385,0.018702,0.006817,-0.262845,0.010307,PinchIndex,3
4280.000,0.002095,-0.009139,0.145682,0.113143,0.001399,-0.013847,0.264432,0.014131,PinchIndex,3
4285.000,-0.023365,-0.007075,-0.046575,0.193953,-0.055622,-0.001803,0.049567,-0.025968,PinchIndex,3
4290.000,0.014128,0.010736,-0.438908,-0.052956,-0.008097,-0.013822,-0.133911,0.015593,PinchIndex,3
4295.000,-0.009997,0.005509,-0.092496,0.072373,-0.009797,-0.001471,0.247297,-0.020302,PinchIndex,3
4300.000,0.027286,-0.014070,0.400794,0.205874,0.057018,0.036702,-0.140291,0.011753,PinchIndex,3
4305.000,0.000739,0.009331,0.014429,-0.257836,-0.008229,-0.000673,-0.100692,0.012640,PinchIndex,3
4310.000,-0.009478,0.034232,0.393673,-0.271388,-0.007291,0.003455,0.341862,-0.022361,PinchIndex,3
4315.000,-0.021289,-0.000210,-0.398128,0.217332,0.006669,-0.040746,-0.192151,0.024745,PinchIndex,3
4320.000,0.009624,-0.002742,-0.202090,0.032335,-0.011285,0.019585,-0.202139,-0.001367,PinchIndex,3
4325.000,0.008472,-0.028219,-0.239813,-0.246493,0.001732,-0.021200,0.082976,-0.011234,PinchIndex,3
4330.000,0.007073,-0.004056,0.158095,0.277949,-0.009758,0.020114,0.151423,0.008149,PinchIndex,3
4335.000,-0.034812,-0.012593,0.084183,0.250164,0.021506,-0.005490,-0.089083,-0.002050,PinchIndex,3
4340.000,0.007885,-0.019268,0.503782,-0.264196,-0.003331,0.016601,-0.217863,-0.013325,PinchIndex,3
4345.000,0.022681,0.023120,0.020757,0.095913,-0.010385,-0.010595,0.324157,0.001441,PinchIndex,3
4350.000,0.019671,0.016052,-0.152781,-0.312857,-0.005936,0.007594,0.232939,-0.000951,PinchIndex,3
4355.000,-0.016844,0.013478,-0.357650,-0.091659,-0.016411,0.037737,-0.113164,0.003586,PinchIndex,3
4360.000,-0.038243,0.017780,-0.158266,0.249239,0.015216,-0.045518,-0.418669,0.007524,PinchIndex,3
4365.000,0.014403,-0.052417,0.212073,-0.239019,0.017828,0.011952,0.175915,-0.003507,PinchIndex,3
4370.000,0.013182,0.065064,0.115119,0.018062,0.004948,-0.011277,-0.098290,0.030438,PinchIndex,3
4375.000,0.012445,-0.022055,-0.208223,0.378316,-0.018694,-0.023689,-0.108289,-0.048327,PinchIndex,3
4380.000,0.025575,-0.054282,0.272893,-0.041057,0.024646,-0.009420,0.136724,-0.009136,PinchIndex,3
4385.000,-0.050759,0.034206,0.101664,0.128899,-0.021983,0.028116,0.211920,0.032062,PinchIndex,3
4390.000,-0.012200,-0.033797,-0.356184,-0.033980,-0.010642,0.007053,-0.055676,0.021174,PinchIndex,3
4395.000,0.026833,0.014585,0.038838,0.001443,0.003493,0.020875,0.085336,-0.029608,PinchIndex,3
4400.000,0.017278,0.008106,0.274339,-0.169010,0.034679,-0.000736,0.071813,-0.007663,PinchIndex,3
4405.000,0.001700,0.037317,0.368475,-0.211490,-0.036629,-0.015553,-0.386426,0.024339,PinchIndex,3
4410.000,-0.023721,-0.019145,-0.383698,0.262531,0.006949,0.009690,0.207869,-0.023139,PinchIndex,3
4415.000,0.000436,-0.010571,-0.411706,-0.192950,-0.003070,-0.036347,0.017530,0.026835,PinchIndex,3
4420.000,-0.041210,0.016396,-0.012451,-0.195486,0.007276,0.012074,0.096878,-0.023392,PinchIndex,3
4425.000,0.046258,-0.017803,-0.083828,0.136225,-0.015147,-0.011609,-0.427924,-0.011385,PinchIndex,3
4430.000,0.002724,-0.010931,0.139357,0.361681,0.024308,0.008684,0.143857,0.000074,PinchIndex,3
4435.000,0.004962,0.014138,0.227231,0.010950,0.012567,0.041930,0.205768,0.006362,PinchIndex,3
4440.000,-0.013631,0.020848,-0.006692,0.186330,-0.030700,-0.018118,0.109607,0.024795,PinchIndex,3
4445.000,0.006448,-0.038989,0.325104,-0.319777,-0.000318,-0.018377,-0.117910,0.015287,PinchIndex,3
4450.000,0.020228,-0.007027,-0.304210,-0.083271,0.000673,-0.002356,-0.001423,-0.017682,PinchIndex,3
4455.000,-0.010484,0.018819,0.611244,-0.238226,0.027920,0.016261,-0.126758,-0.010366,PinchIndex,3
4460.000,-0.032669,0.023986,-0.521211,0.008256,-0.007515,-0.022230,-0.327063,0.002819,PinchIndex,3
4465.000,0.004975,-0.016348,-0.321638,-0.002539,-0.029921,0.028412,0.332022,-0.010945,PinchIndex,3
4470.000,0.015578,-0.003611,-0.060926,0.080585,0.019551,0.008580,0.021088,-0.000492,PinchIndex,3
4475.000,0.007366,0.000560,0.184422,0.313544,-0.016068,-0.024135,0.310129,0.006686,PinchIndex,3
4480.000,0.020152,0.002258,0.401290,0.066189,0.009348,-0.016648,-0.304680,-0.015666,PinchIndex,3
4485.000,-0.026051,0.025054,-0.164682,-0.142961,0.006489,0.012384,0.042267,0.048768,PinchIndex,3
4490.000,-0.020449,-0.010545,-0.755743,0.101338,0.008899,-0.023615,0.268906,-0.031050,PinchIndex,3
4495.000,0.001573,0.013057,0.216916,-0.557865,0.032054,0.043086,-0.041816,0.001046,PinchIndex,3
4500.000,0.030610,-0.046925,0.413653,0.379156,-0.047292,-0.002629,-0.593848,-0.011829,PinchIndex,3
4505.000,-0.051573,-0.030261,0.363318,0.334867,-0.005720,0.000272,0.359407,-0.026671,PinchIndex,3
4510.000,0.050437,0.013404,0.050900,0.017557,-0.015068,0.038436,0.034771,0.033821,PinchIndex,3
4515.000,0.014432,0.056013,-0.558072,-0.030648,0.020046,-0.057060,-0.467628,-0.010117,PinchIndex,3
4520.000,-0.022591,0.002221,0.198321,-0.908282,-0.006904,-0.025232,0.233720,0.027693,PinchIndex,3
4525.000,-0.018857,-0.025571,-0.248087,0.516760,0.012039,0.030960,0.330206,0.009994,PinchIndex,3
4530.000,0.032539,-0.009841,0.430370,-0.249191,0.018626,-0.016874,0.537199,-0.026621,PinchIndex,3
4535.000,-0.022376,0.026741,-0.336579,0.098051,0.014380,0.007431,-0.391993,0.032244,PinchIndex,3
4540.000,0.000632,-0.022827,-0.077316,0.493682,-0.030192,0.043195,-0.112664,-0.016491,PinchIndex,3
4545.000,0.017201,0.012748,-0.472572,0.009179,-0.044412,-0.026787,-0.566252,-0.014099,PinchIndex,3
4550.000,-0.008512,0.034409,0.674377,-0.219135,0.036611,-0.025053,-0.037572,-0.028357,PinchIndex,3
4555.000,-0.012160,-0.051345,0.711527,0.211004,0.024988,0.028889,0.198453,0.002813,PinchIndex,3
4560.000,-0.017721,-0.021535,-0.449857,-0.028320,-0.045602,0.002465,0.360064,0.017812,PinchIndex,3
4565.000,0.036038,0.026439,-0.786618,-0.332453,0.008231,0.006172,0.015203,0.008608,PinchIndex,3
4570.000,0.001435,0.008338,0.177615,-0.289974,0.043215,-0.025073,-0.099271,0.010125,PinchIndex,3
4575.000,0.019998,-0.009182,0.273636,-0.015289,-0.006568,-0.004271,0.126604,-0.004999,PinchIndex,3
4580.000,-0.080733,0.042698,0.432692,0.371699,0.001439,0.030498,-0.162103,0.008255,PinchIndex,3
4585.000,0.032589,-0.001181,-0.129295,0.292940,-0.028795,-0.061110,-0.209157,-0.037367,PinchIndex,3
4590.000,0.004198,-0.041871,-0.645031,-0.573521,0.032268,0.031113,0.255706,0.025969,PinchIndex,3
4595.000,0.038984,-0.015463,0.363099,0.213668,-0.045350,0.018664,0.177352,-0.000810,PinchIndex,3
4600.000,-0.017093,0.002554,-0.482853,0.691741,0.000639,0.001820,-0.153496,0.020054,PinchIndex,3
4605.000,-0.012914,0.021507,0.605124,-0.506840,0.038522,0.007095,-0.322475,0.017529,PinchIndex,3
4610.000,0.014495,0.009712,0.340155,0.166640,-0.031163,0.002976,0.376290,-0.058622,PinchIndex,3
4615.000,-0.005397,-0.010054,0.039310,-0.289963,-0.004839,-0.022426,0.080709,-0.006481,PinchIndex,3
4620.000,0.007919,0.043267,-0.815332,-0.101518,-0.002726,0.009701,-0.380967,0.018671,PinchIndex,3
4625.000,-0.018782,-0.036880,0.126934,-0.047783,0.044976,-0.014628,-0.016808,-0.034244,PinchIndex,3
4630.000,-0.008841,-0.025469,0.386946,0.234339,-0.009514,0.006612,0.153503,0.041885,PinchIndex,3
4635.000,-0.024425,0.004907,-0.540499,-0.275582,0.012914,-0.018030,-0.262313,0.035947,PinchIndex,3
4640.000,0.048797,-0.002394,0.308033,0.070158,-0.039118,0.012841,0.337780,-0.048532,PinchIndex,3
4645.000,-0.001233,-0.003842,0.124120,0.134849,0.024817,0.012559,-0.019505,0.024318,PinchIndex,3
4650.000,0.008907,0.020501,0.176331,0.176138,-0.014251,0.008181,0.269600,0.041852,PinchIndex,3
4655.000,-0.029079,0.013944,-0.386766,-0.292111,-0.014358,-0.012310,-0.007759,-0.036556,PinchIndex,3
4660.000,-0.021562,0.006802,-0.183977,0.430734,0.019130,0.008152,-0.156350,-0.036907,PinchIndex,3
4665.000,0.048068,0.002057,0.438091,-0.092103,-0.030162,-0.032427,-0.106972,-0.016135,PinchIndex,3
4670.000,0.020989,-0.029657,-0.386096,0.000405,0.000580,0.017001,-0.106675,0.003870,PinchIndex,3
4675.000,-0.027592,-0.010089,0.353144,-0.171070,0.028248,0.025972,0.161823,0.009905,PinchIndex,3
4680.000,-0.031098,0.022541,0.104110,-0.281737,0.018087,-0.018488,-0.264494,0.018042,PinchIndex,3
4685.000,-0.001242,0.008277,0.008244,-0.211860,0.006859,0.033313,-0.198352,0.010768,PinchIndex,3
4690.000,0.039772,-0.037695,0.090357,0.088925,-0.023243,-0.043546,0.271458,0.012640,PinchIndex,3
4695.000,-0.026902,0.045447,-0.287792,0.443686,-0.019774,-0.016166,0.236624,0.013838,PinchIndex,3
4700.000,-0.012580,0.004008,-0.396985,0.079602,0.023569,-0.002538,0.204767,0.004415,PinchIndex,3
4705.000,0.050718,-0.001738,0.175422,0.654958,0.021837,0.017947,0.106814,-0.047031,PinchIndex,3
4710.000,-0.046702,-0.065751,0.429556,-0.457243,-0.025615,0.002876,-0.486471,-0.029484,PinchIndex,3
4715.000,0.055080,-0.013330,-0.464905,-0.707022,-0.000109,0.022911,-0.190620,-0.013746,PinchIndex,3
4720.000,-0.017296,0.033386,0.188604,-0.183381,-0.008387,0.001850,0.008523,0.075932,PinchIndex,3
4725.000,-0.022178,0.041246,0.134615,0.531260,-0.028975,-0.003140,0.181515,-0.007492,PinchIndex,3
4730.000,-0.014729,0.025338,0.008360,0.049998,0.005789,-0.029763,-0.181653,-0.005107,PinchIndex,3
4735.000,-0.016239,-0.037119,-0.186311,-0.165722,0.012675,0.012904,0.601483,-0.022874,PinchIndex,3
4740.000,0.006304,0.008982,0.503431,-0.093455,0.022333,0.055770,-0.124235,0.020598,PinchIndex,3
4745.000,0.033815,-0.038816,-0.322293,0.823846,0.017993,-0.043811,-0.085589,-0.017508,PinchIndex,3
4750.000,0.011982,0.047485,-0.078491,-0.666325,-0.025842,-0.022216,-0.492301,0.022950,PinchIndex,3
4755.000,0.014662,-0.026070,-0.134817,0.246577,-0.000056,-0.019332,0.339675,0.015973,PinchIndex,3
4760.000,0.003466,-0.008704,-0.279886,0.011724,-0.011279,-0.009962,-0.183331,-0.025937,PinchIndex,3
4765.000,-0.028848,-0.010529,0.738846,-0.141661,0.017061,-0.000647,0.205004,-0.026276,PinchIndex,3
4770.000,-0.029552,0.009216,-0.252043,-0.313001,0.005569,0.025300,-0.017195,-0.041397,PinchIndex,3
4775.000,-0.012814,0.029149,-0.137906,-0.089807,0.015977,0.065838,-0.003271,0.057665,PinchIndex,3
4780.000,0.006657,-0.009456,-0.089063,0.344974,-0.025770,-0.008530,-0.142689,0.052029,PinchIndex,3
4785.000,0.002759,0.009687,0.019513,-0.018034,-0.005541,0.009040,0.339819,-0.046650,PinchIndex,3
4790.000,0.054035,-0.010005,0.015276,-0.167033,-0.022569,-0.063591,0.296176,-0.006767,PinchIndex,3
4795.000,-0.015703,-0.017675,0.190924,0.252070,0.059085,-0.000143,-0.472390,0.040655,PinchIndex,3
4800.000,0.015143,-0.016623,0.225841,0.186889,-0.014810,-0.013642,0.259833,-0.033892,PinchIndex,3
4805.000,-0.033481,0.021862,-0.181955,0.137281,-0.035295,0.006334,-0.785189,0.019770,PinchIndex,3
4810.000,0.002580,-0.015998,0.078468,-0.352662,0.031960,0.041860,0.094253,-0.066461,PinchIndex,3
4815.000,0.023871,0.008261,-0.242641,-0.226168,-0.048564,-0.060822,0.220426,0.000743,PinchIndex,3
4820.000,-0.003037,0.027131,-0.297798,-0.247560,0.034776,0.037913,0.259928,0.069635,PinchIndex,3
4825.000,-0.050690,0.014612,0.463074,0.075588,-0.045279,0.007777,0.394655,-0.020859,PinchIndex,3
4830.000,0.023571,-0.022106,-0.307616,0.548440,0.079262,0.017847,-0.094241,0.011308,PinchIndex,3
4835.000,-0.005371,-0.032759,0.136758,0.052893,-0.012170,0.025450,-0.639425,0.014632,PinchIndex,3
4840.000,0.008281,0.013715,0.026802,-0.023212,-0.034015,-0.026020,-0.117860,-0.005351,PinchIndex,3
4845.000,0.036922,0.036866,0.351185,0.192026,0.022921,-0.032611,0.199574,-0.016286,PinchIndex,3
4850.000,-0.024542,0.008104,-0.435059,-0.112619,-0.039082,0.000425,0.541693,-0.033654,PinchIndex,3
4855.000,-0.011012,-0.022875,0.081998,-0.754257,0.022403,-0.046558,0.036541,-0.003570,PinchIndex,3
4860.000,0.007969,-0.012433,0.100971,0.289334,0.049260,0.062749,-0.570729,0.024665,PinchIndex,3
4865.000,-0.038626,-0.001368,0.101578,-0.108370,-0.060016,-0.003864,-0.194265,0.061937,PinchIndex,3
4870.000,-0.000295,-0.023716,-0.224919,0.299994,0.030210,-0.002370,0.119213,-0.085041,PinchIndex,3
4875.000,0.046877,0.007375,0.160877,-0.351653,0.010366,0.017248,0.598753,-0.019901,PinchIndex,3
4880.000,0.019468,-0.029698,-0.310867,0.445206,-0.007291,-0.012721,0.021555,0.007105,PinchIndex,3
4885.000,-0.021637,0.053437,-0.226789,0.212123,-0.061473,-0.015292,-0.554588,0.050103,PinchIndex,3
4890.000,0.019593,0.012773,0.450303,0.032365,0.032022,-0.046619,0.155864,0.040526,PinchIndex,3
4895.000,0.002211,-0.011939,-0.207468,-0.383091,0.006865,0.078001,0.482950,-0.009524,PinchIndex,3
4900.000,-0.021178,0.035372,0.425984,-0.504245,-0.019801,0.011716,-0.612330,-0.007833,PinchIndex,3
4905.000,-0.014324,0.014576,0.064214,0.528668,0.035960,-0.019920,0.129337,0.000216,PinchIndex,3
4910.000,-0.049314,-0.042980,0.353746,0.413316,-0.009708,-0.001975,-0.182210,-0.039515,PinchIndex,3
4915.000,0.040631,-0.018573,-0.685733,-0.099784,0.056110,-0.004621,-0.307818,-0.053310,PinchIndex,3
4920.000,0.005299,-0.038379,-0.319616,-0.006423,-0.057577,-0.036754,0.416881,-0.003024,PinchIndex,3
4925.000,-0.007202,0.019524,0.230506,-0.535471,0.025073,0.046336,0.323712,0.071648,PinchIndex,3
4930.000,0.007874,-0.004289,0.159556,-0.368915,-0.044945,-0.024821,-0.040782,0.009062,PinchIndex,3
4935.000,0.003379,-0.008096,-0.270206,0.191381,-0.012794,0.000046,-0.010515,-0.034509,PinchIndex,3
4940.000,0.024210,0.037025,-0.296577,0.438449,0.022083,0.003483,0.379005,0.059622,PinchIndex,3
4945.000,0.028151,0.042172,0.224638,-0.064593,0.029161,0.029226,-0.634879,-0.000413,PinchIndex,3
4950.000,-0.016422,0.005835,0.950000,0.087051,-0.012115,-0.025518,0.036056,-0.075366,PinchIndex,3
4955.000,-0.030950,-0.048485,-0.402199,0.096264,-0.003897,-0.014140,-0.181651,0.017884,PinchIndex,3
4960.000,-0.025859,0.046718,-0.257806,0.366937,0.008979,0.003284,-0.084432,0.039223,PinchIndex,3
4965.000,0.000426,-0.046252,0.120456,-0.182815,-0.005676,0.015716,0.399836,-0.002347,PinchIndex,3
4970.000,0.016509,-0.009153,0.044535,-0.737533,-0.028221,0.025916,-0.253047,-0.026636,PinchIndex,3
4975.000,0.023160,-0.049863,-0.465340,0.276870,-0.012653,-0.030501,0.362012,-0.027323,PinchIndex,3
4980.000,-0.020689,0.032185,0.185045,0.069590,0.046371,-0.005999,-0.422037,0.043628,PinchIndex,3
4985.000,-0.001235,0.019778,0.280007,0.026548,0.016107,-0.005987,0.494061,-0.022784,PinchIndex,3
4990.000,-0.030394,0.038687,-0.414048,-0.171632,-0.030526,-0.019873,-0.314408,0.018726,PinchIndex,3
4995.000,0.040131,0.006284,0.274769,0.226877,0.001736,0.023840,0.223380,-0.023261,PinchIndex,3
5000.000,0.020217,-0.033454,-0.000056,0.168600,0.020275,0.043696,0.377963,0.000582,PinchIndex,3
5005.000,0.000534,0.002906,0.001813,-0.039967,-0.004357,-0.012231,-0.549112,0.053859,PinchIndex,3
5010.000,-0.003195,-0.018766,0.254229,-0.247667,-0.008634,-0.009690,-0.407619,-0.013160,PinchIndex,3
5015.000,0.003195,-0.031309,0.041344,-0.043617,0.001038,-0.023710,-0.134159,-0.012685,PinchIndex,3
5020.000,-0.031470,0.042088,-0.281534,0.227085,-0.031915,0.013546,0.576163,-0.037403,PinchIndex,3
5025.000,-0.049329,0.025874,-0.356257,0.114449,-0.013406,0.017474,0.150965,-0.009803,PinchIndex,3
5030.000,0.043180,0.002000,0.243716,-0.287545,0.060430,-0.006441,-0.174291,0.055445,PinchIndex,3
5035.000,0.020271,-0.032670,-0.218733,0.157663,-0.004600,-0.032659,0.126405,-0.040456,PinchIndex,3
5040.000,-0.017492,-0.025845,0.441061,-0.064484,-0.014832,0.007816,0.284373,0.040587,PinchIndex,3
5045.000,0.032509,0.009947,0.194048,-0.025998,-0.004836,-0.005472,-0.555520,0.013944,PinchIndex,3
5050.000,-0.007073,0.036130,-0.442661,-0.193053,0.019390,0.024358,0.187497,-0.043032,PinchIndex,3
5055.000,-0.033984,0.027994,-0.118244,-0.056619,-0.021117,-0.015169,-0.294885,-0.022969,PinchIndex,3
5060.000,0.044204,-0.034938,0.197255,0.040660,0.014464,0.003473,0.009352,-0.003533,PinchIndex,3
5065.000,-0.007840,-0.016071,-0.326119,0.219586,-0.030150,0.006073,-0.209453,0.050348,PinchIndex,3
5070.000,-0.019072,-0.006008,0.617538,0.250059,0.039338,-0.031445,0.734464,-0.012638,PinchIndex,3
5075.000,-0.000000,0.000000,0.000000,0.000000,0.000000,-0.000000,-0.000000,-0.000000,Rest,0
5080.000,0.000006,-0.000006,0.000003,-0.000000,-0.000006,-0.000000,0.000007,-0.000001,Rest,0
5085.000,0.000003,-0.000035,-0.000042,-0.000009,0.000039,-0.000008,-0.000041,0.000010,Rest,0
5090.000,-0.000088,0.000103,-0.000002,-0.000004,-0.000005,0.000043,0.000047,0.000094,Rest,0
5095.000,0.000107,0.000160,0.000031,0.000093,0.000026,0.000052,0.000088,0.000000,Rest,0
5100.000,0.000011,-0.000371,0.000162,-0.000208,-0.000099,-0.000021,-0.000049,-0.000317,Rest,0
5105.000,0.000037,0.000042,0.000033,0.000173,-0.000541,-0.000040,-0.000182,0.000163,Rest,0
5110.000,-0.000224,0.000194,0.000233,-0.000131,0.000157,-0.000355,-0.000084,-0.000222,Rest,0
5115.000,-0.000095,-0.000061,-0.000041,0.000244,0.000718,-0.000072,0.000481,0.000046,Rest,0
5120.000,0.000064,0.000219,-0.001016,0.000432,0.000606,-0.000213,-0.000104,-0.000145,Rest,0
5125.000,0.000140,-0.000076,0.000149,-0.001227,0.000703,0.001195,-0.000164,-0.000563,Rest,0
5130.000,-0.000396,-0.000447,0.000077,0.001133,-0.001164,-0.000032,-0.001430,0.001534,Rest,0
5135.000,0.000726,-0.000049,-0.000380,-0.000926,-0.001469,0.000144,0.001265,0.000577,Rest,0
5140.000,0.001269,-0.000272,0.000653,-0.000692,-0.000433,0.000323,0.001109,-0.000769,Rest,0
5145.000,-0.000965,-0.000577,0.001661,0.000877,-0.000715,-0.002542,-0.000861,-0.000910,Rest,0
5150.000,0.000607,0.001489,-0.002852,0.002354,0.002305,-0.000457,0.000077,0.001745,Rest,0
5155.000,-0.001387,-0.000725,0.002990,-0.000696,0.000856,0.001568,0.001138,-0.000903,Rest,0
5160.000,-0.000717,0.003804,-0.002191,-0.003089,0.000481,0.002123,-0.001795,0.001251,Rest,0
5165.000,-0.001734,0.001096,0.001324,0.000735,-0.003276,-0.001314,0.003670,-0.002259,Rest,0
5170.000,0.000616,-0.004741,-0.000367,0.001781,0.004987,-0.000053,-0.006009,0.000353,Rest,0
5175.000,0.003532,-0.003428,0.001883,-0.001326,-0.003561,0.001019,-0.000247,-0.004462,Rest,0
5180.000,0.000280,-0.001066,-0.003705,0.004334,-0.001077,-0.000133,0.000533,0.002469,Rest,0
5185.000,-0.004091,0.001212,-0.004156,-0.005022,-0.002630,-0.003525,0.003220,0.007759,Rest,0
5190.000,0.003184,0.006453,0.007998,-0.003441,0.008336,-0.001689,0.003815,-0.007744,Rest,0
5195.000,-0.002190,0.002008,-0.002138,0.004915,0.001648,0.005673,-0.005479,0.003318,Rest,0
5200.000,0.005069,-0.002712,-0.000830,-0.003015,-0.005857,0.000130,0.002212,-0.001345,Rest,0
5205.000,0.000065,-0.005571,0.002936,0.004956,-0.001475,-0.000236,-0.002638,0.001460,Rest,0
5210.000,-0.004589,-0.001315,-0.003752,-0.005213,-0.004257,0.000990,0.001291,0.001013,Rest,0
5215.000,0.004561,0.002540,-0.001240,0.004349,0.004865,-0.009363,0.005892,-0.003030,Rest,0
5220.000,-0.011223,0.001960,0.007608,0.008320,0.001191,0.008591,-0.004712,0.000745,Rest,0
5225.000,0.004154,0.000471,-0.001192,-0.003201,0.003626,0.002373,-0.010945,0.004717,Rest,0
5230.000,0.008400,0.005505,0.001779,-0.013097,-0.007879,-0.002101,0.018495,-0.007568,Rest,0
5235.000,-0.007947,0.004559,-0.011770,-0.004223,0.006512,-0.005327,-0.009805,-0.002114,Rest,0
5240.000,-0.005385,-0.004958,-0.003858,0.012518,-0.006102,-0.008580,-0.002640,0.007143,Rest,0
5245.000,-0.000950,-0.011814,-0.009573,-0.003092,0.000366,0.017355,0.009677,0.001816,Rest,0
5250.000,0.008645,0.004096,0.027086,0.003224,0.004550,0.001168,-0.011250,-0.013256,Rest,0
5255.000,0.012763,-0.000440,0.010905,0.005864,-0.002492,-0.013540,-0.001691,0.003641,Rest,0
5260.000,0.000945,-0.006073,-0.006099,-0.009077,0.006654,0.005739,0.000152,0.007152,Rest,0
5265.000,-0.005883,0.008085,-0.015418,-0.009820,-0.003921,0.007323,0.004190,0.013347,Rest,0
5270.000,-0.003765,0.002639,-0.012644,0.009978,-0.003271,0.003029,0.016777,-0.005758,Rest,0
5275.000,-0.005488,-0.000518,0.007862,0.013631,0.002562,-0.013586,0.002378,-0.006404,Rest,0
5280.000,-0.001948,0.006846,0.023922,-0.011788,0.005163,0.004472,-0.009227,-0.012652,Rest,0
5285.000,-0.012981,-0.017733,-0.021686,0.004399,0.014735,-0.014834,-0.015604,-0.006303,Rest,0
5290.000,0.005683,-0.003645,-0.002584,-0.005866,-0.031426,0.006723,-0.000521,0.020694,Rest,0
5295.000,0.015450,0.028731,0.024852,0.011235,-0.000524,0.009389,-0.008928,-0.006327,Rest,0
5300.000,0.001020,-0.002631,-0.014514,0.000769,0.007706,0.009554,0.022148,0.005152,Rest,0
5305.000,0.015014,-0.004002,-0.009360,-0.045151,-0.011728,0.023827,0.007633,-0.008478,Rest,0
5310.000,-0.022802,-0.020760,0.018965,0.015170,-0.010187,-0.019707,0.002573,0.008520,Rest,0
5315.000,-0.023133,-0.003433,-0.008520,0.005812,0.023616,-0.034380,-0.019753,0.019627,Rest,0
5320.000,0.025271,0.011495,-0.022052,0.019555,0.018601,-0.022876,-0.022375,-0.025009,Rest,0
5325.000,0.013123,0.005587,0.003152,0.029146,0.004322,0.024127,0.026257,0.003862,Rest,0
5330.000,-0.011681,0.014123,0.031998,-0.029708,-0.007816,0.020408,0.002902,-0.027513,Rest,0
5335.000,-0.009071,-0.017493,-0.008805,-0.011886,0.010203,-0.000626,0.016735,0.016936,Rest,0
5340.000,0.027694,-0.012243,-0.008457,-0.002553,-0.017937,0.010086,-0.011071,0.027076,Rest,0
5345.000,-0.024391,0.036798,0.006419,0.020771,-0.041820,0.033091,-0.015867,0.005597,Rest,0
5350.000,-0.000090,-0.040366,-0.034242,-0.038839,0.009164,-0.048311,-0.004437,-0.032320,Rest,0
5355.000,0.011242,0.005926,0.023721,0.026519,0.028246,-0.007488,0.033161,-0.005855,Rest,0
5360.000,-0.014700,0.010759,0.022879,0.033492,0.016923,0.008237,0.008755,0.026336,Rest,0
5365.000,0.025309,0.005031,0.013094,-0.033114,0.006176,0.004746,-0.034647,-0.042761,Rest,0
5370.000,-0.034832,-0.001750,-0.067586,0.019039,-0.004900,-0.015787,-0.010001,0.026895,Rest,0
5375.000,-0.004880,-0.001954,0.042784,-0.022458,-0.055588,0.009830,0.003696,0.006803,Rest,0
5380.000,0.023615,0.003799,-0.000002,-0.038116,-0.010387,0.011807,-0.011359,0.000460,Rest,0
5385.000,0.001883,-0.008747,-0.012052,0.038403,0.050160,0.010846,-0.000504,0.004084,Rest,0
5390.000,0.000687,0.016981,0.019810,-0.018096,-0.005046,-0.038062,0.031827,0.040969,Rest,0
5395.000,0.003501,0.020292,-0.019220,0.021946,0.023015,-0.009168,0.032231,-0.044640,Rest,0
5400.000,-0.009351,-0.030878,0.005954,0.024198,-0.001207,0.044950,-0.022303,-0.023081,Rest,0
5405.000,0.039595,-0.038298,0.005918,-0.043196,-0.034599,-0.030265,-0.012938,-0.010152,Rest,0
5410.000,-0.021162,0.014174,-0.006366,0.034715,0.044147,-0.003408,-0.027303,0.025703,Rest,0
5415.000,-0.038427,-0.011673,0.010992,-0.013366,0.000242,0.043760,0.005528,0.001568,Rest,0
5420.000,0.014653,0.033099,-0.028925,0.024401,-0.013247,0.021798,0.019574,-0.010831,Rest,0
5425.000,0.001590,0.045947,0.042629,-0.047986,-0.038650,-0.038219,0.004716,0.032451,Rest,0
5430.000,0.010320,0.000384,-0.027406,0.024786,-0.047931,-0.029152,0.023924,0.007677,Rest,0
5435.000,-0.008112,-0.063836,-0.003789,-0.016505,0.049389,-0.027556,-0.072900,-0.041552,Rest,0
5440.000,-0.044622,-0.010515,-0.031649,0.003397,-0.006112,0.044099,0.043289,-0.019774,Rest,0
5445.000,0.066224,0.067182,-0.012231,0.010859,0.045603,0.043481,0.026733,0.005284,Rest,0
5450.000,-0.022351,-0.051005,0.091511,0.005473,0.056397,-0.059283,-0.045306,0.056743,Rest,0
5455.000,0.057189,0.011756,-0.044002,0.008842,-0.042376,0.009599,0.047738,0.011943,Rest,0
5460.000,-0.045253,-0.024662,0.011479,0.011496,-0.017128,0.016295,-0.039275,-0.038389,Rest,0
5465.000,-0.026863,-0.010701,0.025945,-0.031316,-0.082569,-0.013255,-0.005137,0.026899,Rest,0
5470.000,0.016862,0.030050,-0.044609,0.012744,0.031723,0.029831,0.048174,0.016286,Rest,0
5475.000,-0.034083,0.030824,0.029612,-0.097269,0.038169,-0.010054,-0.037142,-0.068969,Rest,0
5480.000,0.010465,0.031739,0.006304,0.056104,0.023946,-0.013902,-0.037927,-0.041229,Rest,0
5485.000,0.065308,-0.093251,-0.025465,0.063011,-0.000287,-0.047643,0.003363,0.004874,Rest,0
5490.000,-0.021799,0.026909,-0.013384,-0.010755,-0.042260,0.001242,0.008075,0.074657,Rest,0
5495.000,-0.022122,0.039457,-0.021971,0.025705,0.022630,0.079174,0.078362,0.008225,Rest,0
5500.000,0.060821,-0.021453,-0.008910,-0.079482,-0.063206,0.002114,-0.023034,0.013635,Rest,0
5505.000,-0.043277,-0.033151,-0.013529,0.038726,0.055784,0.026438,-0.064348,-0.006516,Rest,0
5510.000,-0.067690,0.051858,0.137625,-0.044631,-0.030800,-0.024150,0.008952,-0.017307,Rest,0
5515.000,0.006091,-0.012707,-0.094239,0.076214,0.009566,-0.074836,0.077991,-0.068517,Rest,0
5520.000,0.043427,-0.056818,-0.001612,-0.077128,0.103278,-0.081217,0.004032,0.030448,Rest,0
5525.000,0.067441,0.013118,0.089033,0.090732,-0.074215,0.052432,-0.077571,0.035650,Rest,0
5530.000,-0.015733,-0.000464,0.010175,-0.021131,0.043805,0.106093,0.056407,-0.006834,Rest,0
5535.000,-0.114420,0.024913,-0.095482,-0.046251,-0.029991,-0.009517,-0.033309,0.056550,Rest,0
5540.000,0.058141,0.074964,-0.031841,0.004309,-0.018133,-0.002383,0.001506,-0.043474,Rest,0
5545.000,-0.057388,-0.025432,-0.072295,0.001348,-0.051689,0.013699,-0.013896,0.000070,Rest,0
5550.000,0.073681,-0.050465,0.067918,0.044632,-0.014613,-0.017971,-0.044123,-0.076645,Rest,0
5555.000,0.049090,-0.019809,0.060834,0.033668,0.051601,-0.054778,0.054038,0.004112,Rest,0
5560.000,0.017308,0.009441,0.078882,-0.118694,-0.021302,-0.008491,-0.009846,0.016693,Rest,0
5565.000,-0.066411,0.041269,-0.037419,-0.092906,0.030511,0.052975,0.006345,0.020731,Rest,0
5570.000,-0.012024,-0.062597,-0.081217,0.102909,0.064952,0.030518,0.029177,0.119159,Rest,0
5575.000,-0.026875,0.010029,0.103978,0.073890,-0.018056,-0.044782,0.047180,-0.025102,Rest,0
5580.000,-0.001944,0.034741,-0.064220,-0.020974,-0.046177,0.022264,-0.055891,-0.066364,Rest,0
5585.000,0.005303,0.054700,-0.055187,0.010571,0.000476,-0.066295,-0.003116,0.017145,Rest,0
5590.000,0.025868,-0.051036,-0.039278,0.069504,0.044500,0.032595,0.016165,-0.137946,Rest,0
5595.000,0.035099,-0.014303,0.060097,0.011162,-0.093731,0.000680,-0.149413,0.067312,Rest,0
5600.000,0.012646,0.093754,-0.043890,-0.145405,-0.025688,0.008052,-0.027507,0.105526,Rest,0
5605.000,-0.040203,-0.111177,0.043660,-0.008836,0.016415,-0.070517,0.229669,-0.016558,Rest,0
5610.000,-0.058601,-0.137056,0.077664,0.078546,0.098870,0.142720,0.038337,-0.107765,Rest,0
5615.000,0.015176,0.066499,0.050660,-0.046928,0.077026,-0.049527,-0.101832,0.061300,Rest,0
5620.000,0.104135,0.100633,-0.069238,0.036154,-0.063390,-0.028617,0.027964,0.033326,Rest,0
5625.000,0.024377,-0.016658,-0.039864,-0.126496,-0.070273,0.024608,-0.051302,0.012606,Rest,0
5630.000,-0.102321,0.142589,-0.111546,0.149250,-0.024664,0.052108,0.074530,-0.150914,Rest,0
5635.000,-0.078261,-0.014670,0.127879,-0.099256,0.009642,-0.038101,-0.115325,0.161138,Rest,0
5640.000,0.060559,-0.061451,-0.005249,-0.051592,-0.007235,-0.137865,0.019007,-0.012393,Rest,0
5645.000,-0.025461,-0.179336,-0.021503,0.228878,0.030924,0.098217,-0.040078,-0.092407,Rest,0
5650.000,0.139499,0.086548,0.022631,-0.057653,0.010921,0.091962,-0.021661,-0.023658,Rest,0
5655.000,-0.032541,-0.110659,-0.008046,0.048789,-0.042556,-0.099446,0.061301,0.130066,Rest,0
5660.000,-0.097402,0.131177,0.072631,-0.075015,-0.045436,-0.037689,0.098083,0.017775,Rest,0
5665.000,0.048880,0.092587,-0.119006,-0.052780,0.184820,0.084708,0.035397,-0.148014,Rest,0
5670.000,-0.015006,0.021869,-0.002930,-0.074575,0.019023,-0.037888,-0.046314,0.092863,Rest,0
5675.000,0.100647,-0.025990,0.083840,0.076367,-0.020341,0.006519,-0.093612,0.147698,Rest,0
5680.000,-0.102616,-0.096428,0.071331,-0.015813,-0.097132,-0.181029,-0.014299,-0.191431,Rest,0
5685.000,-0.024573,-0.002901,-0.072382,0.061522,-0.046735,0.280759,0.065216,-0.152070,Rest,0
5690.000,0.037259,-0.040427,-0.219078,-0.045591,-0.078008,0.026682,-0.060162,0.098531,Rest,0
5695.000,-0.065202,0.069358,0.177340,-0.065992,-0.008566,-0.028107,0.004323,0.166883,Rest,0
5700.000,0.072258,-0.052628,0.061890,0.047026,0.038794,-0.182312,0.045506,0.024825,Rest,0
5705.000,0.040399,0.022038,-0.165546,0.113594,0.168021,-0.127196,0.087002,-0.109416,Rest,0
5710.000,-0.101537,0.027085,-0.007562,0.004985,0.060829,0.262526,0.006211,-0.031656,Rest,0
5715.000,0.112604,0.074949,0.222148,-0.075321,-0.032184,0.014792,-0.018665,-0.034718,Rest,0
5720.000,0.008066,-0.124962,0.135459,0.121345,-0.011409,0.072144,-0.236929,-0.001356,Rest,0
5725.000,-0.047781,0.055820,-0.113407,-0.207976,-0.105558,-0.063901,0.048163,0.017126,Rest,0
5730.000,-0.022765,0.059093,-0.235808,0.138793,-0.032043,-0.127099,0.097510,0.162251,Rest,0
5735.000,-0.027507,-0.112334,0.039325,-0.090355,-0.018500,-0.062682,0.098336,-0.033864,Rest,0
5740.000,0.062711,0.103650,-0.122231,-0.085821,-0.122282,0.095178,-0.072436,-0.024420,Rest,0
5745.000,-0.160943,-0.112640,0.086702,-0.000725,0.167883,-0.016261,-0.037999,-0.189348,Rest,0
5750.000,0.068534,-0.031886,0.234374,0.140892,0.236655,0.026330,-0.014337,0.139136,Rest,0
5755.000,0.154761,0.127446,-0.002720,0.041132,-0.120709,0.110864,0.108510,-0.114044,Rest,0
5760.000,-0.026759,0.097790,0.055224,-0.091485,-0.095719,-0.010227,-0.001917,0.076694,Rest,0
5765.000,-0.026977,-0.097577,-0.250644,0.102575,-0.108493,-0.084673,-0.119795,0.222017,Rest,0
5770.000,0.066887,-0.201399,-0.095989,-0.132919,-0.000329,-0.123709,0.052753,-0.045780,Rest,0
5775.000,-0.175668,0.171586,0.076216,0.037766,-0.048617,-0.080359,0.047288,-0.172641,Rest,0
5780.000,-0.066650,-0.049942,0.173968,0.082372,0.224404,0.239102,-0.119940,0.056186,Rest,0
5785.000,0.021607,0.106456,-0.229376,0.094961,-0.041678,0.090535,-0.038350,-0.075992,Rest,0
5790.000,-0.007147,-0.096781,0.138315,-0.094879,0.036714,-0.013021,0.239671,-0.062720,Rest,0
5795.000,0.235437,-0.093223,0.202969,-0.059619,-0.023233,-0.041181,-0.117195,0.039739,Rest,0
5800.000,0.074733,0.190598,-0.014173,-0.174005,0.021766,-0.078079,0.004463,-0.010443,Rest,0
5805.000,-0.022321,0.177345,-0.288464,0.061611,0.034715,-0.052394,-0.044771,-0.019572,Rest,0
5810.000,-0.162997,-0.180758,0.118667,0.076033,-0.037019,-0.080211,-0.034996,0.140163,Rest,0
5815.000,-0.064675,0.005459,-0.034668,-0.063447,-0.161633,0.264238,0.010862,-0.065601,Rest,0
5820.000,-0.073088,-0.330229,-0.000574,0.213069,0.015666,-0.197684,0.120868,0.233563,Rest,0
5825.000,0.105592,0.159953,-0.156966,-0.044904,0.060008,0.048343,0.035732,-0.222137,Rest,0
5830.000,0.062386,-0.108873,0.317499,-0.039308,0.072259,0.079439,-0.082795,0.072536,Rest,0
5835.000,0.045625,0.280307,-0.064223,-0.002761,-0.178341,-0.036033,-0.184269,0.111276,Rest,0
5840.000,-0.203189,-0.013817,-0.198799,0.003769,0.044725,-0.063677,0.179405,-0.205801,Rest,0
5845.000,0.163116,-0.037666,0.036950,-0.066581,0.247390,-0.045148,-0.004899,0.012409,Rest,0
5850.000,-0.063631,0.120971,0.098127,0.004954,-0.144925,0.052939,-0.091293,0.070321,Rest,0
5855.000,0.067453,0.064944,-0.023219,-0.077984,0.067614,0.094796,0.170409,-0.060384,Rest,0
5860.000,-0.007459,-0.182247,0.093552,0.172354,0.081143,-0.076131,0.021471,-0.278055,Rest,0
5865.000,0.054817,-0.079111,-0.039176,-0.046387,-0.165206,-0.150288,-0.017318,0.157283,Rest,0
5870.000,-0.138743,-0.142261,-0.005905,-0.032983,-0.151846,0.191820,-0.208246,0.043271,Rest,0
5875.000,-0.061162,0.077259,0.009515,0.073853,-0.035744,0.212752,0.116588,0.321910,Rest,0
5880.000,0.158698,0.083091,-0.126558,0.047347,0.207879,-0.168249,-0.086041,-0.084306,Rest,0
5885.000,-0.167639,0.004852,0.315805,-0.114069,-0.278264,0.073762,-0.008788,-0.185684,Rest,0
5890.000,0.166423,0.206413,-0.293947,-0.134483,0.236494,-0.213358,0.033477,0.127210,Rest,0
5895.000,-0.009911,-0.122702,-0.034696,0.033257,0.357236,-0.106914,0.187780,0.051304,Rest,0
5900.000,0.018327,0.053231,-0.201030,0.153897,-0.200688,0.159336,-0.046656,-0.119977,Rest,0
5905.000,-0.037548,-0.264286,0.267445,-0.175965,0.071625,-0.109037,-0.139950,-0.134242,Rest,0
5910.000,0.130411,0.264686,0.209223,0.261627,-0.275267,0.095917,0.165496,-0.105056,Rest,0
5915.000,-0.225669,-0.041859,-0.028253,-0.087281,-0.044636,0.109493,-0.096823,0.312413,Rest,0
5920.000,0.036520,-0.166443,-0.283675,-0.099135,-0.043191,-0.156317,0.049966,-0.173403,Rest,0
5925.000,0.007608,-0.203579,0.199268,0.231941,0.069136,0.101077,-0.226380,0.059318,Rest,0
5930.000,-0.157025,0.451329,0.055042,0.049579,0.063500,0.198679,0.016219,-0.038801,Rest,0
5935.000,0.252481,-0.055453,-0.050796,-0.112760,0.158695,-0.180961,0.177273,0.134369,Rest,0
5940.000,-0.077797,0.031699,-0.228396,-0.422994,-0.111936,0.046168,-0.069331,-0.094940,Rest,0
5945.000,0.152622,-0.040721,-0.181873,0.052373,0.118563,-0.347279,0.191954,0.057695,Rest,0
5950.000,-0.049174,-0.118656,0.324868,-0.143795,-0.084976,0.017656,0.082482,0.059764,Rest,0
5955.000,-0.103285,-0.073737,0.137652,0.500439,-0.082876,0.412586,-0.186012,-0.037067,Rest,0
5960.000,-0.055116,0.097903,0.183347,0.090639,-0.221928,0.039772,-0.319953,0.195162,Rest,0
5965.000,0.050050,0.101670,-0.386354,0.007107,-0.000407,-0.214120,0.058826,-0.362689,Rest,0
5970.000,0.185463,-0.111225,0.082547,0.023937,0.380783,-0.034314,0.093308,0.041717,Rest,0
5975.000,-0.313146,-0.213459,0.249868,-0.150213,0.309456,0.021744,0.354752,0.041703,Rest,0
5980.000,0.068681,0.175891,-0.353310,-0.030615,-0.307316,-0.158575,-0.051188,-0.167540,Rest,0
5985.000,0.113030,0.205886,0.006562,-0.300599,-0.438679,0.067626,-0.020054,0.102187,Rest,0
5990.000,0.064405,-0.029782,-0.265321,0.142985,0.136202,0.210466,-0.330273,0.078685,Rest,0
5995.000,-0.340738,-0.142896,0.148296,0.105243,0.136459,0.083012,0.180135,-0.024016,Rest,0
6000.000,0.484094,0.259834,0.504858,-0.013899,-0.097636,-0.252227,0.136493,0.153353,Rest,0
6005.000,-0.097794,-0.120982,-0.085803,0.193105,0.323730,0.029051,-0.111370,0.077161,Rest,0
6010.000,-0.216550,-0.244381,-0.179918,-0.254373,-0.057989,0.083147,-0.413709,-0.281761,Rest,0
6015.000,-0.041824,-0.020901,-0.128312,0.158593,-0.150188,-0.002460,0.098292,-0.097988,Rest,0
6020.000,-0.206645,0.054551,0.071384,-0.068021,0.071930,-0.024544,0.336342,0.182808,Rest,0
6025.000,0.485086,0.059121,0.001707,-0.061599,0.001536,-0.150160,0.108470,0.235735,Rest,0
6030.000,-0.064115,0.065174,0.151127,0.023483,-0.160769,0.240293,-0.010756,0.023537,Rest,0
6035.000,0.073649,-0.295806,0.194444,0.068620,-0.175837,-0.215608,0.072542,-0.409328,Rest,0
6040.000,-0.139278,0.364342,-0.531707,-0.055267,0.424975,0.017105,-0.135546,-0.157802,Rest,0
6045.000,-0.057778,0.258979,-0.144577,0.067369,-0.201839,-0.027305,-0.362819,0.242485,Rest,0
6050.000,-0.097432,-0.254911,-0.061208,-0.011125,0.202495,0.169540,0.345654,0.327091,Rest,0
6055.000,0.145661,-0.039862,0.448070,-0.096931,0.160956,0.233447,-0.316959,-0.165691,Rest,0
6060.000,-0.126198,-0.060252,0.555856,0.243979,-0.266798,-0.148569,0.187955,-0.057550,Rest,0
6065.000,0.274757,-0.100306,-0.333672,-0.207757,-0.133988,-0.112599,-0.105632,-0.167027,Rest,0
6070.000,0.060947,0.051114,-0.241215,-0.181132,-0.127979,-0.139880,0.141394,0.157950,Rest,0
6075.000,-0.397805,0.021961,0.069790,0.113262,0.187109,0.110556,0.157077,-0.065201,Rest,0
6080.000,-0.014879,-0.227025,-0.115076,-0.006861,-0.256867,-0.319896,0.384066,-0.033950,Rest,0
6085.000,-0.180357,0.164561,-0.229204,0.145241,0.154251,-0.034963,-0.417259,0.011506,Rest,0
6090.000,0.402183,-0.154260,-0.082061,0.131369,0.199603,0.395102,-0.292823,0.036513,Rest,0
6095.000,-0.015561,0.530743,0.303262,-0.154070,0.167059,0.218426,-0.172628,0.082336,Rest,0
6100.000,-0.038982,0.020400,0.024035,0.173396,-0.014439,0.029641,0.305484,-0.175501,Rest,0
6105.000,0.404239,0.026052,0.145819,-0.178753,-0.033574,-0.024278,-0.061641,0.232299,Rest,0
6110.000,-0.045959,-0.152061,0.115953,-0.091121,-0.247995,-0.023148,0.009608,0.065336,Rest,0
6115.000,-0.444527,-0.247802,-0.070647,-0.027735,-0.025491,-0.267873,0.358463,-0.051651,Rest,0
6120.000,-0.183268,-0.034127,0.022246,0.360745,0.083872,-0.297232,0.205825,-0.213343,Rest,0
6125.000,0.104697,-0.288521,-0.327696,-0.462121,-0.257173,0.108738,-0.167917,-0.201806,Rest,0
6130.000,0.087736,0.326228,-0.108683,-0.310972,0.305129,-0.131045,-0.686085,0.131097,Rest,0
6135.000,0.352129,-0.116531,-0.104715,0.429682,-0.081482,-0.037175,-0.014998,0.239644,Rest,0
6140.000,-0.198903,-0.123172,0.263540,0.446319,0.155781,0.719583,0.065571,0.133997,Rest,0
6145.000,-0.019407,0.398015,0.177329,0.140022,-0.146987,-0.202998,0.512147,-0.072240,Rest,0
6150.000,-0.010080,0.192102,0.075914,-0.584791,0.034476,0.108637,0.138100,-0.236858,Rest,0
6155.000,-0.285261,0.141037,0.152169,0.104687,0.023562,0.168789,-0.025642,0.001650,Rest,0
6160.000,0.399805,-0.356427,-0.332618,-0.143240,-0.053842,-0.310059,-0.162517,-0.043723,Rest,0
6165.000,-0.169862,-0.079843,0.230547,-0.159940,0.248247,-0.200597,-0.316662,0.003226,Rest,0
6170.000,0.147988,-0.022841,-0.324013,0.098038,-0.193618,-0.213904,0.046048,0.488541,Rest,0
6175.000,-0.358113,-0.094787,-0.162375,0.213464,-0.103497,0.211667,-0.055208,0.251520,Rest,0
6180.000,0.089356,0.151906,-0.006433,0.186652,0.217540,0.213354,0.218074,-0.508735,Rest,0
6185.000,-0.014630,-0.039666,0.239044,-0.104128,-0.187605,-0.153642,0.032502,-0.707721,Rest,0
6190.000,0.152963,-0.021059,-0.204065,-0.199935,-0.286646,-0.143311,0.060497,0.108692,Rest,0
6195.000,0.666815,-0.173495,0.421152,0.060207,0.182471,0.064607,0.064962,0.169508,Rest,0
6200.000,-0.212869,0.192945,-0.006228,0.317137,0.373601,0.198690,-0.212295,0.257893,Rest,0
6205.000,-0.690797,-0.131885,-0.145904,-0.327857,-0.180505,0.243893,0.113105,0.389348,Rest,0
6210.000,-0.342267,0.013700,0.351129,-0.079653,0.184148,-0.111865,-0.373022,0.105773,Rest,0
6215.000,0.270790,0.358883,-0.238112,0.006380,-0.430849,-0.315170,0.180735,-0.043426,Rest,0
6220.000,0.374006,0.111944,-0.322268,-0.035576,-0.124559,-0.232868,0.279663,-0.292720,Rest,0
6225.000,-0.004682,0.134723,-0.169322,0.114202,0.541607,0.462365,-0.090402,-0.099511,Rest,0
6230.000,0.056944,-0.620393,0.418646,0.147854,-0.045894,-0.053459,0.087435,-0.348525,Rest,0
6235.000,0.068672,-0.100691,-0.165080,0.025721,-0.295638,0.062195,-0.008563,0.108622,Rest,0
6240.000,-0.215102,0.031080,0.312129,-0.162290,0.277226,-0.167645,0.026629,-0.023975,Rest,0
6245.000,0.075936,0.228341,0.082292,-0.102020,0.142240,-0.196278,-0.272332,0.181975,Rest,0
6250.000,0.025590,-0.112692,-0.464648,0.163547,-0.480698,0.331700,-0.108079,0.200773,Rest,0
6255.000,-0.111901,0.043674,-0.467130,0.045138,0.303427,0.196526,0.007567,0.367771,Rest,0
6260.000,0.051737,0.007741,0.390402,-0.111773,-0.364034,-0.291811,-0.123552,-0.217029,Rest,0
6265.000,-0.000503,0.186892,0.305408,0.400259,-0.047314,-0.366984,0.369615,-0.483310,Rest,0
6270.000,-0.098005,0.280543,0.308708,-0.695582,0.186504,0.216811,0.160016,0.244051,Rest,0
6275.000,0.299434,-0.336974,-0.014841,0.193393,0.169459,-0.186126,0.098462,-0.143860,Rest,0
6280.000,-0.411257,-0.310623,0.003139,0.031927,0.256626,0.396574,-0.355236,0.340772,Rest,0
6285.000,0.186112,0.244036,-0.562524,0.041721,-0.390298,0.044560,-0.224512,-0.323780,Rest,0
6290.000,-0.341785,-0.193850,0.315261,0.570329,0.641118,0.629497,0.119586,-0.041133,Rest,0
6295.000,0.341559,0.206429,-0.543982,-0.770510,-0.682558,-0.191319,0.429224,0.202336,Rest,0
6300.000,0.299624,0.122497,0.123330,0.031127,-0.255356,-0.763380,-0.224204,-0.394836,Rest,0
6305.000,0.166849,-0.377607,0.322970,0.223538,0.363843,-0.202316,0.450653,0.324562,Rest,0
6310.000,-0.671126,-0.060696,0.116212,0.043807,0.102089,-0.238659,-0.280744,0.179317,Rest,0
6315.000,0.037630,0.610073,0.044970,0.206280,-0.099736,0.545262,-0.655214,-0.024129,Rest,0
6320.000,0.474046,-0.067649,-0.228598,-0.183621,-0.440801,0.516838,0.034198,-0.058442,Rest,0
6325.000,-0.535679,-0.445776,0.050085,-0.061301,0.431358,-0.222190,0.351803,-0.234656,Rest,0
6330.000,0.148088,0.363566,-0.215414,-0.189773,-0.066782,-0.311931,-0.007867,0.244544,Rest,0
6335.000,0.102629,-0.195898,0.285154,-0.154845,0.516244,-0.045246,-0.087163,-0.025074,Rest,0
6340.000,0.075035,0.138977,0.115155,0.564935,-0.290372,0.475957,0.376252,-0.040210,Rest,0
6345.000,0.084273,-0.425702,-0.045804,-0.198427,-0.110010,-0.083865,-0.007295,0.134720,Rest,0
6350.000,-0.181165,0.261266,-0.482170,0.435173,0.193954,-0.554288,0.125479,-0.247583,Rest,0
6355.000,-0.076452,-0.075897,0.117433,-0.589686,-0.181976,0.320551,-0.304484,-0.050056,Rest,0
6360.000,-0.118311,0.367069,0.581256,-0.146202,-0.176179,-0.020730,-0.105286,-0.006978,Rest,0
6365.000,-0.080431,-0.023855,-0.524178,0.389725,0.065559,0.297910,-0.395441,0.135505,Rest,0
6370.000,0.432220,-0.153359,0.449974,-0.215911,-0.053397,-0.084129,0.334375,0.095544,Rest,0
6375.000,-0.091227,-0.074930,0.134366,-0.082321,-0.161381,-0.222820,-0.142412,-0.171756,Rest,0
6380.000,0.350685,-0.145595,-0.604752,0.515562,-0.038258,0.008490,0.078254,-0.018825,Rest,0
6385.000,-0.258776,0.037102,-0.046190,-0.377637,0.515498,-0.081858,0.425098,0.285132,Rest,0
6390.000,-0.200920,0.230229,-0.079436,-0.177279,-0.071762,0.019608,0.169706,-0.239667,Rest,0
6395.000,0.090915,0.190259,0.294191,0.289320,0.119526,-0.077315,-0.117412,-0.069207,Rest,0
6400.000,-0.262978,-0.559040,0.096871,-0.034517,0.175963,0.412337,-0.177646,0.369196,Rest,0
6405.000,0.232404,0.176735,0.044787,0.130475,-0.709231,-0.381109,-0.135546,-0.054339,Rest,0
6410.000,-0.058195,0.043105,-0.074118,-0.452931,0.150674,-0.281243,0.081057,-0.311248,Rest,0
6415.000,0.105462,-0.010906,0.083480,0.293875,-0.603716,0.497928,-0.028545,0.257487,Rest,0
6420.000,-0.104921,-0.155764,-0.112898,-0.005546,0.833727,0.136742,-0.624407,0.077005,Rest,0
6425.000,-0.027091,0.199646,0.247164,0.285348,0.547818,0.043550,0.106571,-0.625178,Rest,0
6430.000,0.151494,0.280231,-0.519756,-0.442959,-0.232445,0.024072,0.560679,0.355645,Rest,0
6435.000,-0.089060,-0.185990,-0.016536,0.457652,-0.577230,-0.213056,0.352228,-0.277977,Rest,0
6440.000,0.069507,0.445075,0.050639,-0.465384,-0.049364,-0.090074,-0.117358,0.331804,Rest,0
6445.000,-0.400159,-0.324146,0.103309,-0.059622,-0.103734,-0.004740,-0.378627,0.695787,Rest,0
6450.000,0.663756,-0.529246,0.108573,0.081498,0.463815,-0.200088,0.223199,-0.693282,Rest,0
6455.000,-0.166434,-0.285787,0.121491,0.002912,-0.022688,0.447570,-0.116765,-0.081691,Rest,0
6460.000,-0.000014,0.180035,0.237952,0.385352,0.115859,-0.100013,-0.243748,0.002643,Rest,0
6465.000,-0.114123,0.784071,0.073377,-0.080894,0.165747,-0.463991,-0.161333,-0.303271,Rest,0
6470.000,-0.359714,0.253121,-0.074540,0.120274,-0.868802,-0.115846,0.367365,0.337076,Rest,0
6475.000,0.079263,-0.582093,-0.832629,-0.312808,0.339592,0.471116,0.076390,0.294005,Rest,0
6480.000,0.416397,-0.174037,0.106108,0.184235,-0.222919,-0.053094,0.010866,0.102476,Rest,0
6485.000,-0.041663,-0.043231,0.131180,-0.383360,0.392503,0.403109,0.003761,-0.519102,Rest,0
6490.000,0.039416,-0.069586,0.274669,-0.078178,-0.214138,0.034422,0.144604,-0.114497,Rest,0
6495.000,-0.166970,0.508086,0.387392,0.223453,0.505638,-0.209582,-0.149685,0.273356,Rest,0
6500.000,-0.035637,-0.399401,-0.456164,0.298492,-0.362685,-0.020219,-0.133725,-0.067594,Rest,0
6505.000,0.019181,0.082401,-0.021389,-0.145522,-0.016898,-0.298519,0.054573,0.573635,Rest,0
6510.000,-0.208329,0.327594,0.183549,-0.202650,0.377695,-0.573959,-0.317480,-0.408363,Rest,0
6515.000,0.124862,-0.127656,-0.182164,-0.122245,-0.070339,0.517395,0.003281,-0.238664,Rest,0
6520.000,0.066110,-0.115270,-0.314308,0.154823,-0.174011,0.125728,0.352588,-0.057243,Rest,0
6525.000,0.382236,-0.177806,0.347001,0.261797,-0.311503,0.520697,0.170418,0.120196,Rest,0
6530.000,-0.403976,0.163096,-0.006492,0.371777,0.264334,-0.425335,0.137448,0.090671,Rest,0
6535.000,0.105131,0.060118,0.295351,-0.226884,-0.251733,-0.039823,-0.360817,-0.036293,Rest,0
6540.000,-0.149442,-0.223778,0.014890,-0.675178,-0.142290,0.252824,-0.289119,0.193642,Rest,0
6545.000,0.075676,0.199566,-0.455056,0.100586,0.273556,0.047275,0.248415,0.008842,Rest,0
6550.000,0.228472,-0.216730,0.207872,0.029758,0.168843,-0.050970,-0.151818,-0.189347,Rest,0
6555.000,-0.117558,0.332051,0.036996,0.231813,0.092961,-0.407474,0.323827,0.089040,Rest,0
6560.000,-0.386299,-0.120352,-0.024017,0.267332,-0.166103,-0.204101,0.004739,-0.043513,Rest,0
6565.000,0.124262,0.283020,0.031812,-0.089955,0.116331,-0.183945,0.192049,-0.233126,Rest,0
6570.000,-0.004097,-0.333885,-0.231815,0.116141,-0.473886,0.536759,-0.204129,0.100106,Rest,0
6575.000,0.291153,-0.300760,-0.088833,-0.242911,0.184807,-0.171860,-0.159966,0.399160,Rest,0
6580.000,0.190456,0.106739,0.233186,-0.376023,0.544235,0.212983,-0.357254,-0.093980,Rest,0
6585.000,0.005455,0.225171,-0.097688,0.019349,-0.004309,0.511842,0.275095,-0.787035,Rest,0
6590.000,-0.209382,0.512750,-0.068370,-0.143875,-0.128237,-0.122430,-0.066119,0.167975,Rest,0
6595.000,-0.476097,-0.397994,0.061071,0.567848,-0.338961,-0.260109,0.702810,0.385686,Rest,0
6600.000,0.352846,-0.062469,0.613006,0.009599,-0.121463,0.021847,-0.416000,0.603376,Rest,0
6605.000,-0.016528,-0.094977,0.061759,0.391395,-0.266748,-0.388532,-0.015333,-0.242596,Rest,0
6610.000,-0.201651,-0.239339,-0.340973,-0.311544,0.302462,0.174932,-0.100885,-0.194527,Rest,0
6615.000,0.554519,0.140789,-0.470771,-0.296842,0.112123,-0.250772,-0.207160,0.170677,Rest,0
6620.000,-0.032222,-0.023607,-0.137265,-0.015005,0.316376,0.067211,0.106565,-0.614524,Rest,0
6625.000,-0.411299,-0.318913,0.531445,0.192466,-0.192963,-0.116142,-0.124180,-0.008506,Rest,0
6630.000,-0.039127,0.622426,-0.471877,-0.428250,0.155080,0.466188,0.274611,0.128357,Rest,0
6635.000,0.086788,0.435500,0.418190,0.426351,-0.138536,-0.057496,0.444494,-0.078324,Rest,0
6640.000,0.123001,-0.089838,-0.206062,-0.000831,-0.151311,0.223428,-0.234110,0.495255,Rest,0
6645.000,-0.069614,-0.300706,0.166863,-0.485974,0.389330,0.307254,-0.292661,-0.202901,Rest,0
6650.000,-0.331367,-0.906786,0.098875,0.555192,-0.472250,-0.582979,0.109784,0.305269,Rest,0
6655.000,0.716994,0.256240,0.010558,-0.176375,-0.272830,-0.405967,-0.584125,-0.276174,Rest,0
6660.000,-0.040811,0.214504,-0.273578,0.604525,0.160468,0.049695,0.400527,-0.207125,Rest,0
6665.000,-0.549704,0.707558,-0.180498,-0.526056,0.286746,0.278414,0.044776,0.106326,Rest,0
6670.000,0.025387,0.052098,0.224824,0.028777,-0.008812,0.311280,0.055774,-0.007961,Rest,0
6675.000,0.338753,-0.576925,0.328415,-0.006187,0.520592,-0.251508,0.208294,0.289635,Rest,0
6680.000,0.053483,-0.044151,-0.234549,-0.441249,-0.153771,0.057346,0.290982,-0.431970,Rest,0
6685.000,-0.105746,0.019684,0.025478,0.012174,-0.309768,-0.066362,-0.441004,0.443015,Rest,0
6690.000,0.108897,0.126477,0.078211,0.115405,-0.290959,0.197619,-0.059276,-0.049869,Rest,0
6695.000,-0.463257,-0.233668,-0.125175,0.300985,-0.163769,-0.398415,-0.068434,-0.019078,Rest,0
6700.000,0.014950,0.071499,-0.068254,0.681206,0.028588,0.076707,0.371226,-0.222896,Rest,0
6705.000,0.326548,-0.176284,-0.238479,-0.602383,0.125855,0.181890,-0.762672,-0.418379,Rest,0
6710.000,0.046023,0.528523,0.641252,-0.506054,0.360529,-0.099209,0.320590,0.187755,Rest,0
6715.000,-0.046982,-0.010668,-0.033210,-0.015836,0.049130,-0.018000,0.240548,0.216916,Rest,0
6720.000,-0.126438,-0.139357,-0.611403,0.310227,0.090501,0.362457,-0.171955,0.449838,Rest,0
6725.000,0.040166,-0.177024,0.200986,0.244940,0.121153,-0.361313,0.303340,-0.447246,Rest,0
6730.000,0.357043,0.360391,0.354822,-0.077335,-0.250012,0.438133,0.013990,-0.075178,Rest,0
6735.000,-0.311023,-0.079080,-0.353391,0.142955,0.208914,-0.359687,0.019292,0.119075,Rest,0
6740.000,-0.257028,-0.526269,-0.104189,-0.313204,-0.950000,-0.161271,-0.418352,0.013693,Rest,0
6745.000,-0.158621,-0.006580,-0.131144,-0.062068,-0.046808,0.154328,0.171165,0.421063,Rest,0
6750.000,0.528855,0.430021,0.525601,0.327154,0.396881,-0.090532,-0.089028,-0.144495,Rest,0
6755.000,0.101010,0.024354,0.036126,-0.275055,0.253388,0.048062,-0.036556,-0.115103,Rest,0
6760.000,-0.049699,-0.089421,-0.003182,0.230649,0.508156,-0.072604,-0.234800,-0.285347,Rest,0
6765.000,-0.362342,0.262147,-0.249389,-0.101309,-0.143055,0.180897,0.414354,-0.018659,Rest,0
6770.000,0.155496,-0.221865,-0.116169,-0.478045,-0.164114,-0.177080,0.168349,-0.400671,Rest,0
6775.000,-0.000000,-0.000000,-0.000000,0.000000,-0.000000,-0.000000,0.000000,-0.000000,Fist,1
6780.000,-0.000007,0.000002,0.000031,-0.000011,0.000020,0.000001,-0.000005,0.000001,Fist,1
6785.000,0.000080,0.000058,-0.000099,0.000030,0.000043,-0.000001,0.000007,-0.000005,Fist,1
6790.000,-0.000022,-0.000122,-0.000082,0.000011,-0.000156,0.000075,0.000007,0.000055,Fist,1
6795.000,-0.000116,-0.000494,0.000370,0.000014,0.000254,-0.000205,0.000093,-0.000055,Fist,1
6800.000,-0.000373,0.001243,0.000208,-0.000280,-0.000528,-0.000232,0.000182,-0.000063,Fist,1
6805.000,0.000301,-0.000258,-0.000303,0.000019,-0.000215,0.000575,-0.000175,0.000301,Fist,1
6810.000,0.000538,-0.000871,-0.001255,0.000520,0.000204,-0.000279,-0.000649,-0.000053,Fist,1
6815.000,-0.000556,0.000707,0.000339,-0.000149,0.000364,0.000679,0.000052,-0.000682,Fist,1
6820.000,-0.000014,-0.001200,-0.000396,0.000083,0.001268,0.000054,0.000882,0.000252,Fist,1
6825.000,0.000976,0.000811,0.003837,0.000510,0.000013,-0.001039,-0.002132,-0.001352,Fist,1
6830.000,0.001401,-0.001273,-0.000964,0.000459,-0.002358,0.000459,0.001849,-0.000659,Fist,1
6835.000,-0.006197,0.000733,-0.000799,-0.001248,-0.001036,-0.001991,0.000475,0.005138,Fist,1
6840.000,0.003122,0.002965,-0.003300,-0.001562,0.002005,0.002239,-0.000360,-0.000756,Fist,1
6845.000,-0.003417,0.002908,-0.004862,-0.002308,-0.001717,0.000666,0.002993,-0.000078,Fist,1
6850.000,0.008612,-0.006426,0.006101,0.005123,0.003580,0.003387,-0.002816,-0.002596,Fist,1
6855.000,-0.000667,-0.001592,0.009510,-0.002805,-0.000344,-0.005455,-0.002333,0.000515,Fist,1
6860.000,-0.001185,0.004583,-0.002844,0.005613,-0.001282,-0.006137,0.004557,0.000155,Fist,1
6865.000,0.001262,-0.003705,-0.003998,-0.000357,0.001217,0.003365,-0.001404,0.000650,Fist,1
6870.000,-0.004225,-0.001530,-0.004341,-0.002827,-0.003944,0.007812,-0.011699,0.000718,Fist,1
6875.000,0.005776,0.003426,0.005119,-0.004781,0.006790,0.000928,0.004911,-0.002805,Fist,1
6880.000,-0.019318,0.001397,-0.002729,-0.003521,-0.002367,-0.007199,0.012883,0.002790,Fist,1
6885.000,0.010099,-0.002911,-0.005532,0.006963,-0.003312,0.008007,-0.000759,-0.006368,Fist,1
6890.000,0.001416,0.003525,-0.002790,0.004672,0.009220,-0.004194,0.001140,-0.007271,Fist,1
6895.000,0.013373,0.006829,0.004732,-0.002089,-0.009356,0.000038,-0.007278,0.011312,Fist,1
6900.000,-0.010284,-0.006289,0.002466,0.006502,0.001284,-0.009194,-0.010638,0.007532,Fist,1
6905.000,-0.013754,0.000272,0.006964,-0.004535,-0.001899,0.003906,-0.002082,-0.004345,Fist,1
6910.000,0.008303,-0.004508,-0.003217,-0.016676,-0.002763,0.000435,0.010936,0.003938,Fist,1
6915.000,0.020652,-0.007180,0.000865,0.019303,-0.005329,0.005690,0.002525,-0.004264,Fist,1
6920.000,-0.008085,-0.007068,0.020921,-0.011658,0.011987,-0.000425,0.012231,-0.002977,Fist,1
6925.000,-0.020903,0.000409,-0.000224,-0.009754,-0.000156,0.004926,0.000638,-0.001798,Fist,1
6930.000,0.007917,0.009428,-0.042615,0.011025,-0.000954,-0.010243,-0.027164,0.013212,Fist,1
6935.000,0.008166,0.021090,-0.020847,0.025933,-0.004726,-0.006334,0.019052,-0.019674,Fist,1
6940.000,0.000727,0.010925,0.042925,-0.000712,0.004785,0.010465,0.002941,-0.001808,Fist,1
6945.000,-0.008403,-0.005136,0.006346,-0.026030,0.019797,0.011765,-0.022426,0.013151,Fist,1
6950.000,0.013841,-0.016110,-0.005396,-0.008499,-0.014489,-0.020551,-0.004937,-0.001412,Fist,1
6955.000,0.023471,-0.019872,-0.019639,-0.002551,-0.019026,-0.001057,0.011514,-0.004288,Fist,1
6960.000,-0.035984,0.006463,0.010413,-0.001461,-0.004531,0.036113,0.005368,0.018954,Fist,1
6965.000,-0.016234,0.007100,-0.011461,0.009330,0.014731,-0.003704,0.006122,0.012421,Fist,1
6970.000,0.007272,-0.006015,0.038951,0.016195,0.005526,-0.044927,0.011072,-0.030819,Fist,1
6975.000,0.023385,-0.010117,-0.019222,0.010442,0.007383,0.000973,0.015295,-0.017230,Fist,1
6980.000,-0.027289,0.001502,0.029377,-0.018342,0.005029,0.012424,-0.009430,-0.018246,Fist,1
6985.000,0.000116,0.018151,-0.049506,0.016449,0.011506,-0.000420,-0.050711,0.038734,Fist,1
6990.000,0.002344,0.020709,0.033928,0.008873,-0.043125,0.024414,-0.005151,0.021863,Fist,1
6995.000,0.003255,0.013604,-0.013387,-0.043326,0.005063,-0.027176,0.059340,-0.023424,Fist,1
7000.000,0.043697,-0.008303,-0.024294,-0.008310,-0.003674,0.013885,-0.042475,0.017689,Fist,1
7005.000,-0.025936,-0.055302,-0.011956,0.022773,0.022555,0.013193,0.012811,-0.012145,Fist,1
7010.000,0.023508,0.008319,0.018955,-0.007365,-0.023630,0.006375,-0.012469,-0.017459,Fist,1
7015.000,-0.003623,0.022788,0.072744,-0.003363,0.000795,-0.032288,0.020668,0.013846,Fist,1
7020.000,-0.039014,-0.019477,-0.049969,0.056742,0.016139,0.025341,-0.005916,0.022917,Fist,1
7025.000,-0.015447,0.022602,-0.008901,-0.029528,0.003905,-0.027824,0.035499,-0.041923,Fist,1
7030.000,0.037468,-0.006568,-0.036437,-0.018904,0.038459,-0.010255,-0.006136,-0.010301,Fist,1
7035.000,-0.051452,-0.018513,0.026882,-0.005952,-0.024652,0.021232,-0.002782,0.024198,Fist,1
7040.000,0.059580,0.030189,-0.011918,0.022334,-0.019716,-0.003583,-0.032326,0.034868,Fist,1
7045.000,-0.022645,0.003172,0.044783,0.000068,0.006792,0.018388,-0.024083,-0.041631,Fist,1
7050.000,-0.010072,-0.027470,0.018680,-0.057450,-0.014131,-0.031538,0.017013,0.025858,Fist,1
7055.000,-0.027674,0.004024,-0.030550,0.005816,-0.069246,-0.008241,-0.001556,-0.012021,Fist,1
7060.000,0.064751,0.033809,-0.045324,0.036047,0.065789,0.052248,0.014000,-0.003333,Fist,1
7065.000,0.053542,-0.043464,0.008946,0.065361,0.036246,0.012306,-0.023554,0.001568,Fist,1
7070.000,-0.008754,-0.013675,0.048221,-0.033950,-0.020330,-0.037078,0.061613,-0.022190,Fist,1
7075.000,-0.073662,0.022200,-0.027608,-0.014409,0.031270,-0.018594,0.007427,0.070712,Fist,1
7080.000,-0.052818,0.060305,-0.006703,-0.026533,-0.054416,0.047212,-0.033924,-0.093187,Fist,1
7085.000,-0.041258,-0.029832,0.064227,0.015571,0.073755,-0.032004,-0.063091,0.045297,Fist,1
7090.000,0.044560,0.005346,-0.098521,-0.035435,-0.025804,-0.030043,0.043585,0.039115,Fist,1
7095.000,0.139819,0.032656,0.036953,0.021414,-0.085218,0.064327,-0.044667,-0.048685,Fist,1
7100.000,-0.091558,-0.133739,-0.026926,-0.024853,0.023709,-0.040958,0.100011,-0.069198,Fist,1
7105.000,0.075825,0.004254,0.042285,0.114745,-0.010885,0.014416,0.008725,0.033591,Fist,1
7110.000,-0.033041,0.119084,0.059691,-0.076676,0.078690,-0.019820,-0.037315,0.072319,Fist,1
7115.000,-0.046535,-0.072890,-0.101802,-0.044587,0.008329,-0.024140,-0.014064,0.049747,Fist,1
7120.000,-0.043723,-0.035308,0.006650,0.064472,-0.038398,0.025553,0.003358,-0.016366,Fist,1
7125.000,0.000739,0.037842,-0.021190,-0.059406,0.042593,-0.066856,0.026505,-0.087818,Fist,1
7130.000,0.131305,0.061555,0.121177,0.059648,-0.005959,0.116974,-0.024283,-0.007274,Fist,1
7135.000,-0.033823,0.049744,0.036454,-0.012365,-0.103190,0.066612,-0.113975,0.020404,Fist,1
7140.000,-0.083261,-0.107165,-0.104894,-0.004964,-0.017904,-0.007390,0.035625,0.021785,Fist,1
7145.000,-0.009336,-0.038679,-0.022745,0.025363,0.049290,-0.134292,0.064707,0.066489,Fist,1
7150.000,0.018373,0.028081,-0.053618,-0.047114,0.028410,0.019445,0.083458,-0.138917,Fist,1
7155.000,0.068421,0.080564,0.034296,0.080256,-0.020936,-0.018747,-0.024383,-0.028767,Fist,1
7160.000,-0.010028,-0.025004,0.028874,-0.007567,0.053831,0.024622,-0.048942,0.062025,Fist,1
7165.000,0.025087,-0.006259,0.025322,-0.133209,0.030553,0.024035,0.009115,0.094592,Fist,1
7170.000,-0.115305,0.005587,0.026978,-0.041967,0.008608,-0.018084,-0.067111,0.000363,Fist,1
7175.000,-0.008397,0.017713,-0.086006,0.034632,-0.052599,0.030223,0.087472,-0.089407,Fist,1
7180.000,0.117535,-0.068247,0.065986,0.244712,-0.034545,-0.076443,-0.049714,0.033442,Fist,1
7185.000,-0.040705,-0.047282,-0.025659,0.034434,-0.079952,0.042509,-0.062068,-0.027865,Fist,1
7190.000,0.043108,-0.019760,0.001285,-0.202807,0.100140,-0.051871,0.084915,0.055993,Fist,1
7195.000,0.022569,0.064089,0.104499,-0.183397,0.019066,0.167544,0.085009,0.066298,Fist,1
7200.000,-0.038124,0.061799,-0.094190,0.087964,0.055004,-0.167704,-0.082359,-0.146993,Fist,1
7205.000,0.051549,-0.018305,-0.178231,-0.039447,-0.128217,0.007734,0.001944,-0.101434,Fist,1
7210.000,-0.320568,0.193718,0.156221,0.265018,-0.047609,0.153822,-0.050552,0.049258,Fist,1
7215.000,0.238812,-0.207911,0.135224,-0.077558,0.203102,-0.035168,-0.045711,0.038577,Fist,1
7220.000,-0.052139,-0.114629,-0.120310,0.024702,-0.174556,-0.036043,0.160746,0.197355,Fist,1
7225.000,-0.020041,0.123201,0.058001,0.004026,0.007339,-0.052089,-0.100138,-0.002741,Fist,1
7230.000,0.036806,-0.162480,-0.142255,0.098811,0.003549,-0.110362,0.096807,-0.120551,Fist,1
7235.000,0.123232,0.068861,0.018044,-0.132406,0.195039,0.185338,-0.046565,0.016562,Fist,1
7240.000,0.060868,0.048173,0.122682,-0.124424,-0.113153,0.002125,-0.109438,-0.079492,Fist,1
7245.000,-0.174257,0.054092,-0.097385,-0.012137,0.022500,-0.035139,0.059245,-0.012834,Fist,1
7250.000,-0.033918,0.121239,-0.067867,-0.074861,-0.013996,-0.100540,0.015831,0.017689,Fist,1
7255.000,0.046095,-0.017296,0.057055,0.131402,-0.061232,0.046309,0.058100,-0.031237,Fist,1
7260.000,0.193821,0.038914,0.266748,0.066871,-0.013851,0.116477,0.083022,0.038422,Fist,1
7265.000,-0.259625,-0.230618,-0.180155,0.020543,0.100394,-0.057143,-0.211318,0.075818,Fist,1
7270.000,0.128339,0.101438,0.045636,0.040372,-0.030610,0.063568,-0.000879,0.107650,Fist,1
7275.000,-0.119702,-0.210929,-0.123015,-0.011623,-0.170218,-0.152143,0.034836,-0.141650,Fist,1
7280.000,-0.085391,0.102328,-0.041516,0.006610,0.238408,-0.000809,0.004259,0.012067,Fist,1
7285.000,0.131683,0.063031,-0.025308,-0.015762,-0.144454,-0.005141,0.070676,-0.101046,Fist,1
7290.000,0.035170,-0.099141,0.055218,-0.271292,0.061811,0.137959,-0.047897,0.096719,Fist,1
7295.000,-0.078291,0.093801,0.136582,0.120540,0.015280,-0.041797,0.134388,0.011055,Fist,1
7300.000,0.152182,0.165392,0.014720,0.173167,-0.026497,0.083268,-0.073435,-0.144096,Fist,1
7305.000,-0.064213,0.009594,0.029165,-0.158402,-0.176776,-0.176292,-0.069899,0.120363,Fist,1
7310.000,-0.108682,-0.032625,-0.152693,0.022575,0.243433,-0.047515,0.101319,0.092119,Fist,1
7315.000,0.161638,-0.232186,-0.048864,0.110498,0.036809,0.089871,-0.070447,-0.132680,Fist,1
7320.000,0.068295,-0.070066,-0.121762,-0.018462,-0.092487,0.254630,-0.117243,-0.030392,Fist,1
7325.000,0.046657,0.065312,0.252654,0.007323,0.028907,-0.181252,0.156680,0.154074,Fist,1
7330.000,-0.017779,0.145301,-0.110027,-0.175596,-0.145762,-0.371506,-0.242798,0.089582,Fist,1
7335.000,-0.408766,0.060922,0.235944,0.154581,0.163728,0.252089,0.271799,-0.235628,Fist,1
7340.000,-0.044318,-0.076434,-0.156484,-0.032245,-0.088088,0.269645,-0.058158,-0.062954,Fist,1
7345.000,-0.060233,0.067250,-0.087828,0.060922,0.056721,-0.144176,0.008363,0.097613,Fist,1
7350.000,0.343584,-0.055916,0.066812,-0.150698,0.048916,-0.032071,0.032265,-0.103160,Fist,1
7355.000,0.308489,-0.058499,-0.039689,0.264194,-0.015079,-0.031992,-0.115869,0.185772,Fist,1
7360.000,-0.177872,-0.112988,-0.130587,-0.067205,-0.177651,0.070588,0.258165,-0.050153,Fist,1
7365.000,-0.332530,0.228187,0.144210,-0.271799,0.098536,-0.151569,-0.082972,0.064609,Fist,1
7370.000,0.445565,-0.310545,0.293850,0.045524,0.031532,0.147508,-0.267700,-0.118179,Fist,1
7375.000,-0.018308,0.315145,-0.153829,0.120927,-0.181174,-0.053284,-0.047328,0.158352,Fist,1
7380.000,-0.177488,0.040893,-0.301552,-0.043387,0.067757,-0.153432,0.129239,0.045043,Fist,1
7385.000,-0.240625,0.126324,0.194069,0.017406,0.061909,0.253145,0.155300,-0.169160,Fist,1
7390.000,-0.049693,-0.248653,-0.021284,0.159348,0.276373,-0.217492,-0.216522,-0.028458,Fist,1
7395.000,-0.004224,-0.198183,-0.081018,0.051931,-0.104666,0.117129,0.166978,-0.061871,Fist,1
7400.000,-0.063274,0.099211,0.065465,-0.202726,0.047104,0.062816,0.132114,-0.069548,Fist,1
7405.000,0.504770,-0.037253,0.200591,0.073470,-0.246181,0.191714,-0.287537,0.055089,Fist,1
7410.000,0.201706,0.111063,-0.255705,0.031321,-0.136378,-0.315365,0.337553,0.118234,Fist,1
7415.000,-0.170373,0.084352,-0.014440,-0.172455,0.184655,-0.236370,0.079828,0.042795,Fist,1
7420.000,-0.197118,-0.019271,0.284763,-0.154369,-0.058780,0.276758,-0.338448,0.129160,Fist,1
7425.000,-0.143276,-0.038187,-0.028907,-0.103429,0.109167,0.180032,-0.137994,0.043378,Fist,1
7430.000,-0.054019,-0.028818,-0.147422,0.441349,0.078415,-0.002794,0.137444,-0.036573,Fist,1
7435.000,0.386947,-0.010381,-0.389900,0.096414,-0.103963,-0.017298,-0.226920,-0.242301,Fist,1
7440.000,-0.110763,0.164541,0.420798,-0.053489,-0.079937,-0.222636,0.171992,-0.273429,Fist,1
7445.000,-0.364047,-0.019560,-0.276045,0.082889,0.049527,-0.215167,-0.087680,0.076122,Fist,1
7450.000,-0.028146,-0.258597,0.281030,-0.413746,-0.149295,0.007365,0.306163,0.268748,Fist,1
7455.000,0.082240,0.172216,0.150170,-0.224755,0.278497,0.400127,0.254632,0.241477,Fist,1
7460.000,0.292905,0.036728,-0.200683,0.424989,0.044755,-0.026222,-0.171957,-0.160475,Fist,1
7465.000,0.311060,-0.112983,0.151067,0.345912,-0.034045,-0.067381,-0.176173,-0.017594,Fist,1
7470.000,-0.558152,-0.070351,-0.153162,-0.118280,-0.097981,0.116941,-0.119617,-0.119879,Fist,1
7475.000,0.226989,-0.000220,0.032542,-0.316908,-0.182922,-0.107705,0.120966,0.023094,Fist,1
7480.000,0.035484,0.257990,-0.240295,-0.081353,0.141078,0.085870,-0.280853,-0.161775,Fist,1
7485.000,-0.076516,-0.292864,0.206847,0.150675,-0.085218,-0.027634,0.152750,0.282682,Fist,1
7490.000,0.038307,-0.040672,0.117659,-0.032276,0.078819,-0.001989,0.036203,-0.106144,Fist,1
7495.000,-0.048147,0.153508,-0.003681,0.145580,0.045230,-0.202169,0.107835,0.015059,Fist,1
7500.000,-0.382494,0.478810,-0.077000,-0.075050,0.071762,-0.144003,-0.130966,0.077294,Fist,1
7505.000,0.168190,-0.033526,-0.109007,-0.167717,-0.035392,0.101038,0.075736,-0.184810,Fist,1
7510.000,0.151135,-0.632659,0.047293,0.088085,0.094856,0.293691,0.206392,0.172174,Fist,1
7515.000,0.022006,-0.035304,-0.254991,0.083037,0.011042,0.068754,-0.102180,-0.103741,Fist,1
7520.000,0.251889,0.149625,0.358825,0.064743,-0.343657,-0.202038,0.193330,0.158260,Fist,1
7525.000,0.046106,0.286548,-0.047871,-0.120832,0.060506,-0.005970,-0.361695,-0.137037,Fist,1
7530.000,-0.181827,-0.282677,0.060219,0.046860,-0.264167,0.021735,0.046447,0.094576,Fist,1
7535.000,-0.264966,-0.092507,-0.413047,-0.125541,0.223807,0.102417,-0.295179,-0.295324,Fist,1
7540.000,0.053001,0.619047,0.372886,-0.001560,0.404271,-0.332630,0.091004,0.235081,Fist,1
7545.000,0.098557,-0.266971,0.444671,0.049820,0.119944,0.102111,0.298143,-0.186362,Fist,1
7550.000,-0.020333,-0.258005,-0.432257,0.214616,-0.129811,0.187677,0.101815,0.186946,Fist,1
7555.000,0.186062,-0.071788,0.018509,0.183571,-0.309913,-0.151620,-0.029008,-0.001910,Fist,1
7560.000,-0.033916,0.047400,-0.033538,-0.458335,0.195214,0.090570,-0.153719,-0.066197,Fist,1
7565.000,-0.066399,-0.046928,-0.411536,-0.132952,0.041029,0.088512,0.219071,0.141465,Fist,1
7570.000,-0.325666,0.127153,-0.018344,0.314789,-0.340408,-0.160737,-0.252172,0.070528,Fist,1
7575.000,0.036996,0.364071,0.372300,-0.150548,-0.108008,0.192791,0.061288,-0.117235,Fist,1
7580.000,0.478030,-0.370961,0.589845,0.288393,-0.035272,-0.021068,-0.156116,-0.030035,Fist,1
7585.000,-0.244254,0.258474,-0.584465,-0.306697,0.099501,-0.054801,-0.017278,0.011259,Fist,1
7590.000,-0.052523,-0.038229,-0.184924,0.029508,0.340554,-0.239250,0.141452,-0.163419,Fist,1
7595.000,0.043371,-0.150564,0.086877,0.128110,0.374030,0.094705,-0.167106,-0.264801,Fist,1
7600.000,0.165417,-0.120301,0.317275,0.142138,-0.373223,0.262373,0.299758,0.636927,Fist,1
7605.000,0.000514,-0.105988,-0.148245,-0.208002,-0.189613,-0.055901,0.233297,-0.023492,Fist,1
7610.000,-0.203369,0.003048,-0.280909,-0.274334,0.201073,-0.193249,-0.320315,-0.321228,Fist,1
7615.000,-0.168472,0.345317,0.423820,0.064036,-0.072939,-0.378119,-0.094889,0.105509,Fist,1
7620.000,-0.105362,0.049022,-0.249957,0.232474,-0.289914,0.372591,-0.001065,-0.014849,Fist,1
7625.000,0.620941,-0.291697,-0.213175,0.121551,0.062415,0.125129,-0.076794,0.129649,Fist,1
7630.000,-0.113691,0.223194,-0.006196,-0.064182,0.174112,0.155302,0.084785,-0.191565,Fist,1
7635.000,-0.342705,-0.099373,0.613676,0.190052,0.091282,-0.068409,0.109517,0.119927,Fist,1
7640.000,0.289385,-0.060762,-0.187881,-0.129239,0.176878,-0.183605,0.077600,0.001267,Fist,1
7645.000,-0.248932,-0.222841,-0.325005,-0.238366,-0.365313,0.214985,-0.285337,0.204580,Fist,1
7650.000,0.217024,0.459663,-0.004219,-0.130066,0.159138,0.067127,0.229470,-0.414104,Fist,1
7655.000,0.083791,-0.153338,0.290374,0.199455,-0.115874,-0.201603,0.077147,-0.010997,Fist,1
7660.000,-0.534705,0.011951,0.034924,-0.059606,0.153884,-0.177222,-0.152144,-0.168555,Fist,1
7665.000,0.318251,-0.029292,-0.131532,0.154973,-0.223779,-0.047967,0.243397,0.252532,Fist,1
7670.000,0.159402,-0.104205,0.071618,0.182641,-0.169542,0.034692,-0.421784,0.223751,Fist,1
7675.000,0.208490,0.304529,0.019262,-0.087329,0.313486,0.120699,-0.102959,-0.034517,Fist,1
7680.000,-0.597724,-0.269885,-0.112165,0.137658,-0.055838,-0.037055,0.403671,0.030057,Fist,1
7685.000,0.157803,0.014356,0.211145,-0.498244,-0.010558,0.127816,-0.166163,0.159022,Fist,1
7690.000,0.066960,-0.181747,-0.519380,-0.008172,0.240372,0.238075,-0.129025,-0.115478,Fist,1
7695.000,-0.287599,0.069096,-0.104893,-0.086322,0.117100,-0.261371,0.582709,-0.306768,Fist,1
7700.000,0.539226,-0.139340,0.285855,0.151581,-0.350855,-0.145369,-0.215684,-0.220902,Fist,1
7705.000,0.008509,0.388679,0.025771,0.272976,0.157632,0.075596,-0.165471,0.236657,Fist,1
7710.000,-0.091727,0.251973,0.217404,-0.310524,-0.301311,-0.015005,-0.263151,0.063157,Fist,1
7715.000,-0.002092,0.041300,0.053183,0.119941,0.182194,0.059792,-0.111740,0.248053,Fist,1
7720.000,0.127262,-0.355665,-0.075918,0.408018,0.134179,0.100469,0.217825,0.086869,Fist,1
7725.000,-0.446449,-0.205626,0.319220,-0.058265,-0.163203,-0.061771,0.333524,-0.267967,Fist,1
7730.000,-0.111379,0.104380,-0.468705,-0.149243,-0.101024,-0.023283,-0.078602,-0.000629,Fist,1
7735.000,0.050294,-0.024099,-0.539761,-0.139822,-0.003759,-0.046792,0.135669,-0.086303,Fist,1
7740.000,0.296647,-0.033846,0.453050,-0.175169,0.041582,0.061830,-0.168999,-0.015780,Fist,1
7745.000,0.026236,0.005210,0.091289,0.359006,0.118782,0.088186,-0.134731,-0.186228,Fist,1
7750.000,0.214887,-0.067443,0.309120,-0.438297,0.128787,-0.219651,-0.008968,0.263240,Fist,1
7755.000,-0.305654,-0.007612,-0.184058,0.204709,-0.208733,-0.200571,-0.093338,0.206548,Fist,1
7760.000,-0.282175,0.375994,-0.061142,0.119189,0.187894,0.401429,0.092399,0.101417,Fist,1
7765.000,0.203380,0.338095,0.335909,-0.345528,-0.055918,0.094630,-0.147863,-0.368905,Fist,1
7770.000,0.356033,0.034092,-0.118611,0.259765,-0.109552,-0.299682,0.212839,-0.038104,Fist,1
7775.000,0.055646,-0.615296,-0.286835,0.192236,0.219640,0.252292,0.068142,0.118202,Fist,1
7780.000,-0.119461,-0.289195,-0.210156,0.169653,-0.359325,-0.310565,-0.285203,-0.171267,Fist,1
7785.000,-0.246893,-0.210548,-0.026308,-0.238741,-0.166996,0.267603,0.476441,0.241869,Fist,1
7790.000,-0.348276,0.485521,-0.006736,-0.180468,0.259045,-0.072358,0.086374,0.025149,Fist,1
7795.000,0.076589,0.207506,0.163072,-0.164621,0.018139,-0.399088,-0.282817,-0.049879,Fist,1
7800.000,0.001532,0.191851,0.326934,0.470863,0.414260,0.493219,-0.273384,-0.164265,Fist,1
7805.000,0.460629,-0.452360,0.173859,-0.218028,-0.242274,0.011462,-0.028354,0.200959,Fist,1
7810.000,0.139239,-0.011745,-0.380316,-0.273415,-0.065200,-0.075108,0.189997,-0.306061,Fist,1
7815.000,-0.021293,0.088183,-0.033010,0.124226,-0.039734,-0.068367,0.156232,0.276825,Fist,1
7820.000,0.535836,-0.029246,0.220017,-0.082769,-0.070407,0.046739,-0.104227,0.048805,Fist,1
7825.000,-0.950000,-0.049293,-0.253262,0.710157,-0.074943,-0.066677,-0.169311,-0.142789,Fist,1
7830.000,-0.439475,0.301629,-0.135781,-0.697742,0.229229,-0.189711,0.484326,-0.018509,Fist,1
7835.000,0.307325,-0.133894,0.240903,0.335069,0.191840,0.436737,-0.403582,0.010799,Fist,1
7840.000,0.161560,0.185239,-0.106684,-0.119720,-0.257375,-0.151436,0.014209,0.322439,Fist,1
7845.000,0.061932,-0.194058,0.006498,0.061346,-0.014816,-0.266016,0.148807,-0.531156,Fist,1
7850.000,0.655256,0.205470,0.223657,0.043674,-0.191991,0.081097,0.076808,0.271133,Fist,1
7855.000,-0.290071,-0.163610,0.022349,-0.170417,-0.096023,0.232837,-0.307637,-0.189939,Fist,1
7860.000,-0.476582,-0.169780,0.096086,0.183509,0.292217,-0.126032,0.049624,0.401539,Fist,1
7865.000,-0.000000,0.000000,-0.000000,-0.000000,-0.000000,-0.000000,0.000000,-0.000000,PinchMiddle,4
7870.000,0.000000,-0.000000,0.000000,-0.000000,0.000005,0.000002,-0.000005,0.000000,PinchMiddle,4
7875.000,0.000003,-0.000000,0.000001,0.000001,0.000006,0.000002,0.000013,-0.000000,PinchMiddle,4
7880.000,-0.000006,-0.000003,-0.000003,0.000000,-0.000052,-0.000003,0.000042,-0.000004,PinchMiddle,4
7885.000,-0.000021,0.000003,-0.000001,-0.000008,0.000101,0.000050,-0.000072,-0.000000,PinchMiddle,4
7890.000,0.000019,0.000012,0.000003,-0.000003,-0.000097,-0.000079,0.000061,0.000016,PinchMiddle,4
7895.000,0.000022,0.000007,-0.000008,0.000026,-0.000274,-0.000014,-0.000193,-0.000007,PinchMiddle,4
7900.000,-0.000010,0.000005,-0.000008,0.000007,0.000111,-0.000148,0.000281,-0.000025,PinchMiddle,4
7905.000,0.000016,-0.000035,0.000058,-0.000021,0.000370,-0.000268,-0.000007,0.000009,PinchMiddle,4
7910.000,0.000003,0.000008,-0.000033,-0.000023,0.000243,0.000403,-0.000400,0.000045,PinchMiddle,4
7915.000,-0.000046,-0.000045,-0.000002,0.000000,0.000388,0.000407,0.000365,-0.000009,PinchMiddle,4
7920.000,0.000010,0.000053,-0.000000,-0.000015,-0.000415,0.000350,-0.000644,-0.000045,PinchMiddle,4
7925.000,0.000072,0.000028,-0.000032,0.000038,-0.001269,0.000682,0.000126,0.000027,PinchMiddle,4
7930.000,-0.000027,-0.000041,0.000117,0.000032,0.000255,-0.000791,0.001252,-0.000011,PinchMiddle,4
7935.000,-0.000083,-0.000024,-0.000107,-0.000279,0.000207,-0.002126,0.000391,-0.000003,PinchMiddle,4
7940.000,-0.000032,0.000033,-0.000058,0.000092,-0.000175,-0.000906,-0.002397,0.000036,PinchMiddle,4
7945.000,0.000079,-0.000048,-0.000098,0.000398,0.000584,-0.000123,0.000350,0.000010,PinchMiddle,4
7950.000,0.000074,0.000086,0.000116,0.000150,0.000905,0.003479,0.001732,-0.000145,PinchMiddle,4
7955.000,-0.000110,0.000105,0.000170,-0.000174,-0.000260,0.001060,-0.000802,0.000087,PinchMiddle,4
7960.000,0.000074,-0.000228,-0.000032,-0.000142,-0.001291,0.002195,0.000343,-0.000113,PinchMiddle,4
7965.000,-0.000211,0.000220,0.000012,-0.000269,0.000235,-0.004289,0.000295,0.000130,PinchMiddle,4
7970.000,0.000042,-0.000202,-0.000048,-0.000157,0.001875,-0.000330,-0.002186,0.000134,PinchMiddle,4
7975.000,0.000178,0.000057,-0.000258,0.000140,-0.000766,0.000173,0.001499,-0.000023,PinchMiddle,4
7980.000,0.000084,0.000118,-0.000150,0.000172,-0.001153,-0.001404,0.000193,-0.000052,PinchMiddle,4
7985.000,-0.000036,-0.000203,0.000389,0.000270,0.003293,0.003954,-0.001883,-0.000122,PinchMiddle,4
7990.000,0.000197,0.000108,0.000381,-0.000263,-0.001078,-0.003092,0.001696,0.000197,PinchMiddle,4
7995.000,-0.000486,-0.000026,-0.000176,-0.000031,-0.006945,-0.001029,0.001939,-0.000451,PinchMiddle,4
8000.000,0.000213,-0.000197,-0.000165,0.000213,0.003255,-0.001092,0.002870,0.000088,PinchMiddle,4
8005.000,0.000110,0.000295,0.000092,-0.000191,0.001732,0.001158,-0.002520,0.000339,PinchMiddle,4
8010.000,-0.000495,-0.000176,0.000319,0.000181,0.001500,0.000998,-0.004878,0.000050,PinchMiddle,4
8015.000,0.000669,0.000533,-0.001047,-0.000449,-0.003328,0.007593,-0.002628,-0.000186,PinchMiddle,4
8020.000,-0.000615,-0.000536,-0.000192,-0.000107,-0.000347,-0.006532,0.000304,0.000736,PinchMiddle,4
8025.000,0.000010,-0.000711,0.000185,0.000804,0.008724,-0.001534,0.002610,-0.000560,PinchMiddle,4
8030.000,0.000178,0.000686,0.000943,0.000007,-0.006955,-0.001375,0.003008,-0.000372,PinchMiddle,4
8035.000,0.001026,0.000753,0.000398,-0.000482,0.002070,0.008702,0.002532,-0.000151,PinchMiddle,4
8040.000,-0.001390,-0.000178,-0.000661,0.000389,0.001120,-0.010525,-0.005368,0.000227,PinchMiddle,4
8045.000,0.001080,-0.000935,0.000215,0.000151,-0.003475,0.001404,0.003767,0.000167,PinchMiddle,4
8050.000,-0.000718,0.001130,-0.001121,-0.001525,0.001533,0.009316,0.002925,-0.000656,PinchMiddle,4
8055.000,-0.000550,-0.000778,0.000413,0.000833,0.001439,-0.004659,0.006003,0.001262,PinchMiddle,4
8060.000,0.000265,0.000246,0.000974,-0.000964,-0.014959,-0.007647,-0.001796,-0.000723,PinchMiddle,4
8065.000,0.000651,-0.000120,-0.000176,0.001729,0.009830,0.014636,-0.026923,0.000304,PinchMiddle,4
8070.000,-0.000138,-0.000498,-0.001675,0.000242,-0.004050,-0.012040,0.015885,-0.000031,PinchMiddle,4
8075.000,0.000540,0.000769,0.001788,-0.000012,0.017901,-0.001843,-0.000363,0.000351,PinchMiddle,4
8080.000,0.000466,-0.001720,0.000002,-0.000451,-0.004771,0.005464,0.000299,-0.001334,PinchMiddle,4
8085.000,-0.001423,0.000539,0.000348,-0.000806,0.007514,-0.002452,0.003349,0.000047,PinchMiddle,4
8090.000,0.000866,0.001934,-0.000490,0.000569,-0.006843,0.004474,-0.000271,0.000961,PinchMiddle,4
8095.000,-0.001279,0.001111,-0.001938,-0.000590,-0.019906,0.003467,-0.001402,0.000589,PinchMiddle,4
8100.000,-0.000295,-0.000616,0.001513,0.002021,0.016224,0.001118,-0.013471,0.000086,PinchMiddle,4
8105.000,0.000247,-0.002425,0.000396,-0.002436,-0.031476,-0.009546,0.020955,-0.001981,PinchMiddle,4
8110.000,0.001185,-0.001271,-0.000116,0.001276,0.026066,-0.005484,0.006336,0.000210,PinchMiddle,4
8115.000,-0.000273,0.000206,-0.000106,-0.001950,-0.005719,0.009067,-0.004690,0.001796,PinchMiddle,4
8120.000,-0.000283,0.002156,0.000181,0.001379,0.035674,-0.015684,-0.004632,0.000208,PinchMiddle,4
8125.000,0.000393,0.000615,-0.001030,-0.001076,-0.021267,-0.007779,-0.006513,-0.002505,PinchMiddle,4
8130.000,0.000364,0.002373,-0.000508,0.001306,-0.002429,0.063204,-0.011745,-0.000062,PinchMiddle,4
8135.000,-0.001328,-0.002555,0.001547,0.001680,0.002283,-0.028260,0.005173,0.002306,PinchMiddle,4
8140.000,0.001146,-0.001196,0.000994,0.000633,-0.010388,-0.006012,0.009762,-0.000442,PinchMiddle,4
8145.000,0.000535,0.000279,-0.001461,-0.001177,-0.005165,-0.018698,0.014111,-0.000005,PinchMiddle,4
8150.000,-0.000306,-0.002026,-0.001176,-0.004139,0.013878,0.008159,-0.023677,0.000747,PinchMiddle,4
8155.000,-0.001760,0.001908,0.000969,0.002124,-0.013560,-0.010038,0.012030,0.000557,PinchMiddle,4
8160.000,0.000787,0.000487,0.000547,0.000843,0.006390,0.000616,-0.004412,-0.003546,PinchMiddle,4
8165.000,-0.001280,0.000643,0.000393,0.002840,0.021577,0.021783,0.011011,0.001575,PinchMiddle,4
8170.000,0.000709,0.000441,0.001843,-0.001659,-0.023235,0.013607,0.018901,-0.000733,PinchMiddle,4
8175.000,0.002000,-0.001001,-0.003231,-0.002358,-0.013656,-0.010749,-0.044093,-0.000125,PinchMiddle,4
8180.000,0.001838,0.000876,0.000480,-0.001255,0.013060,0.000493,0.008377,0.003131,PinchMiddle,4
8185.000,-0.002360,-0.001031,-0.000085,0.002426,0.012550,-0.039941,0.021105,-0.002807,PinchMiddle,4
8190.000,-0.002255,-0.001001,-0.002214,-0.001412,-0.013645,-0.009939,-0.029440,0.000070,PinchMiddle,4
8195.000,0.002129,0.000252,0.003667,0.002356,0.017791,0.053518,-0.025247,0.000693,PinchMiddle,4
8200.000,-0.002180,-0.000783,-0.000049,0.000685,0.002898,-0.011785,0.024891,0.000649,PinchMiddle,4
8205.000,0.002556,0.002048,0.001457,-0.001648,-0.038614,0.004576,-0.001880,-0.000356,PinchMiddle,4
8210.000,-0.002401,0.000011,-0.001942,0.000653,0.052308,0.013858,0.021236,0.000466,PinchMiddle,4
8215.000,-0.001195,-0.001029,-0.002422,-0.000770,-0.003285,-0.025708,0.046924,-0.000384,PinchMiddle,4
8220.000,0.004224,0.000603,0.002703,0.000215,-0.068459,0.029257,0.001054,-0.001433,PinchMiddle,4
8225.000,0.000265,0.000682,-0.000319,-0.002239,0.007035,-0.031120,-0.020042,-0.000810,PinchMiddle,4
8230.000,-0.000007,0.002931,-0.001313,0.002941,0.038550,0.000259,-0.054566,0.002875,PinchMiddle,4
8235.000,0.002630,-0.004460,-0.001640,0.001683,0.004834,-0.029727,-0.009368,0.000763,PinchMiddle,4
8240.000,-0.004287,-0.003161,-0.000421,-0.002774,0.033681,0.023556,0.011723,-0.000408,PinchMiddle,4
8245.000,-0.004127,0.004266,0.003847,-0.000063,-0.018134,0.009855,-0.001531,-0.001801,PinchMiddle,4
8250.000,0.000875,-0.000924,-0.000899,-0.001459,-0.017527,0.016518,0.020765,0.001204,PinchMiddle,4
8255.000,-0.000043,0.001059,0.002048,0.002181,-0.025417,0.011006,-0.005179,0.000814,PinchMiddle,4
8260.000,0.006557,-0.000473,-0.000136,-0.000665,-0.029592,0.013635,0.032468,-0.002813,PinchMiddle,4
8265.000,-0.004537,0.002285,-0.002623,-0.001641,0.084543,-0.052772,-0.003120,-0.004066,PinchMiddle,4
8270.000,0.002026,-0.002704,0.002515,0.004461,-0.064187,-0.068249,-0.021990,0.006809,PinchMiddle,4
8275.000,0.002365,0.001025,-0.000958,-0.002967,0.043603,0.112887,0.007792,0.000968,PinchMiddle,4
8280.000,0.001862,-0.002659,-0.001316,0.002235,-0.003930,-0.012102,0.001205,-0.002311,PinchMiddle,4
8285.000,-0.005890,-0.000378,0.000653,0.000221,-0.012114,-0.023274,-0.025674,-0.003223,PinchMiddle,4
8290.000,-0.001714,0.006565,0.000252,-0.002877,-0.040232,-0.013754,-0.031551,0.005128,PinchMiddle,4
8295.000,0.000063,-0.004454,-0.004502,0.001900,0.048639,0.005023,0.034280,-0.002351,PinchMiddle,4
8300.000,0.001650,0.003251,0.000803,-0.003349,0.041562,0.067232,0.017499,-0.000171,PinchMiddle,4
8305.000,-0.003029,-0.006574,0.002737,0.003030,0.012359,-0.041420,0.020529,-0.002416,PinchMiddle,4
8310.000,0.004053,0.000346,0.001042,-0.001293,-0.054497,-0.084880,-0.002319,0.004248,PinchMiddle,4
8315.000,0.002998,0.005833,0.002593,-0.001340,-0.038092,0.087556,0.015389,-0.002096,PinchMiddle,4
8320.000,-0.001324,-0.006537,-0.000143,0.004128,-0.061823,0.025439,-0.012440,0.002033,PinchMiddle,4
8325.000,-0.001169,0.001269,0.000417,-0.001899,0.045329,-0.032716,-0.051019,0.005607,PinchMiddle,4
8330.000,-0.002570,0.006227,-0.003739,-0.001207,0.155109,-0.059175,0.003427,-0.003875,PinchMiddle,4
8335.000,0.004026,0.004430,-0.004695,0.002488,-0.036018,0.027333,-0.049884,-0.005581,PinchMiddle,4
8340.000,-0.005577,-0.007302,0.005052,-0.001763,-0.116635,0.021118,0.042885,-0.007166,PinchMiddle,4
8345.000,0.003644,0.000766,0.000749,-0.002044,0.030538,0.091602,0.073140,0.005788,PinchMiddle,4
8350.000,0.000102,-0.000418,-0.005934,-0.001888,-0.071106,-0.074157,-0.017875,0.006303,PinchMiddle,4
8355.000,0.004885,-0.001537,0.006701,0.001128,0.086005,-0.081226,-0.059222,0.003647,PinchMiddle,4
8360.000,-0.006485,-0.002928,-0.000470,0.007207,0.086327,0.068524,0.092158,-0.004091,PinchMiddle,4
8365.000,0.001520,-0.004584,-0.002157,0.004344,-0.028016,0.017736,-0.035232,0.000660,PinchMiddle,4
8370.000,-0.005496,0.006852,0.002631,-0.005940,-0.114095,-0.038757,0.008138,0.002421,PinchMiddle,4
8375.000,0.006274,-0.000175,-0.001128,-0.011728,0.005578,-0.004484,-0.059368,-0.007110,PinchMiddle,4
8380.000,0.004057,0.000732,0.001615,0.011375,0.042818,0.007017,-0.029954,-0.004997,PinchMiddle,4
8385.000,-0.003026,0.000699,-0.001921,0.004652,0.048716,0.093687,0.066277,-0.000172,PinchMiddle,4
8390.000,-0.006107,0.005145,-0.001888,-0.009843,0.052754,-0.050133,-0.073275,0.001365,PinchMiddle,4
8395.000,0.000594,0.001890,-0.003649,0.003230,-0.104934,-0.039026,0.050221,0.009242,PinchMiddle,4
8400.000,-0.000975,-0.002141,0.009654,-0.003422,-0.092312,-0.022032,0.048247,0.001068,PinchMiddle,4
8405.000,0.008720,-0.009947,-0.000314,-0.002468,0.085638,-0.003771,-0.028249,0.006408,PinchMiddle,4
8410.000,0.002455,0.003708,-0.000907,0.006430,0.039671,-0.001403,0.102191,-0.004162,PinchMiddle,4
8415.000,-0.010639,0.003272,-0.002079,-0.002963,-0.038581,0.029449,-0.066105,-0.009416,PinchMiddle,4
8420.000,0.005789,-0.002183,-0.006938,0.002575,0.060220,0.083687,-0.034478,-0.001748,PinchMiddle,4
8425.000,-0.009265,0.002535,0.005575,0.005041,0.034334,-0.015041,-0.034761,0.004990,PinchMiddle,4
8430.000,-0.000667,-0.008787,-0.002208,-0.005390,-0.092119,-0.129931,-0.047560,-0.002115,PinchMiddle,4
8435.000,0.010486,-0.002126,0.000771,0.004858,-0.064607,0.026433,0.005512,-0.004158,PinchMiddle,4
8440.000,0.005106,0.001570,0.001018,-0.000863,0.037482,0.100164,-0.000261,-0.003701,PinchMiddle,4
8445.000,0.007665,0.015651,0.006741,-0.003365,0.002620,0.011568,0.116114,0.009896,PinchMiddle,4
8450.000,-0.015393,-0.002597,-0.007459,-0.007217,0.104148,-0.035803,0.026450,0.005076,PinchMiddle,4
8455.000,-0.009064,0.001635,-0.001409,-0.006331,0.029220,-0.168756,-0.028149,-0.008243,PinchMiddle,4
8460.000,0.002970,-0.001257,0.002228,0.006278,-0.091713,0.112089,-0.080946,0.010420,PinchMiddle,4
8465.000,0.009094,-0.017188,0.005828,0.015158,0.060966,0.008364,0.014978,-0.001955,PinchMiddle,4
8470.000,0.002051,0.006949,-0.001302,0.000502,-0.071414,0.049266,0.044454,-0.008355,PinchMiddle,4
8475.000,-0.010340,0.006328,-0.006309,-0.004582,-0.187278,0.018964,0.008232,0.005363,PinchMiddle,4
8480.000,-0.002217,-0.002850,0.003437,0.003281,0.092744,-0.117180,-0.035680,-0.003178,PinchMiddle,4
8485.000,0.006188,-0.010543,-0.002084,-0.011046,0.124238,0.109438,0.016609,-0.001452,PinchMiddle,4
8490.000,0.016916,0.007534,-0.000977,-0.004826,0.194244,0.036441,-0.053598,-0.001953,PinchMiddle,4
8495.000,-0.009101,0.008755,-0.006120,0.004655,-0.112180,-0.087212,0.060659,0.009282,PinchMiddle,4
8500.000,-0.009673,0.005639,0.017600,-0.003013,-0.074075,-0.038566,-0.019781,-0.007028,PinchMiddle,4
8505.000,0.002506,-0.000526,-0.010726,0.012741,-0.161027,-0.039398,0.055051,0.002281,PinchMiddle,4
8510.000,-0.000536,-0.021970,0.009202,-0.012084,-0.011171,0.140627,-0.101320,-0.006536,PinchMiddle,4
8515.000,-0.011005,0.010940,0.000519,0.000359,0.032593,0.013569,0.013797,0.007485,PinchMiddle,4
8520.000,0.004474,0.006000,-0.016491,0.008762,0.172239,-0.115178,-0.079037,0.000514,PinchMiddle,4
8525.000,0.005804,-0.005652,0.002970,0.009353,0.036209,0.042458,0.015734,-0.000698,PinchMiddle,4
8530.000,0.008095,-0.004481,-0.003823,-0.002051,-0.034679,0.022217,0.187911,-0.005035,PinchMiddle,4
8535.000,-0.000977,-0.001543,0.008635,-0.018514,0.061475,-0.030764,0.069936,0.002847,PinchMiddle,4
8540.000,0.000225,-0.000588,-0.003163,0.001575,-0.159221,0.006484,-0.054927,0.000944,PinchMiddle,4
8545.000,0.000230,0.009851,-0.006279,0.007731,-0.002617,-0.060013,-0.082258,0.006582,PinchMiddle,4
8550.000,0.007939,0.003304,0.020216,0.001341,-0.119153,0.152043,-0.208577,-0.007758,PinchMiddle,4
8555.000,-0.016220,-0.000032,0.010391,-0.004273,0.209941,-0.032967,0.165427,-0.010360,PinchMiddle,4
8560.000,0.003557,-0.003097,-0.013144,-0.001499,-0.052113,-0.164955,0.069890,0.004026,PinchMiddle,4
8565.000,-0.009853,-0.007898,-0.016016,-0.003660,-0.063628,0.007067,-0.163031,0.009164,PinchMiddle,4
8570.000,0.000918,0.003549,0.002045,0.009381,0.148839,0.214216,0.192602,0.008663,PinchMiddle,4
8575.000,0.001972,-0.006114,0.004474,-0.008127,-0.179886,0.048897,-0.049209,-0.000111,PinchMiddle,4
8580.000,-0.010587,-0.002431,-0.003927,0.011093,0.181673,-0.188712,0.003849,-0.006680,PinchMiddle,4
8585.000,0.031325,0.016365,0.012573,-0.006920,-0.063432,0.036429,-0.025134,-0.001263,PinchMiddle,4
8590.000,-0.002825,0.002392,-0.013457,0.012163,-0.051508,-0.088721,-0.036018,-0.010211,PinchMiddle,4
8595.000,-0.011513,-0.003382,0.003010,-0.003758,-0.056397,0.003713,-0.123250,-0.007818,PinchMiddle,4
8600.000,-0.005478,-0.010515,0.007856,-0.004794,0.158025,-0.030415,0.144410,0.021583,PinchMiddle,4
8605.000,0.006112,0.010339,-0.010605,-0.009289,-0.050634,0.106224,-0.000828,-0.005500,PinchMiddle,4
8610.000,0.000388,-0.002899,0.008708,-0.004853,0.101945,0.083552,0.138906,0.002652,PinchMiddle,4
8615.000,0.007024,-0.015489,0.007655,0.010618,-0.141168,0.092833,0.035896,-0.001696,PinchMiddle,4
8620.000,-0.010559,0.004520,-0.003564,0.001492,-0.094964,-0.183670,-0.267624,0.003294,PinchMiddle,4
8625.000,-0.004802,0.011787,-0.007878,0.000184,0.037452,0.038609,0.000694,-0.003720,PinchMiddle,4
8630.000,0.005057,-0.001638,-0.008269,0.002503,-0.086224,-0.085810,0.042066,-0.001488,PinchMiddle,4
8635.000,0.014189,0.009208,0.010585,-0.010590,0.159440,-0.041129,0.067771,-0.006781,PinchMiddle,4
8640.000,-0.012448,-0.009202,0.005985,0.006595,0.196862,0.186930,0.075891,0.008683,PinchMiddle,4
8645.000,-0.003236,-0.004426,-0.010352,0.006890,-0.023680,-0.088340,-0.079559,0.000919,PinchMiddle,4
8650.000,-0.004853,0.001112,0.005401,-0.009039,-0.143432,-0.038407,0.018073,0.003400,PinchMiddle,4
8655.000,0.006123,-0.004621,-0.008284,0.002141,-0.061266,-0.160065,0.002271,-0.016143,PinchMiddle,4
8660.000,0.013834,0.003330,0.003348,0.005156,-0.050939,0.274844,-0.062256,0.003262,PinchMiddle,4
8665.000,-0.015767,-0.006737,0.003600,0.007475,-0.142646,-0.048345,-0.136616,0.001350,PinchMiddle,4
8670.000,0.004974,0.024590,0.002960,-0.004070,0.141781,-0.055345,0.174881,0.011257,PinchMiddle,4
8675.000,0.000598,-0.013919,0.011676,-0.014393,0.138675,-0.012725,0.101222,0.001314,PinchMiddle,4
8680.000,-0.004763,0.009166,-0.012104,0.006713,0.006646,0.182614,-0.082345,0.003432,PinchMiddle,4
8685.000,-0.000800,-0.022955,-0.022920,-0.001303,0.118013,-0.001910,-0.094790,-0.021816,PinchMiddle,4
8690.000,0.001312,0.011201,0.022333,0.001978,-0.211612,-0.066059,-0.063350,0.008612,PinchMiddle,4
8695.000,0.009700,0.004802,-0.009843,0.003294,0.009087,-0.091746,0.138021,0.013734,PinchMiddle,4
8700.000,-0.005893,-0.006342,0.001895,-0.017999,0.096893,0.034902,0.040273,-0.008638,PinchMiddle,4
8705.000,0.005676,0.001817,0.015468,-0.004024,-0.163773,-0.031271,0.150189,-0.005029,PinchMiddle,4
8710.000,-0.003125,0.004067,-0.019240,0.016780,0.015740,-0.089772,-0.031559,-0.005840,PinchMiddle,4
8715.000,0.004550,-0.003906,0.016157,0.009088,0.059097,-0.121706,-0.077424,0.020395,PinchMiddle,4
8720.000,-0.017924,0.005480,0.002171,-0.002850,0.117057,0.110745,-0.271932,-0.013158,PinchMiddle,4
8725.000,-0.018284,-0.011243,0.000916,0.001401,-0.132552,0.060361,0.014364,-0.008406,PinchMiddle,4
8730.000,0.033857,0.008825,-0.004820,-0.001689,-0.067681,0.074746,0.079260,0.018874,PinchMiddle,4
8735.000,0.000874,0.002150,-0.011351,0.005101,0.229053,0.234418,0.044463,-0.000671,PinchMiddle,4
8740.000,0.010716,-0.001682,-0.003515,-0.003585,-0.077239,-0.206411,0.165116,-0.014761,PinchMiddle,4
8745.000,-0.007773,0.005677,0.009192,-0.005163,-0.042340,0.122546,-0.014986,-0.003900,PinchMiddle,4
8750.000,-0.026596,-0.008462,-0.003978,-0.004580,-0.063255,-0.259079,-0.081859,0.006179,PinchMiddle,4
8755.000,0.010802,-0.013047,-0.002151,-0.006647,0.066673,0.078116,-0.013966,0.017000,PinchMiddle,4
8760.000,-0.001390,-0.003451,0.005564,-0.008514,-0.101253,-0.046874,-0.009895,-0.023627,PinchMiddle,4
8765.000,0.008896,0.009523,0.013784,0.010359,-0.167793,0.152806,-0.015260,0.002694,PinchMiddle,4
8770.000,0.012227,0.029557,-0.012971,0.000568,0.233714,-0.065592,-0.107162,0.016109,PinchMiddle,4
8775.000,-0.002816,-0.019367,-0.010474,0.021090,0.074967,-0.080501,0.161828,0.006922,PinchMiddle,4
8780.000,-0.006937,-0.003580,-0.000707,-0.000063,0.039136,-0.062913,0.018048,-0.009025,PinchMiddle,4
8785.000,-0.015543,0.009587,0.012344,-0.009737,-0.003495,-0.122361,-0.103751,-0.000960,PinchMiddle,4
8790.000,0.018268,-0.015943,0.019198,0.005140,0.037593,0.121263,0.098486,-0.003335,PinchMiddle,4
8795.000,-0.021603,0.002056,-0.002684,0.020945,0.085757,0.345754,-0.009912,-0.015052,PinchMiddle,4
8800.000,-0.007571,-0.001799,-0.012654,-0.030494,-0.259275,-0.095760,0.045833,0.001422,PinchMiddle,4
8805.000,0.020428,0.014918,-0.006139,-0.019881,-0.135133,-0.132354,-0.222463,0.003246,PinchMiddle,4
8810.000,0.033395,-0.007706,-0.010577,0.002190,-0.067905,0.077455,0.180510,0.004893,PinchMiddle,4
8815.000,-0.012464,0.019150,-0.006072,-0.005978,0.484679,-0.111387,-0.048978,-0.001102,PinchMiddle,4
8820.000,-0.017816,-0.024114,0.020544,0.026308,-0.210604,-0.108415,-0.101038,0.010126,PinchMiddle,4
8825.000,-0.007899,-0.008376,0.007150,0.024030,-0.213720,0.210932,0.097266,0.006838,PinchMiddle,4
8830.000,-0.005836,0.003743,-0.021907,-0.022203,0.159372,-0.055441,-0.008662,0.007024,PinchMiddle,4
8835.000,0.007315,0.013240,0.008554,-0.014659,0.220940,-0.075806,0.033210,-0.002305,PinchMiddle,4
8840.000,0.009780,-0.010039,-0.003920,0.010875,-0.223391,0.020638,0.198725,-0.028779,PinchMiddle,4
8845.000,0.001695,0.013220,0.005697,0.022680,-0.369839,-0.013389,0.080089,0.007129,PinchMiddle,4
8850.000,-0.005400,-0.016727,0.022722,-0.019578,0.648768,0.132785,-0.535673,-0.005558,PinchMiddle,4
8855.000,0.001927,0.019936,0.004483,-0.020492,-0.248800,0.122766,0.003854,-0.001287,PinchMiddle,4
8860.000,-0.013621,-0.004832,-0.023983,0.028553,-0.025740,-0.155342,0.275344,0.012635,PinchMiddle,4
8865.000,-0.000227,-0.010480,-0.020046,-0.023139,0.159500,-0.118215,-0.023965,-0.000474,PinchMiddle,4
8870.000,0.005726,0.000570,0.015373,-0.001752,-0.153045,-0.023275,0.047720,0.015749,PinchMiddle,4
8875.000,0.048100,-0.005257,-0.003249,0.015104,0.266608,-0.183723,-0.088222,-0.010587,PinchMiddle,4
8880.000,-0.025081,0.009107,0.000092,-0.002837,-0.470118,0.108438,-0.073579,-0.003513,PinchMiddle,4
8885.000,-0.029805,0.010432,0.019835,0.020209,0.294389,0.195217,0.110375,-0.012727,PinchMiddle,4
8890.000,-0.019886,0.015041,-0.014499,-0.002427,0.052969,0.260328,-0.129453,-0.004123,PinchMiddle,4
8895.000,0.009730,-0.027761,-0.011195,0.000756,-0.239833,-0.123364,0.196219,0.029380,PinchMiddle,4
8900.000,0.020356,-0.012911,0.010490,-0.036200,-0.176358,0.148836,0.273486,-0.031191,PinchMiddle,4
8905.000,0.003207,0.008088,0.003211,-0.005198,0.329234,-0.274577,-0.136559,0.023992,PinchMiddle,4
8910.000,0.024131,0.011201,0.017582,0.020361,0.015532,-0.040932,-0.214537,0.012019,PinchMiddle,4
8915.000,0.007989,-0.000273,-0.011990,0.012576,0.011233,-0.488217,-0.265371,-0.024145,PinchMiddle,4
8920.000,-0.014827,-0.001223,-0.023241,-0.006081,-0.100307,0.311435,-0.227979,-0.009648,PinchMiddle,4
8925.000,-0.044198,0.005215,0.008384,0.000752,0.202447,0.199641,0.365589,0.014259,PinchMiddle,4
8930.000,0.008413,-0.005130,0.012401,-0.005613,-0.040760,-0.170636,0.474395,-0.002566,PinchMiddle,4
8935.000,0.013662,-0.004290,-0.005799,0.003149,-0.318840,0.197991,-0.029268,-0.008394,PinchMiddle,4
8940.000,-0.002220,-0.034599,0.001161,-0.000148,0.023131,0.187718,-0.195582,0.021167,PinchMiddle,4
8945.000,0.003839,0.014662,-0.008142,0.009554,0.219481,-0.163744,-0.345502,-0.003654,PinchMiddle,4
8950.000,0.013698,0.044523,0.024183,0.007732,-0.050722,-0.069682,-0.074500,0.003194,PinchMiddle,4
8955.000,-0.007642,-0.008498,-0.008157,-0.034132,0.088324,-0.017871,0.280444,0.008389,PinchMiddle,4
8960.000,-0.000320,0.009368,0.001925,-0.004556,0.166965,-0.157436,0.180061,-0.019307,PinchMiddle,4
8965.000,-0.014923,-0.016965,-0.024518,0.012762,-0.366600,0.380682,0.101352,-0.012235,PinchMiddle,4
8970.000,0.008039,-0.000803,-0.002123,0.005178,-0.171802,-0.025853,-0.207294,-0.000440,PinchMiddle,4
8975.000,-0.000104,-0.012977,-0.009236,0.019050,0.252584,-0.214540,-0.210946,0.009156,PinchMiddle,4
8980.000,0.004358,-0.010218,0.026642,0.002190,0.109919,0.149425,0.076022,0.008665,PinchMiddle,4
8985.000,0.017704,-0.006502,0.034394,-0.022109,-0.065355,-0.321521,0.024345,-0.010292,PinchMiddle,4
8990.000,0.005976,0.011610,-0.013928,0.013098,0.149069,0.224276,0.117162,0.026369,PinchMiddle,4
8995.000,-0.037740,0.020517,0.005734,-0.015663,-0.109181,-0.001224,-0.176484,-0.003663,PinchMiddle,4
9000.000,0.006484,-0.006675,-0.040224,-0.009434,-0.091416,-0.222328,0.050931,-0.011100,PinchMiddle,4
9005.000,0.009672,0.037028,-0.005218,0.016403,-0.119483,0.120834,0.308924,-0.022014,PinchMiddle,4
9010.000,-0.032120,-0.017038,0.006631,0.008842,0.353898,-0.060597,-0.282035,0.000570,PinchMiddle,4
9015.000,0.024980,-0.033821,0.016703,-0.002108,-0.209705,0.353797,0.186747,-0.002770,PinchMiddle,4
9020.000,0.030626,0.008616,-0.014856,-0.002094,-0.119494,-0.035470,-0.268569,0.030079,PinchMiddle,4
9025.000,-0.017712,-0.019376,0.004237,-0.022372,-0.082702,-0.130988,-0.053796,-0.012268,PinchMiddle,4
9030.000,-0.036821,-0.008392,0.009696,0.004724,0.020796,-0.018298,0.448502,0.016576,PinchMiddle,4
9035.000,0.032498,0.050417,0.000742,0.010112,0.421805,-0.210969,-0.324472,0.001870,PinchMiddle,4
9040.000,-0.001693,-0.012814,0.004241,0.016775,0.007538,-0.040775,-0.079952,-0.032497,PinchMiddle,4
9045.000,0.008638,0.003338,-0.019515,-0.005250,-0.258526,0.442206,0.099959,0.001241,PinchMiddle,4
9050.000,-0.009485,0.009135,-0.008602,-0.003419,0.095719,0.027496,0.147388,0.013569,PinchMiddle,4
9055.000,-0.006039,-0.015261,0.023964,-0.014084,-0.150997,-0.352859,-0.202265,-0.000665,PinchMiddle,4
9060.000,0.005203,-0.000209,0.019409,0.014104,0.301198,0.095870,0.075761,0.014561,PinchMiddle,4
9065.000,-0.002923,-0.017301,-0.008603,-0.020189,-0.147634,0.090404,-0.012171,0.019344,PinchMiddle,4
9070.000,0.003587,0.001661,-0.015996,0.032601,-0.219245,-0.077356,0.069419,-0.042469,PinchMiddle,4
9075.000,-0.005089,-0.012460,0.005474,-0.017635,-0.067053,-0.290593,0.205274,0.010734,PinchMiddle,4
9080.000,0.000340,0.027150,-0.010343,-0.034890,0.007070,-0.021826,-0.300265,-0.017856,PinchMiddle,4
9085.000,0.011386,-0.005873,-0.022855,0.032313,-0.020156,0.305162,-0.275364,0.017278,PinchMiddle,4
9090.000,0.004510,0.036653,0.022165,0.017368,0.325043,0.336270,0.240377,-0.018597,PinchMiddle,4
9095.000,-0.036007,-0.028563,0.030084,-0.008384,0.269983,0.227745,0.248782,-0.002554,PinchMiddle,4
9100.000,0.036946,-0.009023,-0.012732,-0.017914,-0.098758,-0.556443,-0.233576,0.023006,PinchMiddle,4
9105.000,-0.013215,0.004850,-0.018165,0.015193,-0.024887,-0.231840,0.050231,0.002344,PinchMiddle,4
9110.000,-0.004245,-0.005800,-0.016532,0.020713,-0.167250,0.054860,0.197324,0.039629,PinchMiddle,4
9115.000,0.008351,0.023934,0.004600,-0.028455,-0.368211,0.058606,-0.352729,-0.031448,PinchMiddle,4
9120.000,-0.010845,-0.024151,0.029791,-0.008880,0.110330,0.183926,0.271976,-0.009543,PinchMiddle,4
9125.000,0.009293,0.020348,0.009464,0.033100,-0.212249,-0.156604,0.044215,-0.039082,PinchMiddle,4
9130.000,-0.018030,-0.026193,0.001050,-0.019923,0.162871,0.328396,-0.097027,0.026600,PinchMiddle,4
9135.000,0.017696,-0.010029,-0.023434,-0.013664,0.351297,-0.165151,-0.072027,0.000840,PinchMiddle,4
9140.000,-0.002653,0.007767,0.001700,-0.000622,0.166276,0.110769,0.216930,-0.002714,PinchMiddle,4
9145.000,0.001832,0.029288,-0.012341,-0.001117,-0.093838,-0.506082,-0.408596,0.039056,PinchMiddle,4
9150.000,0.004592,-0.005509,0.012994,0.027502,-0.232078,0.155593,-0.198519,-0.008189,PinchMiddle,4
9155.000,0.003810,-0.028973,0.012890,-0.005602,-0.149411,0.336661,0.241562,-0.010295,PinchMiddle,4
9160.000,-0.007935,0.009906,-0.033296,-0.010066,0.081415,-0.522308,0.347334,-0.011775,PinchMiddle,4
9165.000,-0.022370,0.029606,0.016210,0.018062,0.542660,0.331653,0.056718,-0.000682,PinchMiddle,4
9170.000,0.007313,-0.003175,0.025930,-0.019862,-0.626429,-0.055756,-0.002443,-0.007335,PinchMiddle,4
9175.000,0.019213,-0.025135,-0.033077,-0.004339,0.429993,0.326973,-0.097680,-0.023768,PinchMiddle,4
9180.000,0.001030,0.015857,-0.004206,-0.014789,-0.144905,0.032089,-0.028231,0.032381,PinchMiddle,4
9185.000,-0.004047,-0.016120,0.022551,0.043116,-0.432982,0.039548,-0.321864,0.031365,PinchMiddle,4
9190.000,-0.007593,0.015876,-0.014288,0.000559,0.092731,-0.558601,-0.266613,-0.048445,PinchMiddle,4
9195.000,0.010368,-0.003223,0.008760,-0.021706,0.476753,0.563111,0.572968,-0.000707,PinchMiddle,4
9200.000,0.044424,-0.037054,0.001745,-0.010253,-0.007192,-0.524942,0.077041,0.013455,PinchMiddle,4
9205.000,-0.052756,0.024725,-0.013312,0.012602,-0.516611,-0.151822,-0.138993,0.041445,PinchMiddle,4
9210.000,-0.003865,0.010547,0.034503,0.010719,0.131760,0.093111,-0.161084,0.016245,PinchMiddle,4
9215.000,-0.017260,0.019004,-0.016894,-0.014997,-0.019977,0.153081,0.240883,-0.041022,PinchMiddle,4
9220.000,-0.022664,-0.010685,0.004321,0.013981,0.332991,0.259772,-0.127087,-0.048947,PinchMiddle,4
9225.000,0.017396,-0.018613,0.005318,-0.019761,-0.048354,0.014420,-0.156162,0.013983,PinchMiddle,4
9230.000,0.032035,-0.003631,-0.015198,-0.016106,0.088689,0.055402,0.386897,-0.003873,PinchMiddle,4
9235.000,0.056887,0.030383,-0.036616,0.021074,0.209834,-0.092712,0.175989,0.054318,PinchMiddle,4
9240.000,-0.034266,-0.005639,0.003605,0.003770,-0.503059,-0.130800,-0.279295,-0.014716,PinchMiddle,4
9245.000,-0.031278,-0.020976,0.017000,0.004966,-0.350707,-0.153871,-0.369747,0.016583,PinchMiddle,4
9250.000,-0.039118,-0.001581,-0.003041,0.021220,0.157475,-0.002930,-0.059266,-0.033703,PinchMiddle,4
9255.000,0.028636,-0.014346,0.011584,-0.032726,0.434762,-0.028121,0.325859,-0.017019,PinchMiddle,4
9260.000,0.016996,0.021135,0.052991,0.005397,0.040566,0.173448,-0.098089,-0.002374,PinchMiddle,4
9265.000,0.044362,0.033906,-0.019757,0.023310,0.009533,0.150108,0.231302,-0.002085,PinchMiddle,4
9270.000,-0.013253,-0.025640,-0.010356,-0.023479,-0.267212,0.028862,-0.132965,0.035181,PinchMiddle,4
9275.000,-0.044749,-0.040472,-0.004098,-0.014515,0.170324,-0.298237,0.153766,0.006478,PinchMiddle,4
9280.000,-0.023882,0.012298,-0.061416,-0.012502,-0.125739,0.142240,-0.096529,0.037590,PinchMiddle,4
9285.000,0.034748,-0.008891,0.042986,0.014159,-0.094050,-0.053719,0.091148,-0.034533,PinchMiddle,4
9290.000,-0.023108,0.080395,0.015644,0.074437,0.178704,0.165214,-0.470704,-0.010273,PinchMiddle,4
9295.000,0.019353,0.004919,0.002496,-0.027593,0.065509,-0.125092,0.182643,-0.024167,PinchMiddle,4
9300.000,0.027811,-0.053268,-0.054908,-0.054039,-0.124464,-0.016966,0.092117,-0.018129,PinchMiddle,4
9305.000,-0.023479,-0.024693,0.021582,0.012792,-0.098780,0.117101,0.109950,0.004487,PinchMiddle,4
9310.000,0.008148,0.002674,0.024343,-0.020860,0.013439,0.050628,-0.084608,0.034918,PinchMiddle,4
9315.000,-0.002056,0.036815,0.021926,0.023093,-0.141426,-0.107890,0.274786,0.012784,PinchMiddle,4
9320.000,0.027618,-0.010596,0.004460,0.004166,0.128047,-0.401454,0.048058,0.004322,PinchMiddle,4
9325.000,-0.012473,-0.000170,-0.010765,0.004421,-0.035352,0.108474,-0.337249,-0.021882,PinchMiddle,4
9330.000,-0.050529,-0.014952,-0.060114,0.000283,0.574425,-0.009480,-0.099910,-0.000267,PinchMiddle,4
9335.000,-0.014395,0.003944,0.039234,0.014951,-0.313830,0.472681,-0.000822,0.021800,PinchMiddle,4
9340.000,0.019287,-0.002950,0.001995,0.033841,-0.004207,0.034844,0.168749,-0.040522,PinchMiddle,4
9345.000,0.029473,0.001931,0.000641,-0.048357,-0.370139,-0.246753,-0.300276,0.007261,PinchMiddle,4
9350.000,0.013473,-0.023536,0.005611,-0.011904,0.217870,0.499086,-0.034168,-0.000149,PinchMiddle,4
9355.000,0.002723,0.021434,0.003528,0.003213,0.205511,-0.561370,0.396153,0.025094,PinchMiddle,4
9360.000,0.007444,0.049421,-0.007786,-0.029508,0.073196,-0.004412,0.417026,-0.019545,PinchMiddle,4
9365.000,-0.031276,0.005796,-0.037787,0.008011,-0.555073,-0.144347,-0.568670,-0.000214,PinchMiddle,4
9370.000,-0.003024,-0.005083,0.022955,0.019365,0.025228,0.356026,0.071014,0.004640,PinchMiddle,4
9375.000,-0.004256,-0.075315,0.010169,0.015194,0.198648,-0.415056,0.152373,-0.007858,PinchMiddle,4
9380.000,0.003273,-0.012543,-0.001926,0.023379,0.443187,0.202328,-0.667733,0.015219,PinchMiddle,4
9385.000,-0.000244,-0.002708,0.028715,0.008659,-0.254630,0.043397,0.535509,0.035566,PinchMiddle,4
9390.000,0.023032,0.073290,0.030832,-0.037668,0.049244,0.207531,0.238851,-0.029364,PinchMiddle,4
9395.000,-0.036144,-0.001337,-0.079618,-0.058499,0.000185,-0.006854,-0.281196,-0.009036,PinchMiddle,4
9400.000,0.043836,0.029360,0.007961,0.032444,-0.522304,-0.623025,-0.064644,0.004418,PinchMiddle,4
9405.000,-0.011699,-0.062584,0.011745,0.051295,0.504449,0.592855,-0.018594,-0.025113,PinchMiddle,4
9410.000,-0.021451,-0.001768,0.000261,0.000329,-0.586324,-0.119247,0.165455,-0.003827,PinchMiddle,4
9415.000,0.011115,0.005280,-0.010642,-0.026856,0.645020,0.023507,-0.037632,-0.014352,PinchMiddle,4
9420.000,-0.033171,-0.050643,-0.004731,-0.016150,-0.104041,-0.081562,0.005502,0.056772,PinchMiddle,4
9425.000,0.018961,0.065021,0.023502,0.063173,-0.520698,0.113154,-0.065758,-0.014906,PinchMiddle,4
9430.000,0.011580,0.010642,0.042734,-0.045883,0.817912,0.445284,0.250519,0.000167,PinchMiddle,4
9435.000,0.031858,0.004456,-0.038445,-0.029528,-0.008671,-0.773306,-0.492647,0.031078,PinchMiddle,4
9440.000,0.005319,-0.009763,-0.023761,0.009885,-0.585671,-0.254932,-0.076983,-0.034139,PinchMiddle,4
9445.000,-0.032392,0.007721,0.043635,0.034565,-0.050598,0.255828,0.649694,-0.038626,PinchMiddle,4
9450.000,-0.007063,-0.034619,-0.060371,-0.015808,-0.012738,0.069098,-0.148241,0.041787,PinchMiddle,4
9455.000,-0.037074,0.000456,0.009311,0.004308,0.950000,0.724191,-0.254299,0.009218,PinchMiddle,4
9460.000,0.027140,-0.023407,0.026617,-0.012343,-0.691913,-0.177023,0.104330,-0.035092,PinchMiddle,4
9465.000,0.055289,0.046373,-0.002129,-0.018133,-0.347323,-0.574403,-0.030027,0.025848,PinchMiddle,4
9470.000,-0.043036,0.009838,-0.028079,0.065465,0.479531,0.037903,-0.036365,0.004137,PinchMiddle,4
9475.000,-0.012807,-0.023922,0.015341,-0.024024,-0.299504,0.254901,0.075651,-0.019376,PinchMiddle,4
9480.000,-0.001529,0.021816,0.045590,-0.030838,0.182583,0.205234,-0.093358,0.019042,PinchMiddle,4
9485.000,-0.011456,0.006353,0.011037,-0.006268,0.455708,-0.532818,0.002365,0.004249,PinchMiddle,4
9490.000,0.040802,-0.042723,-0.051746,0.036832,-0.274402,0.293805,-0.035505,-0.005949,PinchMiddle,4
9495.000,0.054395,0.020013,-0.026716,-0.011749,-0.431408,-0.110094,0.439848,-0.056025,PinchMiddle,4
9500.000,-0.058911,-0.002865,0.039115,-0.005580,0.009006,-0.315093,-0.025641,0.048452,PinchMiddle,4
9505.000,-0.022288,0.030395,-0.007602,-0.021144,0.038124,0.372785,-0.373745,-0.002054,PinchMiddle,4
9510.000,-0.034351,-0.040307,0.010546,0.011242,0.165553,0.399450,0.083001,0.029123,PinchMiddle,4
9515.000,0.025912,-0.007663,-0.038501,0.029799,0.044612,-0.499066,-0.330247,-0.020144,PinchMiddle,4
9520.000,0.066579,-0.004407,0.022394,-0.016841,0.049179,-0.169564,0.175058,0.000597,PinchMiddle,4
9525.000,-0.018113,-0.020122,0.018365,0.012681,0.121362,0.677430,-0.046085,-0.038547,PinchMiddle,4
9530.000,-0.054568,0.075483,0.023410,-0.009445,-0.108092,-0.402180,0.147460,0.034430,PinchMiddle,4
9535.000,0.005337,-0.006792,-0.042189,0.011888,0.301416,-0.151024,-0.078996,0.018232,PinchMiddle,4
9540.000,0.026735,-0.003084,-0.005177,-0.029253,-0.284968,0.150360,0.529688,-0.021508,PinchMiddle,4
9545.000,-0.013885,-0.016011,-0.009641,0.020167,-0.533154,0.195433,-0.244680,0.006545,PinchMiddle,4
9550.000,-0.001429,0.006458,0.049927,0.004000,-0.021687,-0.442780,0.284041,-0.009201,PinchMiddle,4
9555.000,0.037664,0.008893,-0.021531,-0.028374,0.514482,-0.009577,-0.482440,-0.014732,PinchMiddle,4
9560.000,0.015606,-0.025284,-0.011944,0.017249,0.534611,0.036446,-0.386766,0.027086,PinchMiddle,4
9565.000,-0.031331,-0.007381,-0.005371,-0.017153,-0.702407,0.502039,0.115034,-0.041044,PinchMiddle,4
9570.000,-0.016105,-0.006788,-0.010931,0.007649,-0.112286,-0.350782,0.267557,0.019084,PinchMiddle,4
9575.000,-0.053079,-0.052716,0.005854,0.023763,0.320091,0.547526,0.080589,0.058344,PinchMiddle,4
9580.000,0.039583,0.042378,-0.003239,0.008431,-0.141540,-0.097172,0.074648,-0.012787,PinchMiddle,4
9585.000,0.022848,0.048716,0.087783,-0.033655,0.091419,-0.725563,-0.028121,-0.014826,PinchMiddle,4
9590.000,0.008377,0.050389,-0.034769,0.001853,0.172469,-0.027212,-0.294135,-0.071615,PinchMiddle,4
9595.000,0.003870,-0.019910,-0.028710,0.009793,-0.078777,0.319797,0.006672,0.015208,PinchMiddle,4
9600.000,-0.014317,-0.044853,-0.041147,0.004329,-0.254170,0.172657,0.458206,0.025279,PinchMiddle,4
9605.000,-0.030681,-0.003495,0.007025,0.024051,0.045231,-0.126546,0.240833,0.032258,PinchMiddle,4
9610.000,0.069567,-0.018324,0.047917,-0.023590,-0.095149,-0.654225,-0.466107,-0.015825,PinchMiddle,4
9615.000,-0.002825,-0.021587,0.007170,-0.031540,0.298490,0.520236,0.042924,0.014164,PinchMiddle,4
9620.000,-0.071792,0.001497,-0.054377,0.000377,-0.184433,0.630677,-0.389879,-0.012718,PinchMiddle,4
9625.000,0.034903,0.057211,0.011626,0.029680,0.203621,-0.244467,0.143572,-0.000136,PinchMiddle,4
9630.000,-0.017918,0.013550,0.012770,0.003638,-0.319732,0.316759,0.047629,-0.025364,PinchMiddle,4
9635.000,0.004382,-0.025135,-0.005183,-0.014125,-0.309583,-0.355822,-0.038504,0.019269,PinchMiddle,4
9640.000,0.002069,-0.037855,0.044641,0.040948,0.535831,-0.817719,-0.212313,0.008352,PinchMiddle,4
9645.000,0.028404,-0.002463,-0.044485,-0.025415,0.284402,0.101297,0.387503,-0.005814,PinchMiddle,4
9650.000,-0.017638,0.058678,0.016372,-0.046819,0.117082,0.293565,0.510420,-0.005053,PinchMiddle,4
9655.000,-0.012336,-0.005191,-0.006935,0.034820,-0.635177,0.288735,-0.300284,0.025825,PinchMiddle,4
9660.000,0.044740,-0.035281,-0.017681,0.035332,0.082678,0.251576,-0.120629,-0.003571,PinchMiddle,4
9665.000,-0.030012,0.009758,0.033932,-0.031502,0.057402,0.043402,-0.414737,-0.011730,PinchMiddle,4
9670.000,-0.015110,-0.001552,-0.022094,0.009232,0.087524,-0.404753,0.525000,-0.011525,PinchMiddle,4
9675.000,0.013469,0.028115,-0.006555,-0.045545,0.092830,-0.573219,-0.322980,-0.016913,PinchMiddle,4
9680.000,-0.021235,-0.005411,0.026455,0.001631,-0.140348,0.591923,-0.400955,-0.010884,PinchMiddle,4
9685.000,0.006681,-0.018984,-0.000166,0.053038,-0.182737,0.276166,0.691606,0.006666,PinchMiddle,4
9690.000,0.028308,-0.001140,-0.018217,0.037511,0.239526,0.150721,-0.277995,0.043635,PinchMiddle,4
9695.000,-0.026022,-0.001257,-0.072313,-0.076413,0.169816,-0.156929,0.382665,-0.000189,PinchMiddle,4
9700.000,0.030046,0.015606,0.086350,0.024526,-0.383064,-0.431730,0.509702,-0.020631,PinchMiddle,4
9705.000,-0.008151,-0.055847,0.050560,-0.002703,0.475390,-0.277726,-0.810495,0.013754,PinchMiddle,4
9710.000,0.007299,0.013534,-0.043483,0.006359,-0.718980,0.294840,-0.701033,-0.016346,PinchMiddle,4
9715.000,-0.008096,0.050001,0.009602,0.037247,0.185669,0.024917,0.504844,0.011578,PinchMiddle,4
9720.000,-0.030527,-0.031691,-0.046178,-0.078423,0.135112,0.310352,-0.035017,-0.004747,PinchMiddle,4
9725.000,-0.022388,0.042852,0.010262,-0.008133,0.136629,-0.063486,0.510333,0.007911,PinchMiddle,4
9730.000,0.029550,-0.003428,-0.029201,0.021079,0.450544,0.200231,-0.288712,0.003907,PinchMiddle,4
9735.000,0.022381,-0.016220,0.045984,0.010206,-0.578524,-0.509008,0.136161,-0.011152,PinchMiddle,4
9740.000,0.009797,-0.008168,-0.010919,0.000802,-0.290312,0.011928,-0.173259,-0.003047,PinchMiddle,4
9745.000,-0.015469,-0.051728,-0.003266,0.039838,0.616270,0.103987,0.493518,-0.008862,PinchMiddle,4
9750.000,-0.007529,0.018829,0.002735,-0.013619,-0.343047,0.245082,-0.368730,-0.005033,PinchMiddle,4
9755.000,0.067015,0.081465,0.016540,-0.008412,-0.347653,-0.141629,-0.547461,-0.011533,PinchMiddle,4
9760.000,-0.052945,-0.028170,-0.002304,-0.017002,0.537881,0.012277,0.260126,0.000742,PinchMiddle,4
9765.000,-0.033655,-0.022430,-0.024288,0.002110,0.055369,-0.313517,0.008275,0.019403,PinchMiddle,4
9770.000,-0.025552,-0.010381,0.020066,0.020296,0.028002,0.100623,0.346889,0.030425,PinchMiddle,4
9775.000,0.022451,-0.042973,-0.006383,-0.015613,0.175607,0.302841,-0.009281,-0.000876,PinchMiddle,4
9780.000,0.036934,0.051278,0.020800,0.009360,0.000435,-0.245957,0.524508,-0.029362,PinchMiddle,4
9785.000,0.009389,0.039573,-0.015120,-0.026204,-0.232688,0.492857,-0.676174,0.061566,PinchMiddle,4
9790.000,0.013327,-0.048084,-0.045266,0.022930,-0.308740,0.117370,-0.458532,-0.063266,PinchMiddle,4
9795.000,-0.033125,0.052006,0.058939,0.008459,-0.377602,-0.645251,0.305075,0.005673,PinchMiddle,4
9800.000,-0.024155,-0.052025,-0.057739,-0.050937,-0.019028,-0.258676,0.577897,-0.015791,PinchMiddle,4
9805.000,-0.001371,-0.054812,0.042585,0.052374,0.462428,0.138779,-0.272967,0.018364,PinchMiddle,4
9810.000,0.019189,0.072088,0.018720,-0.021425,0.573749,-0.029454,-0.216505,0.014361,PinchMiddle,4
9815.000,0.039844,0.007038,0.012920,0.023035,-0.451762,0.626008,0.179708,-0.040652,PinchMiddle,4
9820.000,-0.026052,0.026147,-0.016287,-0.013360,0.111145,-0.037209,-0.419528,0.021500,PinchMiddle,4
9825.000,-0.000429,-0.020171,-0.067008,0.006455,-0.440013,0.041703,0.239860,-0.024911,PinchMiddle,4
9830.000,-0.001939,-0.046267,0.041296,0.008608,0.682741,-0.326473,-0.029745,0.052116,PinchMiddle,4
9835.000,0.017482,0.030706,-0.014017,-0.016549,0.099067,-0.282966,0.209107,-0.023477,PinchMiddle,4
9840.000,-0.044140,-0.008817,0.038650,-0.040556,-0.530398,0.080251,0.011016,-0.028059,PinchMiddle,4
9845.000,0.000000,0.000000,-0.000000,-0.000000,0.000000,-0.000000,-0.000000,0.000000,Point,5
9850.000,-0.000000,0.000000,-0.000001,0.000000,-0.000000,0.000000,0.000000,-0.000000,Point,5
9855.000,-0.000000,-0.000000,0.000008,0.000008,0.000000,-0.000000,-0.000000,0.000001,Point,5
9860.000,-0.000006,-0.000001,-0.000005,-0.000008,0.000000,-0.000001,0.000001,0.000001,Point,5
9865.000,0.000028,0.000002,-0.000004,-0.000005,-0.000001,0.000001,-0.000005,-0.000002,Point,5
9870.000,-0.000018,-0.000004,0.000015,-0.000004,0.000001,-0.000001,-0.000001,-0.000003,Point,5
9875.000,-0.000047,-0.000000,-0.000060,0.000007,0.000001,-0.000002,0.000005,0.000002,Point,5
9880.000,0.000121,0.000009,0.000022,-0.000071,-0.000001,0.000000,0.000007,0.000002,Point,5
9885.000,-0.000028,-0.000001,-0.000147,-0.000087,0.000002,0.000006,0.000007,-0.000003,Point,5
9890.000,-0.000061,0.000009,0.000201,0.000200,0.000004,-0.000004,-0.000020,0.000003,Point,5
9895.000,-0.000194,-0.000013,0.000273,-0.000029,-0.000007,0.000002,0.000012,-0.000003,Point,5
9900.000,0.000227,0.000005,-0.000133,0.000231,0.000015,0.000017,0.000004,0.000016,Point,5
9905.000,0.000184,0.000004,-0.000038,-0.000065,-0.000007,0.000017,-0.000001,-0.000024,Point,5
9910.000,-0.000219,-0.000006,-0.000229,-0.000131,-0.000009,-0.000037,-0.000056,0.000012,Point,5
9915.000,0.000048,-0.000012,-0.000429,-0.000321,-0.000006,-0.000036,0.000027,0.000010,Point,5
9920.000,-0.000033,-0.000053,0.000008,-0.000090,-0.000018,0.000024,0.000049,-0.000016,Point,5
9925.000,-0.000287,0.000060,0.000274,0.000647,-0.000001,0.000000,-0.000026,-0.000026,Point,5
9930.000,-0.000057,-0.000017,0.000604,0.000742,-0.000035,-0.000040,-0.000018,0.000060,Point,5
9935.000,0.000235,-0.000003,0.000369,-0.000960,0.000025,0.000112,0.000036,0.000017,Point,5
9940.000,-0.000442,0.000001,-0.000156,-0.000412,0.000117,-0.000037,-0.000069,-0.000030,Point,5
9945.000,0.000855,0.000046,-0.000327,-0.000167,0.000034,0.000043,0.000032,-0.000053,Point,5
9950.000,0.000556,0.000102,0.000082,-0.000408,-0.000055,-0.000039,0.000055,-0.000088,Point,5
9955.000,-0.000630,-0.000085,0.000125,0.001038,-0.000093,-0.000122,0.000051,0.000106,Point,5
9960.000,-0.000318,-0.000047,-0.001181,0.000331,-0.000122,0.000046,-0.000046,0.000099,Point,5
9965.000,0.000602,-0.000046,-0.000993,-0.000007,0.000148,0.000083,-0.000093,0.000016,Point,5
9970.000,-0.000898,-0.000055,0.000992,-0.001188,0.000081,-0.000036,-0.000052,0.000042,Point,5
9975.000,0.000023,0.000078,0.000582,0.001257,0.000002,-0.000085,0.000058,-0.000225,Point,5
9980.000,0.000765,0.000146,0.000043,-0.001637,-0.000030,0.000191,0.000010,0.000088,Point,5
9985.000,0.000340,-0.000079,0.000784,0.001829,-0.000112,-0.000160,0.000031,-0.000116,Point,5
9990.000,-0.000396,-0.000113,0.000034,-0.000032,-0.000084,0.000023,0.000101,-0.000073,Point,5
9995.000,-0.000610,0.000058,0.000809,-0.000240,0.000024,-0.000013,-0.000027,0.000260,Point,5
10000.000,-0.001365,-0.000116,-0.001119,-0.001164,0.000242,0.000017,-0.000104,0.000005,Point,5
10005.000,-0.000226,0.000025,-0.001291,-0.000084,-0.000040,0.000209,-0.000105,0.000008,Point,5
10010.000,0.002917,0.000382,-0.000117,0.000569,0.000126,0.000024,0.000252,-0.000188,Point,5
10015.000,-0.000896,-0.000169,0.001674,0.000738,-0.000276,-0.000089,-0.000048,0.000159,Point,5
10020.000,0.000478,-0.000165,0.000087,0.000682,0.000059,-0.000271,-0.000151,-0.000110,Point,5
10025.000,-0.001003,-0.000027,-0.001385,0.000814,0.000084,0.000105,-0.000099,0.000061,Point,5
10030.000,0.002270,-0.000001,-0.001083,-0.001216,-0.000208,-0.000076,0.000386,0.000110,Point,5
10035.000,0.000957,0.000136,0.003332,-0.001393,0.000041,0.000069,-0.000276,-0.000075,Point,5
10040.000,-0.004952,0.000056,-0.000088,-0.000054,-0.000122,0.000147,0.000011,0.000103,Point,5
10045.000,0.001056,-0.000106,-0.005431,-0.003164,0.000403,-0.000266,0.000255,-0.000218,Point,5
10050.000,-0.000533,-0.000122,0.005133,0.001878,0.000013,0.000050,0.000017,-0.000110,Point,5
10055.000,-0.002163,0.000156,-0.000610,0.002890,0.000129,0.000328,-0.000275,0.000063,Point,5
10060.000,0.003823,0.000005,-0.000989,0.001129,-0.000451,0.000017,0.000048,0.000209,Point,5
10065.000,0.001899,-0.000143,0.002537,-0.001110,-0.000010,-0.000351,-0.000009,-0.000074,Point,5
10070.000,0.001480,0.000378,-0.001291,0.004268,-0.000166,0.000226,-0.000197,0.000040,Point,5
10075.000,-0.000176,-0.000016,-0.001827,-0.008028,0.000253,-0.000292,0.000369,0.000129,Point,5
10080.000,-0.000586,-0.000310,-0.003131,0.003945,-0.000117,-0.000020,-0.000257,-0.000516,Point,5
10085.000,-0.008125,-0.000426,-0.000262,-0.002538,0.000566,0.000095,-0.000030,0.000264,Point,5
10090.000,0.000320,-0.000070,0.001769,-0.001907,-0.000124,0.000385,-0.000231,-0.000052,Point,5
10095.000,0.003595,0.000389,0.011051,0.002564,-0.000944,0.000175,0.000127,0.000386,Point,5
10100.000,0.000640,0.000436,0.000309,-0.001722,0.000811,-0.000093,0.000820,-0.000183,Point,5
10105.000,0.005846,0.000023,-0.009696,0.005333,-0.000007,-0.000565,0.000152,-0.000058,Point,5
10110.000,-0.001567,0.000234,-0.002669,-0.006854,0.000198,0.000012,-0.000782,0.000038,Point,5
10115.000,-0.004872,-0.000704,0.000427,0.004495,-0.000242,-0.000174,-0.000214,-0.000267,Point,5
10120.000,0.001915,0.000084,0.000421,0.001507,-0.000084,-0.000061,-0.000014,0.000294,Point,5
10125.000,-0.000784,0.000533,0.006319,-0.001024,-0.000295,0.000372,0.000022,0.000290,Point,5
10130.000,0.000000,-0.000747,-0.003100,0.004076,0.000094,0.000394,0.000634,-0.000399,Point,5
10135.000,0.004639,0.000194,-0.003095,0.005102,0.000381,0.000111,-0.000365,0.000022,Point,5
10140.000,-0.006821,0.000085,0.007835,-0.011010,0.000175,0.000417,-0.000091,-0.000433,Point,5
10145.000,-0.001103,0.000286,-0.012394,-0.001831,-0.000786,-0.000584,-0.000098,0.000030,Point,5
10150.000,-0.002292,-0.000956,0.003929,-0.000122,0.000105,-0.001003,0.000189,0.000200,Point,5
10155.000,0.005940,0.000161,0.002799,-0.002964,-0.000118,0.000647,0.000535,0.000427,Point,5
10160.000,0.003223,0.000616,0.001636,-0.000927,0.000662,-0.000926,0.000027,0.000801,Point,5
10165.000,0.000553,0.000221,0.006903,0.000036,0.000266,0.000753,-0.000731,-0.000884,Point,5
10170.000,-0.003905,0.000107,-0.003901,0.002130,-0.000290,0.001016,-0.000554,-0.000703,Point,5
10175.000,0.000613,0.000129,-0.004070,0.002253,0.000023,-0.000562,0.000396,-0.000038,Point,5
10180.000,-0.004614,0.000279,-0.006925,0.012112,-0.000232,0.000305,0.000382,0.000233,Point,5
10185.000,0.003391,-0.000999,0.005387,-0.002173,-0.000515,-0.000493,-0.000434,0.000674,Point,5
10190.000,0.007790,-0.000594,-0.003864,0.003042,0.000709,-0.000479,0.000344,0.000711,Point,5
10195.000,-0.002223,-0.000089,0.011893,-0.005262,-0.000207,0.000421,-0.000067,-0.000759,Point,5
10200.000,-0.007072,0.000624,-0.002976,-0.007040,0.000218,-0.000654,0.000647,-0.000658,Point,5
10205.000,0.001079,0.000957,-0.002332,-0.010039,-0.000212,0.000493,0.000349,0.000007,Point,5
10210.000,-0.003390,-0.001341,-0.004929,0.013168,-0.000087,0.000408,-0.000577,0.000635,Point,5
10215.000,-0.004424,0.000995,-0.000962,-0.004174,0.000103,0.000293,-0.001133,-0.000273,Point,5
10220.000,0.003139,-0.000332,0.008185,0.001463,-0.000907,0.000131,0.000308,-0.000429,Point,5
10225.000,0.014694,-0.000379,-0.001270,0.002935,0.000502,0.000129,-0.000180,0.000309,Point,5
10230.000,0.001727,0.000506,-0.001644,-0.000896,0.000223,-0.000180,0.001004,0.001040,Point,5
10235.000,-0.005810,-0.000012,-0.006935,0.004953,0.001478,-0.000810,-0.000019,-0.000640,Point,5
10240.000,-0.000711,0.000651,0.004759,-0.008692,-0.000602,-0.000255,0.000186,-0.000679,Point,5
10245.000,-0.024465,-0.000978,-0.004723,0.001549,-0.000469,-0.001489,0.001125,-0.001166,Point,5
10250.000,0.007293,-0.000313,0.003423,-0.002865,-0.000073,0.000513,-0.002745,0.001057,Point,5
10255.000,0.005575,-0.000207,0.015256,-0.004098,-0.000283,0.002529,0.001178,0.001235,Point,5
10260.000,0.030080,0.000871,-0.004335,0.008765,-0.000341,0.000687,-0.001005,0.000384,Point,5
10265.000,0.000286,-0.000323,-0.011285,-0.005384,-0.000373,-0.000632,-0.000616,0.000405,Point,5
10270.000,-0.019200,0.000428,-0.005844,0.014891,0.000698,-0.002141,0.001215,-0.001631,Point,5
10275.000,-0.014599,0.001643,0.009886,0.004327,0.000683,0.001145,0.002286,-0.000794,Point,5
10280.000,0.001277,-0.003477,0.002040,-0.008059,-0.000448,-0.000671,-0.000775,-0.000079,Point,5
10285.000,0.008474,0.001006,0.012007,-0.020601,0.000290,0.000409,-0.001738,0.001530,Point,5
10290.000,0.000321,0.001137,-0.010008,-0.002112,-0.001347,0.001631,0.000461,-0.000080,Point,5
10295.000,0.000099,-0.000796,-0.023714,0.020792,0.000695,-0.001400,0.000233,-0.000445,Point,5
10300.000,-0.002528,0.000429,0.004888,0.014361,0.001045,-0.001042,0.000032,-0.000386,Point,5
10305.000,0.000748,-0.000301,0.009043,-0.010700,-0.000671,0.000451,-0.000238,0.000207,Point,5
10310.000,0.005121,0.000199,0.014660,-0.022073,-0.000243,-0.000311,0.000871,0.000170,Point,5
10315.000,0.002367,-0.000250,0.001033,0.001406,0.000136,0.000639,-0.002159,0.000449,Point,5
10320.000,-0.017561,0.000031,0.007616,0.009116,-0.001299,0.000436,0.001010,-0.000256,Point,5
10325.000,0.023837,0.000888,-0.028174,0.012915,0.001715,0.001012,0.000465,-0.000551,Point,5
10330.000,-0.001535,-0.001095,0.017124,0.005987,0.001177,-0.000082,-0.000430,0.000003,Point,5
10335.000,-0.011896,-0.000687,-0.025373,-0.001316,0.000093,-0.000978,0.001613,0.000303,Point,5
10340.000,-0.005195,0.000510,-0.008631,-0.035470,-0.001833,-0.002336,-0.001967,-0.000089,Point,5
10345.000,0.010738,0.000553,0.044914,0.017544,-0.000259,0.001848,-0.000380,0.000260,Point,5
10350.000,-0.020283,0.001164,-0.003276,0.001041,-0.001116,0.000539,0.002482,0.001217,Point,5
10355.000,0.021641,-0.001600,-0.020282,-0.011402,-0.000502,-0.000958,0.000118,-0.001208,Point,5
10360.000,0.001553,-0.000184,-0.001076,0.013353,0.001934,0.001239,-0.002079,0.000396,Point,5
10365.000,0.000456,-0.000303,0.006959,0.016285,0.000763,0.000259,-0.000294,-0.000835,Point,5
10370.000,0.000595,0.003224,-0.003161,-0.007766,-0.000435,-0.000365,0.002402,-0.000112,Point,5
10375.000,-0.025842,-0.002819,-0.006363,-0.016587,0.000931,-0.000457,-0.001159,0.000110,Point,5
10380.000,0.020748,0.000675,-0.004422,0.013047,-0.000399,-0.000677,-0.002257,-0.000269,Point,5
10385.000,0.009120,-0.001257,0.032163,0.013677,-0.001216,0.001581,0.002221,-0.000414,Point,5
10390.000,-0.005134,0.001402,0.026574,-0.009125,0.000410,-0.002142,-0.001466,0.000886,Point,5
10395.000,-0.019249,-0.000720,-0.021005,-0.026243,0.001004,0.000754,0.000759,0.001340,Point,5
10400.000,0.010970,-0.000794,-0.054272,-0.009689,-0.000378,0.002099,-0.001945,-0.002154,Point,5
10405.000,0.006303,0.001593,-0.014740,0.027002,-0.002296,-0.001818,0.001243,0.002941,Point,5
10410.000,0.015410,-0.000018,0.029231,0.006531,0.000244,0.000141,0.003664,0.000286,Point,5
10415.000,-0.050196,0.001322,0.021411,0.008405,-0.000460,-0.000170,0.000085,-0.003196,Point,5
10420.000,0.046729,-0.001578,0.006155,-0.007866,0.004198,0.000765,-0.000602,-0.000907,Point,5
10425.000,-0.017116,-0.001329,-0.029248,-0.015220,-0.000239,-0.002851,-0.003859,0.000033,Point,5
10430.000,-0.013061,0.000432,0.060284,0.006971,-0.001791,0.002695,0.001199,0.000509,Point,5
10435.000,0.006420,0.000201,-0.017211,0.002779,-0.002995,0.000506,0.001221,0.001344,Point,5
10440.000,0.001488,0.001130,-0.057770,-0.005055,0.002542,0.000100,-0.001316,0.002299,Point,5
10445.000,0.022799,0.001047,0.008544,0.032378,0.001854,0.000938,-0.000897,-0.002081,Point,5
10450.000,-0.021504,-0.002741,0.019272,-0.053670,-0.000328,-0.000036,0.000651,-0.000355,Point,5
10455.000,0.013717,0.000710,0.019560,0.013737,-0.001130,-0.003379,0.000567,0.001017,Point,5
10460.000,0.012956,0.000721,-0.022252,0.002387,-0.001321,0.000632,0.000385,0.000772,Point,5
10465.000,-0.027577,-0.001238,0.018306,0.022743,0.001682,-0.003933,0.000971,-0.002417,Point,5
10470.000,0.000255,-0.001621,-0.019282,0.017343,-0.002083,0.002676,-0.000391,-0.000313,Point,5
10475.000,0.007779,0.003906,0.016316,-0.032839,0.000884,0.000149,0.001345,0.000642,Point,5
10480.000,-0.024921,-0.001552,-0.004626,-0.012059,0.001345,0.006123,-0.001783,-0.001071,Point,5
10485.000,0.050774,0.001604,-0.003099,0.011786,0.001383,0.002495,-0.000497,-0.000443,Point,5
10490.000,-0.047373,-0.000480,-0.010880,-0.005899,-0.001712,-0.005048,-0.001353,0.002742,Point,5
10495.000,-0.000462,-0.000557,0.020004,-0.003797,-0.001065,-0.002912,0.004000,0.002706,Point,5
10500.000,0.022620,0.000031,-0.042653,0.014410,-0.001235,-0.000439,-0.003333,-0.001463,Point,5
10505.000,0.005837,0.000655,0.019303,-0.050561,0.001649,0.000342,-0.000644,-0.001953,Point,5
10510.000,0.005657,-0.000924,0.038404,0.068079,-0.002065,0.001940,-0.000798,-0.001843,Point,5
10515.000,0.000859,-0.001674,-0.012412,0.008957,0.004317,-0.003795,0.003641,-0.001534,Point,5
10520.000,-0.015058,-0.000991,0.002324,-0.005101,0.002244,0.001273,0.000890,0.000523,Point,5
10525.000,-0.009668,0.000032,0.010329,0.022959,-0.005794,0.005644,-0.003423,0.003845,Point,5
10530.000,-0.012075,-0.000239,-0.033690,-0.055993,0.000950,-0.001111,0.001852,0.000165,Point,5
10535.000,0.026808,0.005564,-0.045051,0.001716,-0.001839,-0.003115,0.000145,0.001076,Point,5
10540.000,-0.005296,-0.000933,0.045211,-0.047976,0.002065,0.001338,-0.002838,-0.001432,Point,5
10545.000,-0.007607,-0.001027,0.023444,0.001044,0.000047,-0.003652,0.001319,-0.000572,Point,5
10550.000,0.030951,0.003569,0.003986,0.082528,0.002627,0.002203,0.005017,-0.002520,Point,5
10555.000,-0.026550,-0.002491,-0.006848,-0.017034,0.000043,0.001600,-0.003395,0.001292,Point,5
10560.000,0.003656,-0.002788,-0.009790,0.016828,-0.000782,-0.000965,0.003583,0.002786,Point,5
10565.000,0.004555,-0.000513,-0.025347,-0.022773,-0.000472,-0.001465,-0.008208,-0.004099,Point,5
10570.000,-0.012642,-0.001102,-0.008073,-0.003266,-0.003351,0.001475,0.001324,0.001192,Point,5
10575.000,-0.006305,-0.002558,0.025760,-0.011913,-0.003515,0.005276,0.001331,-0.000789,Point,5
10580.000,-0.009405,0.005327,0.023091,0.013538,0.007463,-0.005373,-0.000482,0.003997,Point,5
10585.000,0.019528,0.000585,0.000685,0.002252,-0.002513,0.002210,-0.001396,0.001095,Point,5
10590.000,0.011615,-0.000711,0.016890,0.010978,0.001093,-0.003844,0.002220,-0.004067,Point,5
10595.000,-0.013785,-0.002371,-0.032410,-0.047115,0.002915,-0.002183,0.005112,0.000876,Point,5
10600.000,0.049899,0.002651,-0.009422,-0.004659,-0.001084,0.001608,0.002004,-0.000336,Point,5
10605.000,-0.003108,0.000096,-0.034009,0.024179,-0.003493,0.002031,-0.005200,-0.000352,Point,5
10610.000,-0.033170,0.003226,0.039505,0.051229,-0.000082,0.000389,-0.001614,0.000802,Point,5
10615.000,-0.027555,-0.001906,-0.003454,-0.011901,0.001099,0.004704,0.000360,-0.000821,Point,5
10620.000,-0.010223,-0.000896,-0.016747,-0.073877,0.002501,-0.005680,-0.003686,-0.000913,Point,5
10625.000,-0.010955,0.000025,0.026793,0.017749,0.001565,0.003660,-0.002793,0.001956,Point,5
10630.000,0.010456,-0.005334,-0.016293,0.051881,-0.007639,-0.004272,0.005714,0.001070,Point,5
10635.000,0.030515,0.001730,-0.009878,0.034547,0.003792,0.000415,0.005681,-0.003392,Point,5
10640.000,0.046875,0.003324,0.052198,-0.032150,-0.000066,0.001639,-0.002427,0.001227,Point,5
10645.000,0.008991,0.001182,0.041385,-0.023447,-0.002573,-0.001384,0.001128,-0.001071,Point,5
10650.000,-0.051555,-0.001521,-0.049328,-0.037825,-0.001207,-0.001123,-0.003516,0.004635,Point,5
10655.000,0.016806,-0.000779,-0.040665,0.020365,0.005117,0.005342,-0.001691,0.002168,Point,5
10660.000,-0.049486,-0.000840,-0.030914,-0.006629,0.003112,-0.002801,0.000189,-0.006298,Point,5
10665.000,-0.016715,-0.001038,-0.009062,-0.020336,0.002821,-0.003452,0.000632,-0.000385,Point,5
10670.000,0.070407,0.002958,0.096585,0.046801,-0.006161,0.004082,0.002065,-0.000973,Point,5
10675.000,-0.033381,0.001478,-0.018027,-0.041361,-0.005532,-0.000769,-0.003682,0.001099,Point,5
10680.000,-0.051972,-0.001122,-0.040780,0.053592,0.002741,-0.003172,0.003661,0.001981,Point,5
10685.000,0.054296,-0.000341,0.012265,0.038335,-0.001300,0.000593,-0.000133,-0.000563,Point,5
10690.000,0.022313,-0.000746,0.030065,-0.014456,0.004593,0.007298,0.001126,0.000649,Point,5
10695.000,0.024104,-0.000537,0.001598,-0.062779,-0.001020,-0.001989,-0.000742,0.000074,Point,5
10700.000,0.002870,-0.003008,-0.081701,0.007864,-0.000735,-0.005182,0.000905,0.001536,Point,5
10705.000,-0.040118,-0.000557,0.068554,0.043354,0.003855,0.004411,-0.001118,-0.000459,Point,5
10710.000,-0.004215,0.008067,-0.024108,-0.033157,0.000344,-0.002213,-0.004924,-0.004357,Point,5
10715.000,-0.038527,-0.000486,-0.005896,0.013933,-0.001658,-0.004006,-0.002482,0.001730,Point,5
10720.000,-0.002876,-0.005450,0.025302,-0.043642,-0.010357,0.002251,0.003494,-0.000752,Point,5
10725.000,0.059215,0.002874,0.003276,-0.011040,0.002167,0.004204,0.003274,0.003746,Point,5
10730.000,-0.009731,0.001145,-0.007273,0.022980,0.006939,-0.003622,0.002335,-0.003687,Point,5
10735.000,0.014088,-0.000018,0.052714,0.018650,0.003655,-0.000876,0.004242,0.001624,Point,5
10740.000,-0.054415,-0.005520,-0.037037,0.009639,-0.006736,-0.001373,-0.004476,-0.001410,Point,5
10745.000,0.023096,0.001014,-0.023915,0.042495,0.004247,0.000845,-0.002684,0.002612,Point,5
10750.000,-0.028970,-0.002447,-0.013404,-0.044800,0.001500,0.004090,-0.002954,0.001905,Point,5
10755.000,0.078458,0.004519,-0.017883,0.005808,-0.005669,0.002958,-0.000315,-0.003120,Point,5
10760.000,0.055024,0.003907,-0.036706,-0.000262,0.002886,-0.003534,-0.002137,0.000339,Point,5
10765.000,-0.059262,0.000390,0.049427,-0.014335,0.001183,-0.000313,0.007370,-0.004579,Point,5
10770.000,-0.060491,0.002395,0.108519,-0.007033,0.001184,0.000025,0.000076,0.003388,Point,5
10775.000,-0.000280,-0.007764,-0.073462,0.025768,-0.001736,0.001721,-0.001739,0.001690,Point,5
10780.000,-0.029114,-0.004248,0.035872,-0.060833,-0.003721,-0.000036,0.000486,-0.005011,Point,5
10785.000,-0.018775,0.000478,-0.068667,-0.026496,-0.001672,-0.006356,0.000915,0.002422,Point,5
10790.000,0.081292,0.010308,0.022072,0.072284,-0.000325,0.004106,-0.005413,0.003279,Point,5
10795.000,-0.004146,-0.002201,0.045086,0.039646,-0.000711,-0.005576,0.008324,0.005903,Point,5
10800.000,0.081026,-0.003549,-0.062275,0.006012,0.006208,0.002841,-0.003901,-0.005026,Point,5
10805.000,-0.042551,-0.001833,-0.092415,0.008773,0.003783,0.005244,0.001818,-0.005918,Point,5
10810.000,-0.019329,0.001099,0.099103,-0.113692,0.000905,0.001284,-0.004383,0.004949,Point,5
10815.000,-0.068233,-0.000044,0.081275,0.076360,-0.006381,-0.006960,-0.000330,-0.003378,Point,5
10820.000,0.012081,0.003123,-0.017786,0.038990,-0.002984,0.002702,0.003605,0.006354,Point,5
10825.000,-0.037105,-0.000796,-0.094520,-0.100717,0.003745,-0.001325,0.001345,-0.005997,Point,5
10830.000,0.101062,-0.000450,-0.086840,0.007613,0.001862,0.002287,-0.003924,-0.002609,Point,5
10835.000,0.022845,0.002173,0.135560,-0.023177,-0.000131,0.001901,-0.005156,0.004494,Point,5
10840.000,-0.061129,-0.008910,0.072995,0.058836,-0.005536,-0.000191,0.008223,0.001346,Point,5
10845.000,0.022919,0.010790,-0.050378,0.039884,-0.000914,-0.002356,-0.001986,-0.006319,Point,5
10850.000,-0.011639,-0.000793,-0.007885,0.011785,0.007458,-0.001919,0.003731,0.004095,Point,5
10855.000,0.037032,-0.001191,-0.045311,-0.033465,-0.002778,-0.003031,-0.006407,0.003793,Point,5
10860.000,-0.093800,-0.002170,0.006077,-0.013876,-0.000201,0.005215,0.003461,-0.001793,Point,5
10865.000,0.014038,0.000751,-0.032388,-0.019814,0.004377,0.002982,0.005942,-0.001194,Point,5
10870.000,0.012786,-0.005864,0.038732,0.002463,-0.007498,-0.001697,-0.009542,0.002198,Point,5
10875.000,0.013919,-0.002450,0.112262,-0.061727,0.006538,-0.004172,-0.002161,0.000649,Point,5
10880.000,0.076767,0.004764,-0.078118,0.095604,-0.005177,0.003130,-0.000293,-0.010510,Point,5
10885.000,-0.046361,0.002560,-0.031670,0.058220,-0.000867,-0.003304,0.004450,-0.002188,Point,5
10890.000,0.004736,0.002181,-0.025792,-0.092506,0.002326,0.001245,0.009817,0.008885,Point,5
10895.000,-0.025965,-0.001403,0.062451,0.021630,-0.002201,0.005293,-0.005201,0.006399,Point,5
10900.000,-0.020111,0.002880,-0.059979,-0.066283,0.003888,-0.004891,0.000485,-0.000687,Point,5
10905.000,0.019893,-0.009515,0.016602,0.026919,0.000109,0.004481,-0.004941,-0.000130,Point,5
10910.000,-0.010922,0.014041,0.002193,0.049362,0.000152,-0.000653,-0.006281,0.000488,Point,5
10915.000,-0.015901,-0.000606,-0.014754,0.053871,-0.004943,-0.006558,0.006521,-0.014603,Point,5
10920.000,0.053637,-0.012153,0.042823,0.017175,0.010605,0.002251,-0.002227,0.001677,Point,5
10925.000,-0.020446,-0.004616,-0.046016,-0.153606,-0.009119,0.000106,0.000179,0.013175,Point,5
10930.000,0.023077,0.008794,0.071129,0.044132,-0.002915,0.008452,0.008519,-0.007228,Point,5
10935.000,-0.033547,0.000686,0.013403,0.009248,-0.000828,-0.004314,0.000475,0.003946,Point,5
10940.000,0.005049,0.000567,-0.131952,-0.047297,0.013581,-0.009348,-0.008714,-0.001019,Point,5
10945.000,-0.028683,-0.000402,0.053347,0.012932,-0.006350,0.004333,-0.001892,0.000151,Point,5
10950.000,-0.004684,0.005571,0.025352,0.084462,0.001822,-0.001050,0.005195,0.000081,Point,5
10955.000,0.024070,-0.007190,0.061383,-0.046752,-0.004178,0.006055,-0.001643,-0.006799,Point,5
10960.000,0.030648,-0.004078,-0.021097,0.053088,-0.007346,-0.009598,0.004309,-0.005567,Point,5
10965.000,0.121574,0.003127,-0.095873,0.075266,0.006476,0.012833,-0.008959,0.009843,Point,5
10970.000,-0.160185,0.001663,0.041884,-0.147880,0.004543,0.000644,0.006503,0.014719,Point,5
10975.000,0.033724,0.008485,-0.029226,-0.006052,-0.008304,-0.007975,0.000897,-0.012635,Point,5
10980.000,-0.039193,-0.005377,0.058786,0.014362,0.003476,-0.001592,0.000383,0.000154,Point,5
10985.000,-0.006740,-0.001552,0.126352,-0.043958,0.009902,-0.006912,-0.006329,-0.006365,Point,5
10990.000,-0.048599,-0.005829,-0.200865,0.060446,-0.007547,0.011112,-0.001115,0.001350,Point,5
10995.000,0.032888,0.000325,-0.013793,0.065945,0.006249,0.012076,0.002198,0.014878,Point,5
11000.000,0.173868,-0.003252,0.094514,-0.046897,-0.010120,-0.002937,0.000833,-0.009254,Point,5
11005.000,-0.111132,0.011872,0.065165,-0.043820,0.005058,-0.009489,0.008828,-0.003748,Point,5
11010.000,-0.031043,-0.002345,-0.101570,0.053398,-0.006333,-0.010147,0.001967,-0.005512,Point,5
11015.000,-0.098544,0.004746,-0.122506,-0.093639,0.000467,0.005948,-0.004416,0.000678,Point,5
11020.000,0.111165,-0.007199,0.055370,-0.003374,0.003796,-0.001614,-0.003143,0.010924,Point,5
11025.000,0.119822,0.000870,0.160068,0.168156,0.007201,-0.004257,-0.009280,0.001279,Point,5
11030.000,-0.057464,-0.004234,-0.022581,-0.046955,-0.010523,0.014008,0.002984,-0.010067,Point,5
11035.000,-0.082505,-0.000543,0.010232,-0.032814,0.009788,-0.007555,0.012177,0.008289,Point,5
11040.000,0.022353,0.003186,-0.011195,-0.059483,-0.006022,-0.000434,-0.007651,-0.000266,Point,5
11045.000,-0.088952,0.010121,-0.112765,0.020522,-0.004402,0.011035,-0.003791,-0.004154,Point,5
11050.000,0.098673,-0.015853,0.093610,0.001760,-0.000980,-0.000663,-0.001477,-0.002677,Point,5
11055.000,-0.005723,0.008558,-0.094846,0.028218,0.000579,-0.000629,0.001787,0.001610,Point,5
11060.000,0.016427,0.003574,0.008475,0.032159,0.006994,-0.001010,-0.000900,-0.002841,Point,5
11065.000,-0.018322,-0.001557,-0.001336,-0.060384,0.004351,-0.008265,0.014392,0.006014,Point,5
11070.000,-0.057705,-0.004320,-0.015174,0.067186,-0.005397,-0.004806,-0.007795,0.003513,Point,5
11075.000,0.093985,-0.007441,0.046141,-0.118464,-0.006198,0.001696,0.005145,-0.000690,Point,5
11080.000,0.034955,0.006030,0.066932,0.085367,0.003735,-0.005706,0.002288,-0.004653,Point,5
11085.000,-0.026717,-0.003395,0.055487,0.099802,0.005838,0.009639,-0.010378,-0.007436,Point,5
11090.000,-0.089700,0.007914,-0.060465,-0.064724,0.000363,0.012308,0.006151,0.006658,Point,5
11095.000,0.035843,-0.002026,0.036466,-0.146300,-0.006126,-0.002417,-0.008267,0.003145,Point,5
11100.000,-0.066039,0.013404,-0.116520,0.062562,-0.003258,-0.001659,-0.008151,-0.004490,Point,5
11105.000,0.043343,-0.008724,-0.044803,-0.029094,0.008941,-0.000004,-0.005694,0.002896,Point,5
11110.000,0.004692,-0.011674,0.069655,0.071339,-0.009025,-0.011698,0.018497,0.006323,Point,5
11115.000,0.097390,0.002597,-0.049618,0.017206,-0.001887,-0.009662,0.003820,0.000518,Point,5
11120.000,-0.034431,0.006390,0.202237,-0.055575,0.006781,0.008368,-0.007529,-0.016324,Point,5
11125.000,-0.058278,-0.003668,-0.192399,0.067006,0.001830,0.014858,0.009203,0.010932,Point,5
11130.000,-0.035191,-0.006857,-0.000783,0.077707,0.012433,0.000535,0.003131,0.002783,Point,5
11135.000,0.140436,-0.006540,0.010162,-0.157795,-0.008808,-0.011792,-0.007802,-0.011736,Point,5
11140.000,-0.070093,0.025685,0.084125,-0.057664,-0.011933,-0.008321,-0.003282,0.002589,Point,5
11145.000,-0.017064,-0.000578,0.006896,0.146885,-0.003796,0.009934,0.002412,0.002269,Point,5
11150.000,0.100063,0.000296,-0.060888,-0.137387,0.003807,0.009250,-0.009459,0.003511,Point,5
11155.000,-0.135881,-0.004444,0.029973,0.070980,-0.003232,-0.005398,0.007031,-0.000288,Point,5
11160.000,-0.018903,-0.009605,0.057712,0.061425,0.022177,-0.000962,-0.000934,0.001222,Point,5
11165.000,-0.072540,-0.002117,-0.028834,0.144612,-0.004794,-0.002737,0.009578,-0.004321,Point,5
11170.000,0.100281,-0.004784,-0.109343,-0.164781,-0.010555,0.002360,-0.008012,0.022022,Point,5
11175.000,0.056920,0.003727,-0.027045,-0.033480,-0.006785,-0.004340,0.000779,-0.018474,Point,5
11180.000,0.001701,0.002841,0.023821,-0.003167,0.006894,0.013154,-0.004416,-0.008369,Point,5
11185.000,0.120075,0.003349,0.037758,-0.073094,0.004013,-0.006518,-0.000689,-0.002340,Point,5
11190.000,-0.179860,-0.001391,0.043461,0.011606,0.004914,-0.010982,0.007446,-0.000518,Point,5
11195.000,-0.002205,-0.001984,0.001057,0.030320,0.000793,0.001532,0.002170,0.008324,Point,5
11200.000,-0.025658,0.022967,0.076588,0.099531,-0.007892,0.003803,0.003660,0.007134,Point,5
11205.000,0.117861,-0.011906,0.067357,0.072273,-0.006498,0.008973,-0.007820,-0.000708,Point,5
11210.000,-0.049322,-0.005145,-0.153240,-0.081045,0.015307,-0.006995,-0.010307,-0.003876,Point,5
11215.000,0.033009,-0.008362,-0.087704,-0.100237,-0.007876,-0.005194,0.004576,0.003910,Point,5
11220.000,-0.107288,0.002002,0.005321,-0.017217,-0.007955,0.000993,0.006526,-0.002823,Point,5
11225.000,0.062923,-0.006957,0.089510,0.052710,0.001283,0.000176,0.001816,-0.003861,Point,5
11230.000,0.025566,0.008774,-0.091745,0.026466,-0.004462,0.014970,0.000549,0.000391,Point,5
11235.000,-0.010544,0.015202,0.047744,0.170976,0.017629,-0.004218,-0.007116,-0.005495,Point,5
11240.000,0.019119,-0.006538,0.066438,-0.214817,0.000766,-0.010507,0.002135,0.002250,Point,5
11245.000,-0.116636,0.002817,-0.024856,-0.074442,0.003393,0.005326,0.006333,0.010689,Point,5
11250.000,0.087371,-0.022251,0.048108,0.056347,-0.006084,0.003347,-0.009001,-0.009733,Point,5
11255.000,-0.047780,0.010738,-0.060468,0.046000,-0.007743,-0.015558,-0.003798,-0.004914,Point,5
11260.000,0.150392,0.002722,0.047642,0.038646,-0.003652,0.007667,0.014429,0.019270,Point,5
11265.000,-0.136949,0.004812,-0.086648,0.153941,0.003179,0.013672,-0.007726,-0.004393,Point,5
11270.000,0.036067,-0.012393,0.086948,-0.187063,-0.005776,-0.012919,0.003162,-0.006644,Point,5
11275.000,0.030618,-0.005885,-0.105588,0.019364,0.005311,0.000462,-0.009293,0.007838,Point,5
11280.000,0.038150,0.004745,-0.119231,-0.016363,0.004057,0.009343,0.012998,-0.008654,Point,5
11285.000,-0.133561,0.023592,0.244825,-0.106988,-0.008766,0.001919,-0.002558,-0.009987,Point,5
11290.000,-0.049429,-0.001820,0.040552,0.092670,0.016585,-0.008242,0.011303,0.016974,Point,5
11295.000,0.088339,-0.014445,-0.059013,-0.069002,0.002050,-0.002087,-0.006720,-0.014851,Point,5
11300.000,-0.074141,-0.006822,-0.055407,0.160482,0.001536,-0.012087,-0.023348,0.004014,Point,5
11305.000,0.119500,0.003157,-0.108377,-0.086227,-0.008907,-0.001372,-0.008715,0.003108,Point,5
11310.000,0.118658,0.016736,0.057656,0.010915,-0.002046,0.005310,0.021589,0.008106,Point,5
11315.000,-0.044341,-0.007198,0.302337,0.018909,0.000069,0.014449,0.003471,0.004232,Point,5
11320.000,-0.101916,-0.013734,-0.188972,0.067291,-0.007492,0.012297,0.003963,-0.006097,Point,5
11325.000,0.079276,0.009142,-0.049494,-0.037262,0.001648,-0.004896,0.006100,-0.001357,Point,5
11330.000,-0.067208,-0.003151,-0.167778,-0.240702,-0.017372,-0.011053,-0.004855,-0.007763,Point,5
11335.000,-0.106631,0.007557,0.006692,0.208778,0.012522,-0.005533,0.000543,-0.002257,Point,5
11340.000,-0.024717,0.001046,0.258242,-0.003951,0.034246,0.001673,-0.012639,-0.013013,Point,5
11345.000,0.060266,-0.017165,-0.070786,0.031452,-0.010509,-0.007000,0.004833,0.027381,Point,5
11350.000,0.112906,0.015964,0.028663,0.090088,-0.017819,0.007356,0.006294,-0.002675,Point,5
11355.000,-0.055452,-0.009030,-0.083819,-0.156329,-0.001464,-0.005021,-0.006096,-0.002853,Point,5
11360.000,0.060709,0.009047,-0.024415,0.068366,-0.000557,0.004637,-0.007276,-0.000181,Point,5
11365.000,-0.078724,-0.010887,-0.009568,-0.097269,-0.002295,0.008373,-0.005775,0.008293,Point,5
11370.000,0.053095,0.003506,0.014218,-0.065993,0.010458,0.003954,0.018124,0.002592,Point,5
11375.000,0.065798,0.000380,0.211373,-0.028368,0.012417,-0.006953,0.003810,-0.009109,Point,5
11380.000,-0.054421,0.007540,-0.019889,0.208028,-0.009610,-0.005376,-0.002195,-0.021225,Point,5
11385.000,-0.063552,0.007593,-0.298967,-0.093257,-0.002447,-0.000782,0.000336,0.009306,Point,5
11390.000,-0.098836,-0.015942,-0.017909,0.140408,0.009034,0.007532,-0.018415,-0.009911,Point,5
11395.000,0.011491,0.000604,0.164636,0.087715,-0.020481,0.010025,0.005439,0.019669,Point,5
11400.000,0.058770,-0.003576,0.104104,-0.246134,-0.008437,-0.018954,0.017347,0.014766,Point,5
11405.000,0.012009,-0.005630,-0.032179,-0.038029,0.010993,-0.000875,0.001591,-0.004211,Point,5
11410.000,0.115499,0.023341,-0.023865,0.078505,0.002522,-0.007288,-0.019990,-0.010352,Point,5
11415.000,0.123790,0.002269,-0.053972,0.103084,0.004617,0.008220,0.011941,-0.003135,Point,5
11420.000,-0.057399,-0.010111,-0.064956,-0.136839,0.007103,-0.000560,-0.019622,0.002009,Point,5
11425.000,-0.035025,-0.013410,0.197632,-0.132896,0.001215,0.009724,0.015541,-0.005573,Point,5
11430.000,-0.136900,0.009053,-0.251752,0.138351,-0.019439,-0.007951,-0.009638,0.005776,Point,5
11435.000,-0.224199,0.003955,0.106860,0.057680,0.013627,0.008855,0.015436,-0.004506,Point,5
11440.000,0.117967,-0.011742,0.053277,0.147466,-0.000151,0.002680,-0.003735,0.001787,Point,5
11445.000,0.042897,0.002052,-0.122280,-0.204594,0.001022,-0.002762,0.002185,0.006847,Point,5
11450.000,0.123918,0.009128,-0.086735,0.159919,-0.000414,-0.010693,0.005840,-0.005161,Point,5
11455.000,0.096362,0.010703,0.219601,-0.137839,-0.001555,0.003391,-0.010932,0.000147,Point,5
11460.000,-0.040934,-0.009931,0.131864,-0.001495,-0.006967,0.011172,0.006961,-0.009976,Point,5
11465.000,-0.115960,-0.010713,-0.048546,-0.112700,-0.001713,-0.000018,-0.005474,-0.004426,Point,5
11470.000,0.025502,0.001992,-0.068334,0.063617,-0.000589,-0.013958,-0.013845,0.025776,Point,5
11475.000,-0.093136,0.011176,-0.009626,0.049666,-0.006800,0.007655,0.012313,0.002026,Point,5
11480.000,0.155079,-0.016586,0.026859,0.126559,0.024666,-0.022429,0.006608,0.008009,Point,5
11485.000,0.045196,0.011792,-0.169312,-0.072295,0.005806,0.003757,0.002283,-0.027352,Point,5
11490.000,-0.160431,0.009558,-0.088592,-0.106377,-0.019276,0.023623,-0.006337,-0.000849,Point,5
11495.000,-0.019470,-0.016758,-0.064434,0.048357,0.006380,-0.005376,-0.003850,0.005633,Point,5
11500.000,0.043978,0.009340,0.317471,-0.024836,-0.000899,0.003363,-0.004275,-0.003303,Point,5
11505.000,0.269255,0.007972,0.132846,0.158266,-0.001326,-0.005415,-0.011648,-0.000195,Point,5
11510.000,-0.285320,-0.023105,-0.135105,-0.029005,-0.008839,-0.000009,0.016324,0.004721,Point,5
11515.000,0.065892,0.002892,-0.107134,-0.116351,-0.002951,0.002541,0.003054,0.006546,Point,5
11520.000,-0.116740,0.010993,0.002847,-0.037412,0.008686,0.004115,0.013072,-0.000882,Point,5
11525.000,0.095489,0.000027,-0.051757,0.099755,-0.004111,-0.024274,-0.007467,-0.013396,Point,5
11530.000,-0.063290,-0.016109,0.188630,-0.066444,0.008640,0.017378,-0.006294,-0.005805,Point,5
11535.000,-0.041587,0.025211,-0.085671,-0.071244,-0.001425,-0.007832,-0.000956,0.022914,Point,5
11540.000,0.135305,0.006193,0.026354,0.037386,0.010407,0.026190,0.005178,-0.011468,Point,5
11545.000,0.159412,-0.006077,-0.023986,0.159947,-0.015809,-0.009297,-0.014578,0.013846,Point,5
11550.000,-0.129237,-0.021109,-0.043594,0.035980,0.008956,-0.005183,0.010837,0.000307,Point,5
11555.000,-0.133473,-0.000231,0.000410,-0.012721,0.001000,-0.012405,-0.009300,-0.015561,Point,5
11560.000,0.156926,0.012497,-0.096267,-0.160023,-0.006643,-0.015790,0.018219,-0.003902,Point,5
11565.000,-0.107702,-0.007265,0.050468,0.017028,-0.007220,0.040437,-0.001166,-0.021467,Point,5
11570.000,-0.080910,-0.008458,0.169881,-0.049566,-0.001573,-0.013629,-0.005493,0.026018,Point,5
11575.000,0.006268,0.023338,0.026135,0.071639,0.013033,-0.015860,-0.018503,0.021318,Point,5
11580.000,0.091400,-0.003933,-0.093174,0.044808,-0.003420,0.020811,0.009219,-0.002377,Point,5
11585.000,0.070640,-0.001121,0.015012,0.062547,-0.002183,0.005204,0.012671,-0.008562,Point,5
11590.000,-0.173009,-0.013065,0.002904,-0.217236,0.004982,-0.020681,-0.015590,0.002186,Point,5
11595.000,0.226826,0.001831,-0.051731,0.050720,-0.006194,-0.004385,0.008616,-0.016622,Point,5
11600.000,0.055128,0.017897,-0.062253,-0.170577,0.000410,0.011920,-0.004332,-0.009220,Point,5
11605.000,-0.150106,-0.013518,-0.220961,0.329141,0.008963,-0.005493,0.009752,0.015685,Point,5
11610.000,0.024469,-0.002281,0.098073,0.029311,0.005650,0.010048,0.004243,0.004143,Point,5
11615.000,-0.180225,-0.010681,0.318472,0.080563,0.001208,0.018496,0.000179,-0.011007,Point,5
11620.000,0.052002,0.039229,0.078357,-0.080404,-0.022008,-0.018617,0.008430,0.010490,Point,5
11625.000,0.236102,-0.013396,-0.037391,-0.156558,0.009181,-0.018126,-0.025783,-0.004514,Point,5
11630.000,-0.035298,-0.007901,-0.160393,-0.022695,-0.022146,0.007933,-0.005144,0.008435,Point,5
11635.000,-0.375943,-0.009433,-0.007582,-0.168271,0.014907,0.011706,0.013468,-0.009120,Point,5
11640.000,0.219457,-0.008930,-0.005307,0.034523,0.002770,-0.016536,-0.009808,0.003634,Point,5
11645.000,0.165041,-0.000677,-0.142581,0.299673,0.006550,0.011653,0.009186,-0.016924,Point,5
11650.000,-0.085566,0.012843,0.252724,-0.026495,0.012807,0.025227,-0.002128,0.016162,Point,5
11655.000,0.001540,0.017368,-0.128493,-0.069496,0.001932,-0.021411,-0.001793,0.010627,Point,5
11660.000,-0.019101,-0.012346,-0.100280,0.171520,-0.027733,-0.019823,0.000488,-0.013028,Point,5
11665.000,-0.275727,0.009847,0.026185,-0.175518,0.002975,-0.001862,0.009577,0.021510,Point,5
11670.000,0.195412,-0.025297,0.027261,-0.161530,0.005660,0.012330,0.005934,-0.015713,Point,5
11675.000,0.085878,-0.001356,0.186991,0.011894,-0.002146,-0.007371,0.006417,-0.023755,Point,5
11680.000,-0.003299,0.034852,-0.067801,0.254301,0.008554,0.019706,-0.039550,0.014571,Point,5
11685.000,0.030021,-0.013676,0.024514,-0.048891,-0.007677,0.009909,-0.002277,0.014860,Point,5
11690.000,0.086163,0.011991,-0.029976,-0.097429,-0.012663,-0.023173,0.032740,-0.020956,Point,5
11695.000,-0.029004,-0.013495,-0.147575,0.085396,0.038781,0.009109,0.012936,0.009291,Point,5
11700.000,-0.018394,-0.016596,0.054878,-0.021154,-0.002468,0.006796,-0.006520,-0.005618,Point,5
11705.000,-0.056133,-0.005112,0.163974,-0.054522,-0.025390,-0.011182,-0.020899,0.021437,Point,5
11710.000,-0.160141,-0.011947,-0.298635,-0.008077,0.008575,0.001135,-0.007379,-0.002414,Point,5
11715.000,-0.037885,0.015537,0.441689,-0.022486,-0.022193,-0.003708,0.005587,0.002238,Point,5
11720.000,-0.029481,0.039168,-0.173995,0.015980,0.022047,0.003842,-0.002040,-0.017182,Point,5
11725.000,0.149870,-0.011783,-0.388537,-0.054279,-0.011141,0.001487,0.002225,-0.015538,Point,5
11730.000,0.067515,0.006301,0.155270,0.262016,0.005734,-0.004362,-0.008972,0.011300,Point,5
11735.000,0.003102,-0.005827,0.325387,-0.219470,0.000133,-0.009175,0.022991,0.006576,Point,5
11740.000,0.232872,-0.032327,-0.132674,0.046686,0.010268,0.002883,0.014886,-0.004259,Point,5
11745.000,-0.383555,0.010983,0.126710,0.000050,-0.004214,0.009812,-0.008715,0.003942,Point,5
11750.000,-0.007669,-0.006000,-0.182761,0.029177,-0.010978,0.013621,-0.005127,0.019237,Point,5
11755.000,0.347520,0.007810,-0.130643,0.090126,-0.004652,-0.009890,0.000650,-0.000594,Point,5
11760.000,-0.106575,0.009389,0.138467,-0.093890,0.028702,0.006608,-0.022612,-0.016458,Point,5
11765.000,-0.167185,0.008522,-0.050197,0.064319,-0.019571,-0.008441,0.001836,-0.013897,Point,5
11770.000,-0.030631,-0.022840,-0.166505,-0.279465,0.000529,-0.007193,0.009079,0.002155,Point,5
11775.000,0.077552,0.001006,0.158325,0.161556,-0.000373,-0.012383,-0.014096,0.000692,Point,5
11780.000,0.112403,0.015677,0.277429,0.124219,0.009592,-0.002727,0.015026,0.005238,Point,5
11785.000,0.002949,-0.014118,-0.128589,-0.236115,-0.005378,0.033233,-0.000382,0.022789,Point,5
11790.000,-0.149926,0.013371,-0.061269,-0.000101,-0.002456,-0.008727,0.029673,-0.004905,Point,5
11795.000,-0.279954,0.016780,0.068546,0.339019,-0.009702,-0.003029,-0.012733,-0.017816,Point,5
11800.000,0.046866,-0.031121,-0.028240,-0.124043,0.016367,0.002827,-0.016556,-0.002736,Point,5
11805.000,0.320211,0.016390,-0.084566,-0.048589,0.004564,0.000726,-0.015880,0.015015,Point,5
11810.000,0.280537,-0.015717,-0.176568,0.022377,-0.033481,-0.022100,0.023129,0.003896,Point,5
11815.000,-0.032782,-0.003738,0.284947,-0.200619,0.007312,0.025355,-0.002624,-0.016832,Point,5
11820.000,-0.324717,0.013768,-0.110851,0.027827,0.035244,-0.011017,-0.010603,-0.003466,Point,5
11825.000,0.002781,-0.010261,0.110676,0.127555,0.004707,0.010028,0.000623,0.009367,Point,5
11830.000,-0.144971,0.013318,-0.125145,0.076214,-0.043783,-0.020305,0.008679,-0.008940,Point,5
11835.000,0.030988,-0.012785,-0.099405,0.179648,0.019199,0.006277,0.009499,0.011320,Point,5
11840.000,0.151144,0.012820,0.109384,-0.382772,0.014138,0.013323,-0.012129,-0.012446,Point,5
11845.000,0.092399,0.011086,-0.054260,-0.028665,-0.030869,-0.021446,-0.009014,0.012182,Point,5
11850.000,-0.183651,-0.020952,0.128912,0.159059,0.018939,0.034454,0.011777,0.021698,Point,5
11855.000,0.248618,0.011062,-0.159744,0.244874,-0.008405,-0.023245,0.013111,-0.008137,Point,5
11860.000,-0.149636,-0.013066,0.293166,-0.179569,-0.000146,0.010005,-0.015884,-0.022506,Point,5
11865.000,0.021785,0.009839,-0.015736,-0.232980,0.004584,0.011277,-0.005581,-0.007100,Point,5
11870.000,-0.073626,-0.008799,-0.235708,0.026016,0.011147,-0.026584,-0.001761,-0.018978,Point,5
11875.000,0.057354,-0.002803,-0.102942,0.069392,0.007424,-0.009641,0.000214,0.019575,Point,5
11880.000,-0.068835,0.001967,0.184722,0.335220,-0.012196,0.018153,0.008175,0.032152,Point,5
11885.000,-0.126245,-0.001661,-0.069287,-0.280513,-0.002376,-0.003346,0.001815,0.019587,Point,5
11890.000,0.197513,0.010280,0.182528,-0.010655,-0.028672,-0.003934,0.025435,-0.029715,Point,5
11895.000,0.058281,0.009351,-0.363480,-0.257410,0.037392,0.020675,-0.011098,-0.019631,Point,5
11900.000,-0.002671,-0.002332,0.430247,0.323436,-0.017851,-0.023018,-0.025200,0.005833,Point,5
11905.000,-0.010322,0.001886,0.068672,0.083036,-0.006659,0.005623,-0.000982,-0.012694,Point,5
11910.000,-0.187731,-0.011879,-0.226668,-0.077643,-0.004578,0.018848,-0.003296,0.014385,Point,5
11915.000,0.088285,-0.010381,-0.065518,0.058676,0.014353,-0.020502,0.000142,-0.013208,Point,5
11920.000,-0.099123,-0.005831,-0.018575,0.035061,0.018457,0.020297,0.008428,0.010504,Point,5
11925.000,0.146382,0.019130,-0.198581,-0.340307,0.013097,-0.016272,0.013543,0.036768,Point,5
11930.000,0.162776,0.004514,0.275460,0.158260,0.010750,-0.005992,0.021045,-0.005033,Point,5
11935.000,0.000138,-0.016964,-0.064003,-0.069182,-0.028034,0.008601,-0.017844,-0.041853,Point,5
11940.000,-0.152773,0.037856,0.038579,0.165510,-0.036831,-0.017997,-0.032946,0.029276,Point,5
11945.000,-0.169518,-0.024134,0.017072,0.102108,0.002962,0.010278,0.017037,-0.014808,Point,5
11950.000,-0.065171,-0.004170,-0.025988,-0.408401,0.005079,0.007143,-0.003739,0.001372,Point,5
11955.000,0.082199,-0.015800,-0.214546,0.207056,0.020701,0.018424,-0.012930,-0.011153,Point,5
11960.000,0.261463,0.002184,0.292488,0.215577,-0.009127,-0.022468,0.016061,-0.012123,Point,5
11965.000,0.149948,0.003419,-0.018458,-0.299086,0.013441,-0.000150,0.024915,0.003048,Point,5
11970.000,-0.228547,0.023990,0.248453,0.094769,0.005666,0.023982,-0.001784,0.030406,Point,5
11975.000,-0.280263,0.001920,-0.004812,0.107354,-0.016511,-0.020645,-0.007924,0.012122,Point,5
11980.000,0.249797,-0.014374,-0.325099,0.071980,0.021147,-0.006295,-0.016060,-0.022376,Point,5
11985.000,-0.304701,0.008777,-0.146728,-0.044611,-0.020615,0.002892,0.001398,0.007910,Point,5
11990.000,0.374508,-0.018902,-0.083200,-0.088177,-0.014661,-0.007408,0.005421,0.016047,Point,5
11995.000,0.046605,-0.019265,-0.088702,0.068278,0.025707,0.024377,-0.014501,-0.024113,Point,5
12000.000,0.039915,0.020883,0.237548,-0.377675,-0.005373,-0.021189,0.002108,-0.006743,Point,5
12005.000,-0.414537,0.012354,0.241144,0.139053,-0.000553,-0.001452,0.009393,-0.009568,Point,5
12010.000,0.265648,0.027026,0.044089,0.351392,-0.013192,0.005665,0.003787,-0.021745,Point,5
12015.000,0.167739,-0.009384,0.363200,-0.044334,0.018385,0.006403,0.027771,0.047391,Point,5
12020.000,-0.112207,-0.006591,-0.446390,-0.283252,0.017373,0.001647,-0.019560,0.015957,Point,5
12025.000,-0.126863,-0.027358,-0.192334,0.138615,-0.046248,0.003903,-0.013183,-0.014327,Point,5
12030.000,-0.246843,-0.002825,-0.308754,0.124716,0.012980,0.015541,-0.003730,-0.015439,Point,5
12035.000,0.217244,-0.007127,0.123384,-0.258007,0.002930,-0.020080,0.005356,-0.020999,Point,5
12040.000,0.048607,0.003713,0.244553,-0.110713,0.031354,-0.026425,-0.024137,0.057911,Point,5
12045.000,0.098802,0.010141,0.359081,0.321544,-0.012315,0.014483,0.013659,-0.034650,Point,5
12050.000,-0.051163,0.025692,-0.228563,0.169529,-0.033634,-0.015037,0.003967,0.000631,Point,5
12055.000,-0.294055,-0.018597,-0.220564,-0.402915,-0.002612,0.033910,0.022219,0.007268,Point,5
12060.000,0.485725,0.007165,0.129471,0.063051,0.009271,0.012729,-0.011072,-0.001840,Point,5
12065.000,-0.088419,0.009624,-0.019905,0.242803,0.042469,-0.012195,0.022734,-0.003539,Point,5
12070.000,-0.078647,-0.010462,0.188915,-0.169396,-0.023940,-0.015338,-0.007484,-0.014364,Point,5
12075.000,-0.112878,-0.002450,-0.020627,-0.199447,-0.000436,-0.022318,-0.046702,-0.007497,Point,5
12080.000,0.240857,-0.019268,-0.361286,0.301838,0.010831,0.025514,0.012561,0.026127,Point,5
12085.000,-0.194410,0.012133,0.407473,-0.000496,-0.003138,-0.016090,0.018571,0.013937,Point,5
12090.000,-0.032439,0.006542,-0.217394,-0.150755,-0.013058,0.019540,0.004875,-0.032302,Point,5
12095.000,-0.078424,-0.000443,-0.036086,0.098848,-0.014541,0.010953,-0.001682,0.036343,Point,5
12100.000,-0.205677,-0.000034,0.068743,0.242375,0.008717,0.018157,-0.003585,-0.035485,Point,5
12105.000,0.542106,-0.003130,-0.116034,-0.207043,-0.009055,-0.034567,0.002901,0.027128,Point,5
12110.000,-0.226144,-0.020957,-0.276422,-0.203706,0.014235,-0.009533,-0.008154,-0.006177,Point,5
12115.000,0.080810,0.023917,0.416926,0.155416,0.010502,0.016164,0.003098,-0.007662,Point,5
12120.000,-0.195299,0.000913,0.002936,-0.269415,-0.004534,0.004805,-0.005475,0.003828,Point,5
12125.000,0.221701,0.007006,0.274226,0.191528,0.009583,-0.019707,-0.036010,-0.022323,Point,5
12130.000,0.067733,-0.007693,-0.187485,-0.057332,-0.026927,0.009708,0.063278,0.014842,Point,5
12135.000,-0.170591,0.011941,-0.125896,0.163599,0.002375,0.010152,-0.011042,-0.006680,Point,5
12140.000,-0.048301,-0.015694,-0.214028,-0.159681,-0.000139,-0.011149,-0.008207,0.017227,Point,5
12145.000,0.120908,0.006923,0.195474,0.173302,0.011491,-0.011269,-0.005846,0.011993,Point,5
12150.000,-0.065260,-0.015358,0.160639,0.085442,0.028744,-0.003106,-0.009158,-0.038190,Point,5
12155.000,0.171561,0.005351,-0.222876,0.060203,-0.003023,0.029758,-0.003084,-0.018673,Point,5
12160.000,-0.358052,0.006232,0.177315,-0.119896,-0.028406,-0.012945,0.038690,0.057171,Point,5
12165.000,-0.031863,-0.003098,0.003376,0.012297,-0.008990,0.004855,0.010534,0.013715,Point,5
12170.000,0.407816,0.007367,-0.069170,-0.288055,0.020834,0.013499,-0.024434,-0.011683,Point,5
12175.000,-0.266876,-0.016729,-0.300740,-0.136080,-0.013722,-0.022835,-0.013304,-0.018377,Point,5
12180.000,-0.115585,-0.004565,0.259214,-0.041591,-0.031366,-0.020261,-0.009786,0.000478,Point,5
12185.000,0.228613,0.009310,0.038284,0.468081,0.017913,0.007073,-0.023157,-0.024279,Point,5
12190.000,-0.007688,0.016710,0.109910,0.131468,0.028651,0.031951,0.027036,0.006452,Point,5
12195.000,0.184614,0.000571,-0.080188,0.033030,-0.005232,0.014986,0.014755,0.020324,Point,5
12200.000,-0.055137,-0.008190,-0.119171,0.041846,0.000133,-0.010855,-0.009030,-0.017117,Point,5
12205.000,-0.086012,0.009784,-0.035899,-0.279054,0.005299,-0.004273,0.002019,0.014094,Point,5
12210.000,-0.140146,-0.014408,0.126909,0.021486,0.011697,-0.030995,0.015645,-0.004897,Point,5
12215.000,0.022050,0.004951,0.094865,-0.350081,-0.013596,-0.021546,-0.021887,0.002683,Point,5
12220.000,-0.190059,-0.022083,-0.123142,0.086926,-0.034022,0.013341,0.030931,-0.012742,Point,5
12225.000,0.149782,0.022261,0.016217,-0.044153,0.008777,0.038210,0.008675,0.026121,Point,5
12230.000,0.135348,0.011423,-0.029426,0.102152,0.010151,0.005997,-0.031713,-0.005851,Point,5
12235.000,-0.130077,-0.009409,-0.082671,0.060147,-0.007642,-0.028415,-0.008385,0.005251,Point,5
12240.000,0.361361,-0.035694,0.050669,0.033640,0.022959,0.026323,-0.014392,-0.038758,Point,5
12245.000,-0.240107,0.036749,-0.033989,0.337926,-0.005392,-0.013937,-0.009012,0.024553,Point,5
12250.000,-0.211366,-0.013743,-0.190004,0.077476,0.026543,0.003874,0.046324,0.002141,Point,5
12255.000,0.138157,0.015342,0.292728,-0.156567,-0.006814,-0.000520,-0.002142,0.017409,Point,5
12260.000,-0.031686,0.005639,0.369414,-0.230846,-0.043378,-0.015108,-0.022603,-0.000679,Point,5
12265.000,0.436623,-0.015069,-0.190368,0.112004,-0.009995,0.000605,0.035291,-0.028565,Point,5
12270.000,-0.065019,0.014335,-0.298863,-0.252418,0.029733,0.002704,-0.021772,-0.007310,Point,5
12275.000,-0.492103,-0.041751,-0.002108,-0.119590,0.008262,0.001794,-0.009827,0.016330,Point,5
12280.000,-0.120621,0.022468,0.145502,0.220354,-0.026408,0.002890,-0.006799,0.001424,Point,5
12285.000,0.196328,0.015246,0.041397,0.195525,0.013959,0.006541,-0.004889,0.009390,Point,5
12290.000,0.081255,-0.015758,-0.270539,-0.046606,0.016400,-0.002116,0.012481,0.005002,Point,5
12295.000,0.262721,-0.002600,-0.096225,-0.023806,-0.009267,0.009335,0.037659,-0.027137,Point,5
12300.000,-0.229254,0.021850,0.307791,0.111143,0.014163,-0.008351,-0.035102,-0.005784,Point,5
12305.000,-0.228043,0.003370,0.170993,-0.203582,-0.017549,-0.005479,-0.001974,0.018013,Point,5
12310.000,0.120072,-0.016046,0.460275,-0.196315,-0.004126,0.002737,0.010517,-0.001730,Point,5
12315.000,0.202245,0.006755,-0.798175,-0.100404,0.005746,-0.024994,0.006781,-0.011786,Point,5
12320.000,-0.054351,-0.010420,-0.096609,0.363589,-0.014702,0.001259,-0.007300,0.020036,Point,5
12325.000,-0.067112,0.008870,-0.019271,0.236642,-0.001226,0.015845,-0.022102,0.002857,Point,5
12330.000,0.080925,0.005421,0.098340,0.028134,0.042564,0.010630,-0.014897,0.018233,Point,5
12335.000,0.263888,-0.017862,0.102791,-0.325026,-0.018323,0.002147,0.060695,-0.009451,Point,5
12340.000,-0.106881,-0.000592,0.181365,0.023557,0.008420,0.003257,-0.018339,-0.027644,Point,5
12345.000,-0.415098,-0.031889,-0.191424,-0.046837,-0.010224,-0.007962,-0.008117,-0.002726,Point,5
12350.000,-0.003367,0.031043,0.179200,-0.289929,-0.055194,0.018389,-0.013822,0.019588,Point,5
12355.000,0.148073,0.013935,0.121776,0.277145,0.040563,-0.010455,0.028649,-0.006701,Point,5
12360.000,-0.228907,0.025411,-0.083574,0.031165,-0.004774,-0.004139,-0.001215,-0.005656,Point,5
12365.000,0.211622,-0.010030,-0.126030,0.108899,-0.010206,-0.008924,-0.029616,-0.007340,Point,5
12370.000,0.542648,-0.017778,-0.260998,0.161355,0.001187,-0.033530,0.005417,-0.002457,Point,5
12375.000,-0.376834,0.002024,-0.000066,-0.530656,0.059876,0.035442,-0.032914,0.006319,Point,5
12380.000,-0.267529,0.005061,0.169477,0.346627,0.006154,-0.031271,0.037998,0.031575,Point,5
12385.000,0.106155,-0.049578,-0.046670,0.065326,-0.024935,0.061653,0.021168,-0.001867,Point,5
12390.000,0.250924,0.044153,0.083129,0.011522,-0.020016,-0.018906,0.004744,-0.008274,Point,5
12395.000,-0.502919,-0.031884,0.253734,0.255845,-0.031186,-0.001989,-0.007354,-0.030582,Point,5
12400.000,0.414587,0.029219,-0.168489,0.008533,0.019330,0.011728,-0.001089,0.011013,Point,5
12405.000,0.061184,-0.004018,0.221391,-0.760193,0.014979,-0.021497,-0.011220,0.019619,Point,5
12410.000,-0.226469,0.041355,-0.037020,0.000737,-0.005386,-0.010356,-0.033825,-0.011654,Point,5
12415.000,0.212577,-0.038414,-0.440762,0.179292,-0.008559,-0.034006,0.011905,-0.020610,Point,5
12420.000,-0.043388,-0.016552,0.015285,-0.081002,0.000337,0.053246,0.030864,0.001622,Point,5
12425.000,-0.125112,0.029623,-0.008418,0.122669,0.019100,0.008932,-0.024070,0.014135,Point,5
12430.000,-0.069492,0.008739,-0.043545,0.194087,0.000740,-0.013494,0.017537,0.025958,Point,5
12435.000,-0.111588,-0.006796,0.643997,0.242164,0.006917,0.013570,0.008207,-0.001302,Point,5
12440.000,0.085056,-0.043978,-0.493072,0.044237,-0.014153,-0.006223,-0.005450,-0.005702,Point,5
12445.000,0.193048,0.017913,-0.115439,-0.220972,-0.018556,-0.004032,-0.004202,-0.018358,Point,5
12450.000,0.274889,-0.017899,0.349603,-0.159837,0.040122,-0.007705,-0.007518,-0.015136,Point,5
12455.000,-0.233465,0.025702,0.043589,-0.115479,-0.046207,-0.000346,-0.011768,0.000206,Point,5
12460.000,-0.197544,0.017121,-0.075464,-0.170224,-0.000781,-0.017014,0.001821,0.038267,Point,5
12465.000,-0.173955,-0.012623,0.043587,0.499512,0.021563,-0.009608,0.022490,-0.028194,Point,5
12470.000,0.168385,-0.016425,-0.545785,-0.160370,-0.011507,0.024127,0.009347,-0.016224,Point,5
12475.000,0.246004,0.034018,0.016851,0.150123,0.037531,-0.016692,-0.024217,0.019514,Point,5
12480.000,-0.046026,-0.003926,0.569097,0.084008,0.006592,0.046687,0.019126,0.024099,Point,5
12485.000,-0.206855,-0.008549,-0.047705,-0.520061,-0.033999,0.008313,0.000779,0.023645,Point,5
12490.000,-0.221594,-0.007765,-0.131028,0.143967,-0.042255,-0.008788,-0.032822,-0.042203,Point,5
12495.000,0.394901,-0.009163,-0.204671,0.415206,0.039665,-0.037243,-0.005174,0.008254,Point,5
12500.000,0.224138,-0.006801,0.255329,-0.313567,0.026359,-0.015434,0.017409,-0.028767,Point,5
12505.000,-0.178431,0.021487,0.076794,-0.359899,0.007454,0.027671,0.001182,0.004407,Point,5
12510.000,-0.006689,-0.007533,-0.234484,0.504366,0.001580,0.010072,0.051127,-0.010375,Point,5
12515.000,-0.013244,0.023770,-0.025180,-0.150953,-0.052100,-0.007990,-0.034586,0.007389,Point,5
12520.000,-0.203570,-0.028154,0.099780,-0.109536,-0.012496,-0.012248,-0.032005,0.036617,Point,5
12525.000,-0.037081,-0.007945,0.351548,0.462706,0.025645,-0.019438,0.008323,0.005837,Point,5
12530.000,-0.211306,0.012378,-0.539956,-0.161848,0.008678,0.044286,0.008941,-0.010020,Point,5
12535.000,0.185140,0.016890,0.026221,-0.034515,0.006702,0.002279,0.012804,-0.010297,Point,5
12540.000,0.157219,-0.010440,0.182909,-0.180196,0.001656,0.003771,0.011952,0.001454,Point,5
12545.000,0.193540,-0.002817,0.106138,0.029439,-0.021711,-0.023538,-0.028917,-0.032793,Point,5
12550.000,0.130879,-0.028593,0.059853,0.004045,0.012751,-0.018897,-0.023739,0.020528,Point,5
12555.000,-0.001308,0.003613,0.018745,-0.511657,0.009627,0.018710,0.051943,0.011558,Point,5
12560.000,-0.162273,0.066203,-0.225014,0.674960,0.008523,-0.013378,-0.016122,0.002267,Point,5
12565.000,-0.365218,-0.005181,-0.221181,0.079569,-0.017608,0.015446,0.000140,0.010949,Point,5
12570.000,-0.087798,-0.037718,0.078955,0.097796,-0.004812,0.009772,-0.003374,-0.019422,Point,5
12575.000,-0.156047,-0.001256,0.119414,-0.250462,-0.018830,0.000549,-0.001271,-0.021641,Point,5
12580.000,0.418608,-0.000809,-0.201580,-0.246107,0.031161,-0.002294,-0.013276,0.027737,Point,5
12585.000,0.249542,-0.009764,0.475636,-0.103330,0.004310,0.027791,-0.003254,0.002857,Point,5
12590.000,0.335313,-0.015937,-0.071780,-0.014882,-0.001278,-0.037171,0.002903,0.008611,Point,5
12595.000,-0.500853,-0.004912,-0.155152,0.483780,-0.026016,-0.023659,0.036310,0.002194,Point,5
12600.000,-0.245637,0.019973,0.261461,-0.060637,-0.013224,0.009077,-0.005129,-0.056630,Point,5
12605.000,-0.016301,0.018007,-0.288768,0.304352,0.042945,-0.012190,0.010976,0.025356,Point,5
12610.000,0.174009,0.044959,0.090024,-0.451638,-0.006061,0.042089,-0.039552,0.028735,Point,5
12615.000,0.290299,0.010905,-0.211402,-0.253181,0.005125,-0.010794,0.004626,-0.017990,Point,5
12620.000,-0.141252,-0.046938,0.000636,0.107391,0.007031,0.007794,0.009226,0.019425,Point,5
12625.000,-0.315766,-0.028340,0.235955,0.442853,-0.036303,0.020482,-0.008777,0.003685,Point,5
12630.000,0.030984,-0.033174,-0.033218,-0.218464,0.024937,-0.077660,0.006601,-0.037877,Point,5
12635.000,0.134625,0.014163,-0.234664,-0.121513,0.013525,0.061153,-0.016157,-0.006317,Point,5
12640.000,0.141458,0.014609,0.194307,0.167076,-0.044632,-0.015829,0.003168,-0.008835,Point,5
12645.000,-0.071864,0.036809,-0.203876,-0.309242,-0.000239,0.001043,0.027215,0.061486,Point,5
12650.000,-0.047420,-0.002804,0.545001,-0.178490,0.031012,0.015959,-0.011720,0.019997,Point,5
12655.000,0.305265,0.030266,-0.466257,0.497536,-0.021433,-0.016261,0.005835,-0.032516,Point,5
12660.000,-0.204681,-0.049069,0.052781,0.311666,-0.016920,0.009483,-0.012739,-0.049077,Point,5
12665.000,-0.035303,-0.010234,0.165436,-0.174035,0.030300,-0.012257,-0.012140,-0.015269,Point,5
12670.000,-0.003421,-0.003701,-0.116951,-0.413527,0.019896,0.001051,0.021314,0.050195,Point,5
12675.000,-0.259776,0.020793,0.118892,0.309789,0.012931,0.022004,-0.003906,0.005874,Point,5
12680.000,-0.046130,0.019067,-0.171141,-0.156061,-0.017815,-0.030539,0.007255,0.008246,Point,5
12685.000,0.485987,-0.031806,0.370937,-0.168374,-0.059217,-0.010760,-0.007940,-0.001822,Point,5
12690.000,-0.381576,0.006198,-0.511501,0.064388,0.027896,0.013174,0.026929,-0.013286,Point,5
12695.000,-0.197292,-0.003077,0.250382,-0.253846,0.044696,-0.006390,-0.029574,0.007902,Point,5
12700.000,0.398773,0.013716,-0.013999,0.450530,-0.022672,0.012983,-0.006295,-0.008125,Point,5
12705.000,0.409001,-0.012830,-0.286699,0.224276,-0.024866,0.026786,-0.036320,-0.025277,Point,5
12710.000,-0.389443,0.039075,0.224652,-0.067068,0.031303,0.005714,0.023753,-0.000139,Point,5
12715.000,-0.088282,-0.047927,-0.032681,-0.237021,0.030253,-0.014453,0.043400,0.005181,Point,5
12720.000,0.323391,0.002053,-0.059034,-0.157757,-0.046046,-0.025604,0.015999,0.045453,Point,5
12725.000,-0.334258,-0.012491,0.132604,-0.272848,-0.008657,-0.010016,-0.030933,0.006667,Point,5
12730.000,-0.098777,0.014155,0.382023,0.432002,-0.008604,-0.011389,-0.015151,-0.004374,Point,5
12735.000,0.151173,0.023161,-0.092809,0.169163,0.021340,0.044498,0.023249,-0.019738,Point,5
12740.000,-0.242445,0.038216,-0.321718,0.238915,-0.025343,-0.019637,-0.015912,-0.029786,Point,5
12745.000,-0.049631,-0.052921,-0.223381,-0.054019,0.039224,0.008678,-0.011277,0.016643,Point,5
12750.000,0.243973,-0.013758,0.029277,-0.733341,-0.024188,0.006570,-0.016343,-0.016008,Point,5
12755.000,0.417911,-0.003490,0.129713,0.187693,-0.005222,-0.003452,0.004899,0.001740,Point,5
12760.000,-0.076769,-0.017070,-0.106533,0.111388,0.004374,-0.005714,0.042044,0.024386,Point,5
12765.000,-0.364817,0.056597,0.429487,0.205569,0.031733,0.005092,-0.010917,-0.000650,Point,5
12770.000,-0.139447,0.047491,0.140555,-0.410165,0.014561,0.014675,-0.006284,-0.024377,Point,5
12775.000,0.154546,-0.044255,-0.289709,0.032101,-0.034901,-0.033142,0.000123,0.017561,Point,5
12780.000,0.234303,-0.033300,0.071697,0.628749,-0.003500,-0.003016,0.007196,0.021008,Point,5
12785.000,-0.327870,-0.029648,-0.567189,-0.297716,-0.001389,-0.013575,0.016742,-0.001149,Point,5
12790.000,-0.049061,-0.028457,0.013769,0.268214,0.007463,0.066558,-0.041301,-0.029869,Point,5
12795.000,0.105840,0.063888,0.451611,0.034217,-0.014988,-0.053749,0.016447,0.028610,Point,5
12800.000,0.160241,0.043972,0.089452,-0.369870,-0.028207,0.020317,-0.008572,0.000223,Point,5
12805.000,0.206840,0.005213,-0.241741,-0.438103,0.045646,0.005589,-0.004089,-0.018764,Point,5
12810.000,0.022464,-0.032307,0.338940,-0.032465,0.006070,-0.011679,0.015463,-0.007695,Point,5
12815.000,-0.408473,-0.018020,0.067958,0.415935,-0.008800,0.009623,-0.007817,-0.001198,Point,5
12820.000,-0.305682,0.002569,-0.658300,-0.237732,-0.013552,-0.011276,0.008069,-0.004238,Point,5
12825.000,0.337606,-0.013158,0.417313,0.562395,0.033195,0.015002,-0.007558,-0.015106,Point,5
12830.000,-0.003285,0.000132,-0.061830,-0.042276,-0.007851,-0.003580,0.005988,0.013092,Point,5
12835.000,-0.005893,0.017922,0.031711,-0.238923,-0.030830,0.018133,0.018191,0.005877,Point,5
12840.000,0.360048,-0.013119,-0.134379,0.090829,0.022148,-0.033792,-0.018631,0.048165,Point,5
12845.000,-0.200110,0.010321,0.237244,-0.053778,-0.007070,-0.028001,-0.020860,0.015176,Point,5
12850.000,-0.234731,0.006395,0.192547,0.074745,-0.016514,0.017687,0.005448,-0.030253,Point,5
12855.000,0.260234,0.038554,-0.522484,-0.227245,0.022825,0.024801,0.005966,-0.044899,Point,5
12860.000,-0.170034,-0.032053,-0.448913,0.019465,0.022597,-0.017555,0.014958,0.012629,Point,5
12865.000,0.278654,-0.023833,0.568570,-0.025676,-0.017095,0.008623,0.014011,0.021311,Point,5
12870.000,-0.440127,-0.029921,0.293766,-0.014810,-0.024874,0.010173,-0.017731,-0.031794,Point,5
12875.000,0.237383,0.005696,-0.225662,0.339627,-0.017220,0.024735,-0.033041,0.014907,Point,5
12880.000,-0.027549,0.062330,0.330781,-0.153691,0.012783,0.016195,0.046285,0.009297,Point,5
12885.000,0.098538,0.007436,-0.080026,0.183441,0.008798,-0.066864,-0.001474,0.002854,Point,5
12890.000,-0.138759,-0.026736,-0.382393,-0.092840,0.000566,0.028687,-0.014683,0.002318,Point,5
12895.000,-0.066378,-0.016095,-0.294688,-0.445354,0.017448,-0.041520,0.010702,-0.037973,Point,5
12900.000,0.279975,-0.012631,0.214887,0.206063,0.019616,0.008125,-0.051334,0.012123,Point,5
12905.000,-0.100656,0.039395,0.397486,-0.069183,0.016299,0.020299,0.053213,0.019362,Point,5
12910.000,-0.172539,0.008962,0.236408,0.003828,-0.021832,0.026088,0.010740,0.013115,Point,5
12915.000,0.246889,-0.044410,-0.301391,0.321893,-0.063609,-0.033418,-0.051809,0.000290,Point,5
12920.000,-0.021804,-0.002271,-0.154641,0.198122,0.017434,0.006112,0.013766,0.000938,Point,5
12925.000,-0.324875,0.033226,0.026629,-0.091213,0.005934,0.021360,0.015550,-0.051904,Point,5
12930.000,0.070155,-0.017266,-0.033359,-0.244150,0.017537,-0.015594,0.014203,0.034446,Point,5
12935.000,0.130247,0.018059,-0.202119,-0.128300,0.002707,0.002307,-0.025526,0.027689,Point,5
12940.000,0.213148,-0.016210,0.173877,-0.281076,0.027506,-0.009305,-0.004187,-0.029729,Point,5
12945.000,-0.421295,-0.023747,-0.201389,0.098360,-0.026499,-0.008907,0.051840,-0.018013,Point,5
12950.000,0.373764,0.031030,0.099006,0.636243,-0.013325,0.024951,-0.014088,0.025085,Point,5
12955.000,0.057533,-0.009342,0.321928,-0.612915,0.003426,-0.008168,-0.045734,0.015262,Point,5
12960.000,-0.480406,0.033685,0.127408,0.289737,-0.015426,-0.019039,0.004470,0.004752,Point,5
12965.000,0.325964,-0.018946,-0.253832,0.115728,0.026087,0.041958,0.005142,-0.017460,Point,5
12970.000,0.236764,-0.006926,0.206241,0.093998,0.020625,-0.037997,0.016609,-0.051774,Point,5
12975.000,-0.275113,-0.025698,0.218221,-0.033821,-0.006811,0.017920,-0.035335,0.010404,Point,5
12980.000,-0.029053,-0.001691,-0.387978,-0.083232,-0.046782,-0.012564,0.039431,0.043273,Point,5
12985.000,-0.315301,0.018372,-0.339940,-0.134359,-0.006901,0.043049,0.018750,0.031642,Point,5
12990.000,0.053786,0.012938,-0.166691,-0.448297,0.050190,-0.013634,-0.006210,-0.042158,Point,5
12995.000,0.069976,0.024295,0.322991,0.290366,0.018416,-0.061730,0.004373,0.012984,Point,5
13000.000,0.670826,-0.010348,-0.225891,0.257096,-0.018479,0.009751,-0.054923,-0.028780,Point,5
13005.000,-0.080363,-0.039983,0.178440,0.194615,-0.020396,0.014759,0.005844,0.023935,Point,5
13010.000,-0.235869,-0.007566,0.678133,0.100418,-0.025162,0.013777,0.024478,-0.005373,Point,5
13015.000,-0.443082,0.037892,-0.202569,-0.507134,0.010559,0.022648,0.018196,-0.034895,Point,5
13020.000,0.113691,-0.005279,-0.290470,-0.483647,0.011980,0.000871,0.000056,0.013854,Point,5
13025.000,-0.101653,-0.019315,0.111123,0.420212,0.029172,-0.023792,-0.007398,0.070532,Point,5
13030.000,0.133064,0.033865,-0.203061,0.326481,-0.003823,0.018790,-0.043587,-0.020631,Point,5
13035.000,0.484101,-0.035961,-0.140858,0.027876,0.016577,-0.003325,0.010759,-0.057268,Point,5
13040.000,-0.055071,0.004163,0.122832,0.134159,0.005505,-0.015699,0.014826,-0.000772,Point,5
13045.000,0.051229,0.012364,0.257865,-0.437551,-0.077597,-0.007939,0.002119,0.038745,Point,5
13050.000,-0.601706,-0.006129,0.003192,0.346762,-0.012788,-0.012810,0.004080,-0.002554,Point,5
13055.000,-0.119274,0.026797,0.006943,-0.018580,0.025309,0.027782,0.000138,-0.000294,Point,5
13060.000,0.145626,-0.012285,-0.387394,-0.275874,0.061598,-0.005727,0.003596,0.010506,Point,5
13065.000,0.304199,-0.010963,-0.144370,0.317398,-0.038411,0.009210,0.005161,-0.021559,Point,5
13070.000,0.468719,0.000453,0.515687,-0.692011,0.013125,-0.016623,0.024547,0.015154,Point,5
13075.000,-0.319512,-0.004404,-0.095263,0.322504,-0.032326,-0.010696,-0.016486,-0.011519,Point,5
13080.000,-0.333511,0.001492,-0.165961,0.227606,0.008341,0.022090,-0.025367,-0.034382,Point,5
13085.000,-0.180118,0.010705,-0.242555,-0.086085,0.024223,-0.021257,0.005809,-0.012181,Point,5
13090.000,0.003508,-0.004048,0.357847,-0.268850,-0.009212,0.059070,-0.016279,0.058872,Point,5
13095.000,0.400416,-0.009087,0.217662,0.573930,0.049446,-0.015532,-0.008540,0.023549,Point,5
13100.000,-0.150453,0.029143,0.167759,-0.129446,-0.032061,-0.014715,0.022818,-0.026973,Point,5
13105.000,0.151234,-0.045402,-0.169066,-0.301429,-0.035546,-0.037228,0.026624,-0.006800,Point,5
13110.000,-0.031293,-0.000160,0.010688,0.175571,-0.009718,-0.023828,-0.025742,-0.010346,Point,5
13115.000,0.067896,0.020656,-0.624309,-0.097660,-0.022237,0.066403,0.010271,-0.002596,Point,5
13120.000,0.018470,-0.008394,-0.148797,0.009728,0.075385,-0.003359,0.002553,0.010641,Point,5
13125.000,-0.195062,0.020113,0.666299,0.144237,-0.029399,0.010267,-0.019207,0.003702,Point,5
13130.000,0.056866,-0.001870,-0.013146,0.006872,0.016726,-0.024653,0.011815,0.018884,Point,5
13135.000,-0.005682,0.007355,-0.371963,-0.039421,0.005114,-0.005367,-0.014649,-0.017757,Point,5
13140.000,-0.175733,-0.017065,0.071204,0.030501,-0.021902,-0.018052,0.027913,0.018491,Point,5
13145.000,-0.042762,0.003037,0.671924,-0.142365,-0.010942,0.044070,-0.013908,-0.059374,Point,5
13150.000,0.203978,0.005753,0.005176,-0.225934,0.004585,-0.019472,0.019815,-0.010835,Point,5
13155.000,0.045940,-0.023207,-0.119256,-0.230441,0.007289,-0.002232,-0.014963,0.042278,Point,5
13160.000,0.040083,0.041129,-0.950000,0.373536,0.016082,0.018290,-0.032513,0.039742,Point,5
13165.000,0.166671,0.012016,0.064085,0.677123,0.006352,0.005195,0.035253,-0.015028,Point,5
13170.000,-0.467844,-0.067188,0.095886,-0.091469,-0.036518,0.003234,-0.034978,-0.010237,Point,5
13175.000,0.410296,0.003432,0.595018,-0.763017,0.002981,-0.039468,0.013794,0.001063,Point,5
13180.000,-0.267347,0.009216,0.265554,0.514778,0.025234,-0.012510,0.003102,-0.021450,Point,5
13185.000,-0.151432,-0.011183,-0.194782,-0.257217,-0.028152,-0.005036,0.053160,-0.020050,Point,5
13190.000,0.085414,0.040559,-0.430958,-0.424384,-0.022371,0.008856,0.003705,0.011934,Point,5
13195.000,0.219551,0.010436,-0.156818,0.139509,0.065910,0.049714,-0.083552,-0.001552,Point,5
13200.000,0.073957,0.015051,0.331807,0.563016,-0.012760,-0.040478,0.005757,0.054174,Point,5
13205.000,-0.279239,-0.029531,0.360704,-0.125922,0.025250,0.011789,0.032378,-0.000136,Point,5
13210.000,0.215675,-0.025605,-0.346566,0.234045,-0.040595,0.032192,0.000593,-0.034519,Point,5
13215.000,-0.095489,0.009512,-0.348232,-0.021442,-0.015709,0.004282,0.007551,0.002134,Point,5
13220.000,0.264249,0.009459,0.432956,-0.516272,-0.008378,-0.024535,-0.002089,-0.003575,Point,5
13225.000,-0.277730,-0.009026,0.123035,0.102582,0.018157,-0.008323,-0.001105,-0.012002,Point,5
13230.000,-0.007468,-0.006075,-0.283583,0.237477,0.015187,0.008036,-0.020981,0.000836,Point,5
13235.000,-0.229284,0.031197,0.267215,-0.314413,-0.014200,-0.028409,0.011141,0.023229,Point,5
13240.000,0.170065,-0.031634,0.048758,-0.088111,-0.026259,0.013355,-0.004228,-0.007214,Point,5
13245.000,0.088719,0.026481,-0.126177,-0.012993,0.042016,-0.007673,0.005123,-0.009807,Point,5
13250.000,0.253880,-0.030353,-0.629345,0.443332,-0.029872,-0.000467,0.000809,-0.000148,Point,5
13255.000,-0.108182,0.005371,0.177743,-0.192983,0.053800,-0.001243,0.010854,0.015841,Point,5
13260.000,-0.106070,0.045986,0.461844,0.178468,0.018805,0.018407,0.012406,0.013724,Point,5
13265.000,-0.263390,0.001784,-0.239810,0.101319,-0.036358,-0.007766,-0.005992,-0.019979,Point,5
13270.000,0.067374,-0.025919,-0.002994,-0.094184,-0.033098,0.063701,-0.015580,-0.020596,Point,5
13275.000,0.024483,-0.006356,-0.045733,-0.278975,-0.009006,-0.057344,-0.027429,0.012363,Point,5
13280.000,-0.103715,-0.029062,0.576839,-0.229798,0.008961,0.006540,0.015182,0.014271,Point,5
13285.000,0.413767,0.013970,-0.158091,0.221762,0.006683,-0.009723,-0.031054,-0.010267,Point,5
13290.000,0.111613,-0.055032,-0.138221,0.234399,-0.006105,-0.001734,0.036727,-0.013206,Point,5
13295.000,-0.200012,0.082940,0.003417,0.130154,-0.003309,-0.037447,0.040437,0.017424,Point,5
13300.000,-0.004505,0.008330,-0.270489,-0.384711,-0.001019,0.038923,0.016797,-0.010668,Point,5
13305.000,0.018596,0.014950,-0.471534,0.235757,0.062476,0.015290,-0.039239,0.015526,Point,5
13310.000,-0.277791,-0.018579,0.652332,0.012335,0.009156,-0.020478,-0.025409,-0.007174,Point,5
13315.000,0.012617,-0.029440,0.210146,-0.124718,-0.044023,0.022342,-0.004695,-0.005982,Point,5
13320.000,0.383975,-0.010882,-0.006554,-0.253742,-0.018087,0.004665,0.008062,0.028311,Point,5
13325.000,-0.490280,-0.013391,-0.245932,0.603037,0.002172,-0.002961,0.011516,0.004790,Point,5
13330.000,0.118249,0.035886,0.117308,-0.399814,-0.001988,-0.039750,0.004168,-0.033838,Point,5
13335.000,0.128119,-0.011429,-0.547756,0.174841,-0.013255,-0.001929,-0.027838,0.012338,Point,5
13340.000,0.014893,0.035739,0.170158,-0.360813,0.025831,0.005965,0.016127,-0.034256,Point,5
13345.000,0.281747,-0.014523,0.597415,0.114474,-0.002211,0.053011,0.013716,-0.007613,Point,5
13350.000,-0.290907,-0.001234,-0.559793,0.126126,-0.002561,-0.033765,0.005740,0.035719,Point,5
13355.000,0.241450,0.008767,0.309916,0.260344,0.009924,0.012042,0.009413,0.012044,Point,5
13360.000,-0.095702,-0.003107,0.385084,-0.087591,0.004024,0.029661,-0.032931,0.023085,Point,5
13365.000,-0.217056,-0.037417,-0.272935,-0.215682,-0.022697,-0.051116,0.003822,-0.016113,Point,5
13370.000,-0.185319,-0.008114,-0.310001,-0.314249,0.040290,-0.024713,-0.019687,-0.007702,Point,5
13375.000,-0.204826,-0.004595,-0.177449,0.050822,-0.046544,-0.007232,0.010539,-0.005471,Point,5
13380.000,0.294134,0.035087,-0.152050,0.630882,0.028232,0.012042,0.013928,-0.053402,Point,5
13385.000,0.517858,0.001860,0.536314,0.136364,-0.017249,0.068054,0.033754,0.018830,Point,5
13390.000,0.000000,-0.000000,0.000000,-0.000000,-0.000000,0.000000,0.000000,0.000000,PinchMiddle,4
13395.000,0.000000,0.000000,0.000000,-0.000001,0.000013,-0.000003,-0.000021,-0.000000,PinchMiddle,4
13400.000,-0.000007,0.000006,-0.000003,0.000005,-0.000007,-0.000017,0.000065,-0.000000,PinchMiddle,4
13405.000,0.000013,-0.000004,0.000005,0.000002,0.000011,0.000047,0.000058,0.000013,PinchMiddle,4
13410.000,-0.000004,0.000002,-0.000011,-0.000027,0.000309,0.000204,-0.000093,-0.000021,PinchMiddle,4
13415.000,0.000018,-0.000026,0.000004,0.000036,-0.000369,-0.000267,0.000157,-0.000018,PinchMiddle,4
13420.000,0.000061,-0.000072,0.000030,0.000031,-0.000462,-0.000430,-0.000799,0.000043,PinchMiddle,4
13425.000,-0.000030,0.000073,-0.000013,-0.000072,-0.001177,0.001015,0.000667,-0.000069,PinchMiddle,4
13430.000,-0.000180,0.000077,-0.000028,0.000019,0.000670,-0.000887,-0.000682,0.000001,PinchMiddle,4
13435.000,-0.000154,0.000082,0.000075,-0.000012,0.002281,0.000100,0.000986,0.000054,PinchMiddle,4
13440.000,0.000232,-0.000121,0.000030,-0.000125,0.000767,0.000817,0.000464,0.000091,PinchMiddle,4
13445.000,0.000131,0.000002,-0.000060,0.000115,-0.001606,-0.001100,-0.000174,-0.000006,PinchMiddle,4
13450.000,0.000107,-0.000117,-0.000217,0.000133,-0.000634,-0.001887,-0.000730,0.000209,PinchMiddle,4
13455.000,-0.000106,0.000058,-0.000055,-0.000152,0.000010,0.003804,0.000629,-0.000191,PinchMiddle,4
13460.000,0.000131,0.000138,0.000432,0.000059,0.003064,0.003370,0.001619,-0.000081,PinchMiddle,4
13465.000,-0.000072,-0.000042,-0.000218,0.000252,-0.003353,-0.004557,-0.005704,-0.000111,PinchMiddle,4
13470.000,-0.000155,-0.000194,0.000047,-0.000382,-0.002717,-0.005863,0.001767,-0.000339,PinchMiddle,4
13475.000,-0.000365,-0.000356,-0.000107,0.000132,0.002620,0.007010,0.002469,0.000216,PinchMiddle,4
13480.000,0.000176,0.000724,0.000080,-0.000168,0.000380,-0.002808,-0.001718,0.000120,PinchMiddle,4
13485.000,0.000128,-0.000273,0.000218,0.000138,-0.002192,-0.003668,0.003267,0.000272,PinchMiddle,4
13490.000,0.000078,0.000220,-0.000360,0.000369,0.003126,0.013420,-0.003251,-0.000596,PinchMiddle,4
13495.000,0.000083,-0.000246,-0.000392,-0.000873,-0.001321,-0.005866,-0.000876,0.000195,PinchMiddle,4
13500.000,0.000465,0.000147,0.000885,0.000680,0.003040,-0.000463,0.001626,0.000581,PinchMiddle,4
13505.000,-0.000513,0.000001,-0.000157,0.000499,-0.002320,-0.008603,0.003025,-0.000047,PinchMiddle,4
13510.000,-0.000731,0.000201,0.000112,-0.000392,-0.001898,0.011261,0.002963,-0.000544,PinchMiddle,4
13515.000,0.001065,0.000298,0.000172,-0.000669,0.017599,-0.008697,-0.003613,0.001243,PinchMiddle,4
13520.000,-0.000073,-0.001075,-0.000744,-0.000359,-0.018904,-0.005703,-0.004843,-0.000251,PinchMiddle,4
13525.000,-0.001171,0.000022,0.000043,0.000966,-0.000868,0.016955,-0.005192,-0.001140,PinchMiddle,4
13530.000,0.000710,0.000454,0.000494,-0.000191,-0.015005,-0.000001,0.011939,-0.000429,PinchMiddle,4
13535.000,0.000261,-0.000168,-0.000504,0.000139,0.014922,-0.004065,0.001131,0.000079,PinchMiddle,4
13540.000,0.000764,-0.000408,0.000434,0.000036,0.016751,-0.003134,-0.005069,0.000467,PinchMiddle,4
13545.000,-0.000587,0.001654,-0.000828,-0.000824,-0.000396,0.001714,-0.002241,0.000881,PinchMiddle,4
13550.000,-0.000580,-0.000393,-0.000305,0.001117,-0.011386,-0.015677,-0.004998,-0.001250,PinchMiddle,4
13555.000,0.000210,-0.000555,0.002699,-0.000967,-0.005104,-0.003468,-0.004840,-0.000006,PinchMiddle,4
13560.000,-0.001114,-0.000078,-0.002601,0.000998,-0.009793,0.026166,0.013852,0.000289,PinchMiddle,4
13565.000,0.002608,-0.000264,0.000718,0.000292,0.019301,-0.008522,0.005564,0.002481,PinchMiddle,4
13570.000,-0.000742,-0.000916,0.001792,-0.001143,-0.004925,0.017349,0.003229,-0.001553,PinchMiddle,4
13575.000,-0.001884,-0.000394,-0.002192,-0.000910,-0.002038,-0.035806,-0.026476,-0.000056,PinchMiddle,4
13580.000,0.000721,0.001414,0.000248,0.001988,-0.009544,0.031457,0.023137,0.000277,PinchMiddle,4
13585.000,0.001266,0.002021,-0.000361,-0.001164,0.030178,0.013148,0.001202,-0.002599,PinchMiddle,4
13590.000,-0.001083,-0.000601,-0.000902,-0.000928,-0.001529,-0.021935,-0.008198,0.000678,PinchMiddle,4
13595.000,0.001139,-0.001579,0.001122,0.001743,-0.030239,-0.011352,-0.012338,0.001122,PinchMiddle,4
13600.000,0.000802,-0.000484,-0.000961,-0.001152,0.021939,0.002715,0.007120,-0.000792,PinchMiddle,4
13605.000,-0.004221,0.001510,0.003450,0.004016,-0.018967,-0.006885,0.027595,-0.000471,PinchMiddle,4
13610.000,-0.000748,-0.000791,0.001350,-0.002746,-0.001766,-0.009905,-0.017339,0.002793,PinchMiddle,4
13615.000,0.002482,0.000124,-0.001559,0.000543,0.009009,0.022813,0.006301,0.001004,PinchMiddle,4
13620.000,0.000744,0.000260,0.000313,-0.000511,0.003500,-0.006994,0.001532,-0.000007,PinchMiddle,4
13625.000,0.006196,-0.002469,-0.004916,-0.002209,-0.010041,0.033831,-0.031506,-0.005199,PinchMiddle,4
13630.000,-0.002705,0.002211,-0.001454,-0.001640,0.003691,-0.045221,-0.004378,-0.000464,PinchMiddle,4
13635.000,-0.002063,-0.000525,0.002587,0.001524,0.033229,0.019625,-0.002777,0.002958,PinchMiddle,4
13640.000,-0.001516,0.000389,-0.000000,-0.000145,-0.036145,-0.019976,0.023575,-0.001133,PinchMiddle,4
13645.000,-0.005504,-0.002312,0.001210,0.005095,0.001672,0.007473,0.024718,0.002229,PinchMiddle,4
13650.000,0.001570,0.003007,0.001162,0.003414,0.016104,0.011132,-0.042791,0.002499,PinchMiddle,4
13655.000,0.006426,0.002788,0.001437,-0.005675,-0.015707,0.020952,0.024496,-0.001249,PinchMiddle,4
13660.000,-0.001392,-0.000435,0.000822,-0.002285,0.040257,0.003199,-0.000466,0.000155,PinchMiddle,4
13665.000,-0.002511,-0.000261,-0.001255,-0.001408,-0.065286,-0.009140,0.036639,-0.008156,PinchMiddle,4
13670.000,0.001424,-0.003516,-0.001146,0.003686,0.035179,-0.047291,-0.019609,0.003861,PinchMiddle,4
13675.000,0.001916,-0.001046,-0.002934,-0.003209,-0.015733,0.024871,-0.031521,-0.000007,PinchMiddle,4
13680.000,0.003916,-0.003009,0.000680,0.003202,-0.000817,-0.024010,-0.013002,0.003173,PinchMiddle,4
13685.000,-0.004945,0.004060,0.004623,-0.004161,0.036852,0.048629,0.007743,0.002070,PinchMiddle,4
13690.000,-0.003486,0.003083,-0.005642,0.001391,0.004298,0.012402,0.007865,-0.001843,PinchMiddle,4
13695.000,0.001557,-0.004663,0.003689,0.002386,-0.066062,0.018551,-0.013207,-0.001208,PinchMiddle,4
13700.000,0.000225,-0.000918,-0.003432,0.004671,0.055487,-0.045015,0.010999,0.001535,PinchMiddle,4
13705.000,-0.003010,0.003543,-0.000892,-0.003136,-0.053703,-0.104770,0.031638,-0.001352,PinchMiddle,4
13710.000,0.006665,0.003261,0.003426,-0.001158,0.033206,0.054569,0.003418,-0.003745,PinchMiddle,4
13715.000,-0.005602,-0.000301,0.000362,-0.003916,0.011304,0.048513,0.035966,-0.001297,PinchMiddle,4
13720.000,0.002429,-0.004571,-0.001449,0.000432,0.031048,0.010318,-0.083109,0.000934,PinchMiddle,4
13725.000,0.000989,0.001592,0.007139,0.002650,-0.036495,0.015000,-0.022426,0.008450,PinchMiddle,4
13730.000,0.002043,0.005824,0.003634,-0.001966,0.003737,-0.002340,0.035662,-0.000062,PinchMiddle,4
13735.000,0.000616,-0.001573,-0.012185,0.001413,0.003468,0.050404,0.014269,-0.005355,PinchMiddle,4
13740.000,-0.002341,-0.006132,-0.003157,0.000958,-0.065747,-0.096478,-0.035913,0.000879,PinchMiddle,4
13745.000,0.006673,-0.006360,-0.002229,0.003451,0.089117,-0.027615,0.041602,-0.001066,PinchMiddle,4
13750.000,-0.010435,-0.003446,0.007243,-0.002285,-0.088340,-0.045176,0.005671,0.002581,PinchMiddle,4
13755.000,-0.002610,0.008677,-0.000494,0.000123,-0.012854,0.119851,0.026472,-0.001843,PinchMiddle,4
13760.000,-0.003343,0.003331,0.002048,-0.002988,0.132778,0.091741,-0.036599,0.001542,PinchMiddle,4
13765.000,0.008776,0.004454,-0.002534,0.008452,-0.074620,-0.172255,-0.118266,-0.005844,PinchMiddle,4
13770.000,0.000777,0.006807,0.004180,-0.010637,0.104779,0.042290,0.120576,0.004282,PinchMiddle,4
13775.000,0.007507,-0.002670,0.005692,-0.003529,-0.034860,0.016885,0.050691,-0.000247,PinchMiddle,4
13780.000,-0.000634,-0.004395,-0.002944,-0.003789,-0.161118,0.016544,-0.012024,-0.004425,PinchMiddle,4
13785.000,-0.009334,-0.013317,-0.004293,0.017590,0.067924,-0.034369,-0.076351,-0.000269,PinchMiddle,4
13790.000,0.003376,-0.007806,-0.013138,0.002679,-0.019140,-0.001824,0.056321,0.009469,PinchMiddle,4
13795.000,-0.002922,0.011496,0.003020,-0.010617,0.142573,0.042479,-0.074368,0.009849,PinchMiddle,4
13800.000,-0.007054,0.006168,0.013694,0.003506,-0.090444,-0.067553,0.031973,-0.014618,PinchMiddle,4
13805.000,0.002933,0.002807,-0.001506,-0.005118,0.049531,0.067861,-0.019707,-0.000281,PinchMiddle,4
13810.000,0.001701,0.003264,0.002712,-0.011969,-0.053702,0.002021,0.126586,-0.001203,PinchMiddle,4
13815.000,0.005004,-0.006936,-0.009203,0.011970,-0.053463,-0.134448,-0.119538,0.002330,PinchMiddle,4
13820.000,0.002937,0.001908,0.001475,0.013288,0.059147,0.023783,0.010478,-0.006078,PinchMiddle,4
13825.000,0.001923,0.002083,0.005457,0.000422,-0.004179,0.080130,0.057696,-0.000783,PinchMiddle,4
13830.000,0.002591,-0.002957,-0.003315,-0.004883,0.013370,0.127195,-0.068753,0.009549,PinchMiddle,4
13835.000,-0.011671,-0.007122,-0.003735,-0.013508,-0.097478,-0.214547,-0.019450,-0.002100,PinchMiddle,4
13840.000,0.007382,-0.000663,-0.006505,-0.000774,0.047012,0.127924,0.005543,-0.005082,PinchMiddle,4
13845.000,-0.001101,-0.001035,0.017167,0.007618,0.042671,0.079188,0.142440,0.017914,PinchMiddle,4
13850.000,-0.010048,0.002620,0.000709,-0.002521,0.056732,-0.014302,-0.095685,-0.006848,PinchMiddle,4
13855.000,-0.011994,0.015294,-0.001748,0.004459,-0.015582,-0.152362,-0.054512,-0.006780,PinchMiddle,4
13860.000,0.017407,-0.012349,-0.013031,-0.001142,-0.024802,0.069647,0.101763,-0.008542,PinchMiddle,4
13865.000,0.006023,0.004161,0.002812,0.005289,0.021675,-0.160979,-0.017891,-0.004281,PinchMiddle,4
13870.000,0.002137,0.008944,0.000851,-0.002426,-0.018705,0.037316,-0.019206,0.005900,PinchMiddle,4
13875.000,0.010462,-0.010763,0.003171,-0.002482,-0.019123,0.064725,-0.015044,0.002771,PinchMiddle,4
13880.000,-0.027257,-0.005140,-0.003621,0.000928,-0.041552,0.102921,-0.091935,0.011262,PinchMiddle,4
13885.000,0.004184,0.000418,-0.007514,-0.012419,-0.012135,-0.085707,0.088030,-0.002676,PinchMiddle,4
13890.000,0.012844,0.003256,0.017537,-0.000898,-0.049923,0.039013,-0.085426,-0.002016,PinchMiddle,4
13895.000,-0.010483,0.005310,0.004697,0.022909,0.126091,0.015273,0.104312,0.004303,PinchMiddle,4
13900.000,-0.002148,-0.002930,-0.000666,-0.005986,-0.048717,0.015961,0.038019,0.005536,PinchMiddle,4
13905.000,0.014766,-0.008291,-0.016264,-0.003659,0.118473,0.111223,-0.006118,-0.018735,PinchMiddle,4
13910.000,-0.009720,0.006120,0.003462,0.001720,-0.057090,-0.172434,0.036483,-0.005877,PinchMiddle,4
13915.000,-0.005253,-0.001529,0.008562,-0.006290,-0.023675,-0.110952,-0.052396,0.015962,PinchMiddle,4
13920.000,0.001728,0.002754,-0.009330,0.000515,-0.004821,-0.002987,-0.164928,-0.005725,PinchMiddle,4
13925.000,-0.003022,-0.006361,-0.003723,0.001080,0.031276,0.093945,0.118004,0.003850,PinchMiddle,4
13930.000,0.013542,0.015204,0.012360,0.012969,-0.094511,0.043072,0.043040,0.000917,PinchMiddle,4
13935.000,0.001485,-0.003814,-0.015621,-0.013606,-0.083409,0.016189,-0.004124,-0.006086,PinchMiddle,4
13940.000,-0.019534,-0.023821,0.009759,0.001903,0.050140,-0.276455,-0.005817,-0.007541,PinchMiddle,4
13945.000,0.007801,0.033282,0.006896,-0.011336,0.140681,0.459466,0.018460,0.014411,PinchMiddle,4
13950.000,0.014099,-0.007007,-0.014049,0.012724,0.024443,-0.083896,0.024582,0.000494,PinchMiddle,4
13955.000,-0.007639,-0.012080,0.006920,-0.007284,-0.151851,-0.049857,-0.107655,-0.007840,PinchMiddle,4
13960.000,0.011132,0.000045,0.000816,-0.004438,0.183356,-0.038160,-0.243450,0.002240,PinchMiddle,4
13965.000,-0.014390,0.004378,0.006347,0.020982,-0.001657,-0.168468,0.222541,0.003874,PinchMiddle,4
13970.000,0.005122,-0.003492,-0.007094,0.009041,-0.103334,0.081683,0.156315,-0.001342,PinchMiddle,4
13975.000,-0.012389,-0.001720,0.002219,-0.020001,-0.037207,0.106687,0.100978,-0.008121,PinchMiddle,4
13980.000,-0.002334,0.008612,0.000152,0.005973,0.031093,-0.083221,-0.124895,0.019104,PinchMiddle,4
13985.000,-0.011284,-0.001978,0.000037,-0.017914,-0.060392,-0.061098,-0.053637,-0.000304,PinchMiddle,4
13990.000,0.012159,0.002465,-0.001831,0.008020,0.122505,0.099007,-0.026157,-0.027465,PinchMiddle,4
13995.000,0.019802,0.001195,-0.011962,0.011453,-0.237998,-0.073389,0.000316,0.017970,PinchMiddle,4
14000.000,0.015251,-0.003347,0.017569,-0.015397,0.269271,-0.009175,0.053664,0.012728,PinchMiddle,4
14005.000,-0.016483,-0.010453,0.001743,-0.001392,-0.101673,0.183594,-0.054560,-0.028895,PinchMiddle,4
14010.000,-0.015716,0.006107,-0.016181,0.008139,-0.056874,-0.025272,-0.028763,0.004915,PinchMiddle,4
14015.000,0.005287,-0.008260,0.013661,0.016487,0.076877,-0.040687,0.089642,0.007248,PinchMiddle,4
14020.000,0.017723,0.002926,-0.000652,-0.009350,-0.188949,0.001200,0.009610,0.012989,PinchMiddle,4
14025.000,-0.019302,0.021828,0.006013,0.001673,0.228545,-0.071482,-0.270699,-0.004359,PinchMiddle,4
14030.000,-0.017456,-0.000710,-0.019029,-0.014280,0.098623,-0.145084,0.215123,-0.024015,PinchMiddle,4
14035.000,0.005602,-0.012265,0.000424,-0.013641,0.145657,0.120666,-0.074534,0.013924,PinchMiddle,4
14040.000,0.010948,-0.003767,0.010994,0.016168,-0.363272,0.033425,0.281088,0.018584,PinchMiddle,4
14045.000,0.004702,-0.019710,-0.018854,0.011270,-0.046085,0.039500,-0.014298,-0.022287,PinchMiddle,4
14050.000,-0.004388,0.002351,0.011464,-0.004794,0.126657,-0.202464,-0.286501,-0.001745,PinchMiddle,4
14055.000,0.025447,0.021366,0.019279,0.007982,0.007293,0.365656,-0.116257,0.015513,PinchMiddle,4
14060.000,-0.010770,0.033713,-0.009577,0.007542,-0.046837,-0.047611,0.105732,-0.010447,PinchMiddle,4
14065.000,-0.002071,-0.016800,-0.007812,-0.011107,-0.160423,-0.089373,0.139921,0.020885,PinchMiddle,4
14070.000,-0.007564,-0.014924,-0.000308,0.007295,0.014375,-0.120075,0.089385,-0.021294,PinchMiddle,4
14075.000,-0.002005,-0.026325,0.005845,-0.033471,0.339801,-0.197146,0.089493,-0.012385,PinchMiddle,4
14080.000,-0.031115,0.022456,0.001900,-0.016252,0.123356,0.150616,-0.140183,0.016660,PinchMiddle,4
14085.000,0.031773,0.000046,-0.020087,0.020949,-0.323265,0.243326,-0.155479,0.014153,PinchMiddle,4
14090.000,-0.012054,-0.002746,0.022722,0.031831,-0.164211,0.247543,-0.092114,-0.012455,PinchMiddle,4
14095.000,0.011647,0.017036,-0.003064,0.000341,0.139571,-0.155665,-0.078062,-0.000371,PinchMiddle,4
14100.000,0.013629,-0.024396,0.009737,0.005227,0.169081,-0.291267,0.210423,0.003613,PinchMiddle,4
14105.000,-0.019321,0.000318,-0.012808,-0.019120,-0.069273,-0.340644,0.210744,-0.023046,PinchMiddle,4
14110.000,0.018939,0.013062,0.001935,-0.015265,0.091398,0.175972,-0.059499,0.011271,PinchMiddle,4
14115.000,-0.000134,0.008950,-0.005364,-0.008771,-0.110774,0.333590,0.060861,0.013409,PinchMiddle,4
14120.000,-0.019858,-0.018158,-0.018680,0.014344,-0.207403,-0.126496,0.003258,0.004771,PinchMiddle,4
14125.000,0.028253,0.012208,0.014946,-0.000817,-0.140103,0.230077,-0.217784,-0.017934,PinchMiddle,4
14130.000,-0.037385,-0.022596,0.015317,0.015540,0.273209,0.065344,-0.074751,0.003924,PinchMiddle,4
14135.000,0.007749,-0.000523,0.005094,0.004385,0.274905,-0.340760,-0.235305,-0.000873,PinchMiddle,4
14140.000,-0.002011,0.019526,-0.027072,-0.022542,-0.062159,-0.144443,0.417384,0.008461,PinchMiddle,4
14145.000,0.001646,0.007187,-0.001557,0.030801,0.082183,-0.185325,-0.106395,-0.001021,PinchMiddle,4
14150.000,0.005310,0.022514,0.034756,-0.004291,-0.177362,0.446237,0.090588,-0.013642,PinchMiddle,4
14155.000,0.001975,-0.022819,-0.016637,-0.022187,-0.294175,0.097959,0.210581,0.010086,PinchMiddle,4
14160.000,0.026035,-0.019419,-0.012560,-0.000699,0.205057,-0.010144,-0.201722,-0.004641,PinchMiddle,4
14165.000,-0.015187,0.012976,0.000455,-0.016911,0.028349,-0.181744,-0.167287,0.008427,PinchMiddle,4
14170.000,-0.020181,-0.001190,0.007848,-0.001077,-0.098843,0.252041,-0.059333,0.003016,PinchMiddle,4
14175.000,-0.008652,-0.007400,0.023239,0.043328,0.135518,-0.164087,0.310165,0.008248,PinchMiddle,4
14180.000,0.020227,-0.008288,-0.026689,-0.008577,-0.245897,0.212936,-0.047344,-0.029673,PinchMiddle,4
14185.000,0.017362,-0.013590,0.002045,0.004910,0.328049,-0.383337,-0.165669,-0.008584,PinchMiddle,4
14190.000,0.002015,0.022035,-0.011435,-0.010572,-0.133899,-0.021596,0.049455,0.016317,PinchMiddle,4
14195.000,-0.027007,0.020715,-0.004688,-0.002457,0.135736,0.133780,-0.062496,0.001563,PinchMiddle,4
14200.000,-0.020541,-0.010077,0.016395,-0.014916,-0.244957,0.001176,0.130402,0.023442,PinchMiddle,4
14205.000,0.022532,0.008672,0.009908,0.016150,0.173579,-0.135160,0.010838,0.004479,PinchMiddle,4
14210.000,0.025238,-0.016412,0.014943,-0.017735,-0.104265,0.021757,-0.080661,-0.005052,PinchMiddle,4
14215.000,-0.026979,0.006150,0.004375,0.014393,0.219681,0.006498,0.127585,-0.027508,PinchMiddle,4
14220.000,0.020252,0.010850,-0.031134,-0.005300,-0.228231,0.302938,-0.071753,-0.008569,PinchMiddle,4
14225.000,-0.040920,0.002254,-0.017225,0.002602,-0.073948,0.152385,-0.019375,-0.003085,PinchMiddle,4
14230.000,0.025552,-0.019222,-0.002389,0.019805,0.188562,-0.575057,-0.273748,0.012683,PinchMiddle,4
14235.000,-0.002534,-0.018576,0.022091,0.008458,-0.140604,0.461711,0.293926,0.011310,PinchMiddle,4
14240.000,0.021269,-0.003928,-0.004405,-0.028684,0.237526,-0.271910,0.137692,0.005333,PinchMiddle,4
14245.000,0.000735,0.010383,0.004268,-0.018022,-0.399859,0.024657,-0.116690,0.020495,PinchMiddle,4
14250.000,-0.008598,0.004953,0.030249,-0.008830,0.157848,0.034872,-0.275662,-0.001181,PinchMiddle,4
14255.000,-0.017279,0.021275,-0.020312,0.020908,0.530744,-0.116604,0.087671,-0.066114,PinchMiddle,4
14260.000,-0.022784,0.013691,-0.013123,0.028963,-0.088197,0.100844,0.090703,0.022881,PinchMiddle,4
14265.000,0.018598,0.005988,-0.002016,-0.027811,-0.950000,-0.109615,0.337021,0.015490,PinchMiddle,4
14270.000,0.012078,-0.009788,0.007258,0.018383,0.728892,0.306713,-0.240392,0.000208,PinchMiddle,4
14275.000,0.013964,-0.029345,-0.006013,0.022328,-0.041438,-0.120104,0.042209,-0.002360,PinchMiddle,4
14280.000,0.012705,-0.007563,-0.011923,-0.037145,-0.112320,-0.182578,0.091654,0.013945,PinchMiddle,4
14285.000,-0.005905,-0.016119,0.010002,0.007595,-0.192172,0.073261,-0.273665,-0.002063,PinchMiddle,4
14290.000,-0.052457,0.000532,0.014911,-0.005292,0.286310,0.056769,-0.225619,-0.009609,PinchMiddle,4
14295.000,0.019928,0.030702,0.009514,-0.024994,0.061281,0.124584,0.425295,-0.013822,PinchMiddle,4
14300.000,0.012145,0.013248,-0.010312,0.022060,-0.118709,0.088318,0.014926,-0.011341,PinchMiddle,4
14305.000,-0.004744,0.015485,-0.008605,0.005001,-0.031184,-0.296844,-0.320336,0.043499,PinchMiddle,4
14310.000,0.016209,-0.012461,-0.002010,0.010024,0.019066,0.064565,0.140034,-0.014326,PinchMiddle,4
14315.000,0.009157,-0.015550,-0.001453,0.003790,-0.311872,-0.134268,-0.130771,0.020365,PinchMiddle,4
14320.000,-0.019638,0.006960,-0.006262,-0.015563,0.028826,-0.117568,0.245631,-0.040257,PinchMiddle,4
14325.000,-0.009029,-0.026261,0.023159,-0.007310,0.364309,0.229629,-0.024685,0.010905,PinchMiddle,4
14330.000,-0.021956,0.019298,-0.013720,0.001051,0.328991,0.180662,-0.050235,0.012491,PinchMiddle,4
14335.000,0.014069,-0.019571,-0.002438,-0.007683,-0.202248,-0.267107,0.481724,-0.006300,PinchMiddle,4
14340.000,0.016471,0.019093,-0.011606,0.019260,-0.078792,0.258970,-0.501277,0.009341,PinchMiddle,4
14345.000,0.014688,0.011127,0.019939,0.004980,-0.137704,0.088223,-0.083304,-0.012747,PinchMiddle,4
14350.000,0.010737,-0.000878,0.010988,0.013449,-0.174927,-0.461284,0.179137,0.000111,PinchMiddle,4
14355.000,-0.012783,-0.018950,-0.013509,-0.006813,-0.104066,0.312053,-0.170837,-0.008279,PinchMiddle,4
14360.000,-0.003495,-0.010703,0.042012,-0.023127,0.180720,-0.307727,0.077524,-0.005513,PinchMiddle,4
14365.000,-0.028643,0.047084,-0.051253,0.007482,0.378321,0.236933,-0.131808,0.024456,PinchMiddle,4
14370.000,-0.012986,-0.021257,-0.008516,-0.029869,-0.559063,-0.077604,0.241228,-0.000098,PinchMiddle,4
14375.000,0.003346,-0.002749,-0.006645,0.005604,0.288365,0.303312,-0.063269,-0.032131,PinchMiddle,4
14380.000,0.049811,-0.014133,0.004590,0.023764,0.344014,-0.251693,0.063377,0.015946,PinchMiddle,4
14385.000,0.013758,0.017555,0.001251,0.002176,-0.507630,0.021479,-0.152023,0.008923,PinchMiddle,4
14390.000,-0.028167,-0.008992,0.029886,0.012627,0.218071,0.136504,0.002679,0.020020,PinchMiddle,4
14395.000,-0.033174,-0.007855,0.004443,0.027080,0.124343,-0.068582,0.307043,-0.016473,PinchMiddle,4
14400.000,0.046098,-0.009788,-0.020326,-0.032091,-0.520479,-0.316284,-0.074038,-0.001206,PinchMiddle,4
14405.000,-0.017118,0.024496,0.009597,-0.019337,0.410182,0.161238,-0.379455,-0.011238,PinchMiddle,4
14410.000,-0.020163,-0.000984,-0.007393,0.014256,-0.052772,-0.038580,0.070673,0.019737,PinchMiddle,4
14415.000,-0.004434,-0.002754,0.008027,-0.014839,0.017646,-0.161045,-0.088402,0.019423,PinchMiddle,4
14420.000,0.019127,0.006161,-0.005094,0.014765,-0.023629,0.515140,0.512721,-0.037666,PinchMiddle,4
14425.000,0.027587,0.004399,0.005327,-0.017738,0.188718,0.217974,-0.199747,-0.012273,PinchMiddle,4
14430.000,-0.015341,0.018016,0.005865,-0.007993,-0.259183,-0.225696,0.066330,0.001382,PinchMiddle,4
14435.000,-0.014641,-0.036354,-0.038219,0.025838,-0.163599,-0.419550,-0.329798,-0.004750,PinchMiddle,4
14440.000,-0.003199,-0.014071,0.017880,0.008227,0.123140,0.080974,0.331863,0.019396,PinchMiddle,4
14445.000,0.007564,0.001812,0.003598,-0.032168,0.101548,-0.060158,-0.048217,0.025132,PinchMiddle,4
14450.000,0.016664,0.016202,0.006707,0.028545,0.000775,0.168064,-0.311755,-0.015701,PinchMiddle,4
14455.000,-0.004335,-0.000227,-0.000628,-0.003025,0.107786,-0.298864,0.141946,0.001860,PinchMiddle,4
14460.000,-0.041072,0.011369,-0.009573,-0.001236,0.105503,0.332156,0.041303,-0.007128,PinchMiddle,4
14465.000,0.008860,-0.016326,0.014613,0.028478,-0.093905,0.196060,-0.125764,-0.011968,PinchMiddle,4
14470.000,0.023032,0.019819,-0.030676,-0.032070,-0.051252,-0.261874,0.352774,-0.017124,PinchMiddle,4
14475.000,0.013063,-0.017499,0.059701,-0.024190,-0.277872,0.016122,0.009127,0.019268,PinchMiddle,4
14480.000,-0.011911,0.024549,-0.039532,0.011328,-0.156390,0.189518,-0.407278,0.039139,PinchMiddle,4
14485.000,0.002148,-0.014593,0.002106,0.011687,0.120303,0.028013,0.131842,-0.019551,PinchMiddle,4
14490.000,-0.010020,0.006472,-0.009677,-0.008080,0.369934,-0.166453,0.207450,-0.018905,PinchMiddle,4
14495.000,0.024014,-0.034082,-0.003308,0.000812,0.107251,-0.191580,0.055835,-0.005680,PinchMiddle,4
14500.000,-0.019950,0.028207,0.026623,0.029608,-0.119024,-0.045602,-0.255494,0.009675,PinchMiddle,4
14505.000,0.023805,-0.009793,-0.005576,-0.029427,0.036269,0.130193,0.045783,0.023198,PinchMiddle,4
14510.000,-0.040283,-0.022142,-0.008911,0.027853,-0.135542,0.148225,-0.277802,-0.018548,PinchMiddle,4
14515.000,-0.000000,-0.000000,-0.000000,0.000000,0.000000,-0.000000,0.000000,0.000000,ThumbUp,6
14520.000,0.000000,0.000000,-0.000000,-0.000000,-0.000000,0.000001,-0.000001,0.000003,ThumbUp,6
14525.000,0.000002,0.000000,0.000003,-0.000001,-0.000001,0.000001,-0.000065,-0.000043,ThumbUp,6
14530.000,-0.000003,-0.000001,0.000001,-0.000000,0.000001,-0.000005,0.000058,0.000004,ThumbUp,6
14535.000,-0.000006,0.000007,-0.000021,0.000005,-0.000003,-0.000006,0.000176,0.000054,ThumbUp,6
14540.000,-0.000001,-0.000021,0.000007,-0.000001,-0.000013,-0.000012,-0.000028,0.000134,ThumbUp,6
14545.000,-0.000014,-0.000007,0.000007,0.000029,0.000027,0.000055,-0.000157,0.000167,ThumbUp,6
14550.000,0.000039,-0.000007,0.000021,-0.000046,0.000034,-0.000035,0.000054,-0.000277,ThumbUp,6
14555.000,0.000037,0.000031,-0.000002,-0.000010,-0.000003,0.000029,-0.000289,-0.000174,ThumbUp,6
14560.000,-0.000051,0.000025,0.000038,0.000015,-0.000014,0.000059,0.000491,-0.000220,ThumbUp,6
14565.000,0.000015,0.000004,-0.000121,-0.000061,-0.000078,-0.000150,-0.000034,0.000554,ThumbUp,6
14570.000,-0.000027,0.000037,-0.000012,0.000036,0.000069,-0.000015,0.000410,-0.000396,ThumbUp,6
14575.000,-0.000024,-0.000098,0.000111,0.000028,-0.000103,-0.000001,-0.000532,-0.000448,ThumbUp,6
14580.000,-0.000027,-0.000003,-0.000122,0.000109,-0.000054,0.000062,-0.000583,-0.000164,ThumbUp,6
14585.000,0.000047,0.000002,0.000095,-0.000065,0.000075,0.000137,0.001027,0.001950,ThumbUp,6
14590.000,-0.000082,0.000030,0.000002,-0.000081,0.000024,-0.000183,-0.002075,-0.000184,ThumbUp,6
14595.000,0.000134,0.000058,0.000148,-0.000020,0.000230,-0.000078,0.000407,-0.000011,ThumbUp,6
14600.000,0.000214,-0.000052,0.000012,0.000416,-0.000014,0.000279,-0.000125,0.000079,ThumbUp,6
14605.000,-0.000191,0.000106,-0.000166,-0.000480,-0.000047,0.000168,0.004197,-0.001173,ThumbUp,6
14610.000,0.000037,0.000057,-0.000109,0.000162,0.000003,-0.000256,-0.003948,-0.001511,ThumbUp,6
14615.000,-0.000323,-0.000623,0.000158,0.000057,-0.000310,-0.000180,0.001055,0.002904,ThumbUp,6
14620.000,-0.000025,0.000112,-0.000316,-0.000217,-0.000193,0.000223,-0.000902,-0.005497,ThumbUp,6
14625.000,-0.000023,0.000412,0.000566,-0.000091,0.000357,-0.000293,0.003868,0.002277,ThumbUp,6
14630.000,0.000483,-0.000081,-0.000068,0.000085,-0.000144,0.000143,-0.002352,0.002095,ThumbUp,6
14635.000,0.000281,0.000027,-0.000502,0.000286,0.000288,-0.000073,-0.004033,-0.003251,ThumbUp,6
14640.000,-0.000171,0.000624,0.000148,0.000143,-0.000277,-0.000033,0.003704,0.008559,ThumbUp,6
14645.000,-0.000705,-0.000255,-0.000353,-0.000455,0.000145,-0.000176,0.000066,-0.004834,ThumbUp,6
14650.000,0.000386,-0.000588,0.000379,-0.000298,0.000537,0.000570,0.005041,0.001061,ThumbUp,6
14655.000,-0.000283,0.000223,0.000471,-0.000018,-0.000151,0.000006,-0.006942,0.004584,ThumbUp,6
14660.000,-0.000013,-0.000387,-0.000175,0.000482,-0.000442,0.000751,-0.007043,-0.011278,ThumbUp,6
14665.000,0.000420,-0.000145,0.000101,0.000776,0.000058,-0.001155,0.010476,0.000674,ThumbUp,6
14670.000,0.000042,-0.000044,-0.000428,-0.000736,-0.000067,-0.000254,0.007910,0.010634,ThumbUp,6
14675.000,0.000234,0.000742,-0.000011,0.000526,-0.000469,-0.000194,-0.008083,-0.003250,ThumbUp,6
14680.000,-0.000422,0.000865,-0.000041,-0.000424,0.000191,0.000502,-0.014839,-0.005040,ThumbUp,6
14685.000,0.000545,-0.000343,0.000682,-0.000197,0.000495,0.000675,0.005565,0.002316,ThumbUp,6
14690.000,-0.001257,-0.001019,-0.000951,-0.001258,-0.000268,-0.000235,0.011907,-0.002267,ThumbUp,6
14695.000,-0.000185,0.000527,0.000855,0.001141,0.000152,0.000269,0.000888,-0.024984,ThumbUp,6
14700.000,0.000675,-0.000971,-0.001013,0.000562,0.000745,-0.000785,0.004338,0.024666,ThumbUp,6
14705.000,0.001399,0.000301,-0.000085,0.000501,-0.000605,0.000118,-0.010575,0.017612,ThumbUp,6
14710.000,-0.001022,0.000198,0.001205,-0.001754,-0.000493,-0.001444,-0.003890,0.001530,ThumbUp,6
14715.000,-0.000131,0.000687,-0.000790,0.001466,-0.000303,0.000562,0.010779,-0.003873,ThumbUp,6
14720.000,-0.001274,-0.000213,0.001432,-0.000867,0.000352,0.000600,-0.011131,-0.007641,ThumbUp,6
14725.000,0.001493,-0.001029,-0.001093,0.000722,0.000764,0.002016,-0.004233,-0.022082,ThumbUp,6
14730.000,0.000569,0.000708,-0.000481,-0.000604,0.001203,-0.000479,0.010766,0.009216,ThumbUp,6
14735.000,-0.000659,0.000195,0.000536,-0.000173,-0.001781,-0.000253,0.009979,0.010656,ThumbUp,6
14740.000,0.000689,0.000407,-0.000852,0.000360,-0.002053,-0.001544,0.000759,-0.013720,ThumbUp,6
14745.000,-0.000550,-0.000637,-0.000106,0.000721,0.001776,0.001061,-0.013607,0.015638,ThumbUp,6
14750.000,-0.000626,0.001700,0.002229,-0.000564,0.000068,-0.002213,-0.011824,0.012050,ThumbUp,6
14755.000,-0.000030,-0.001160,-0.000583,-0.000956,0.000612,0.000644,-0.013766,-0.032733,ThumbUp,6
14760.000,0.000203,-0.000626,-0.000384,0.001711,0.000413,0.001111,0.033719,-0.001321,ThumbUp,6
14765.000,0.000076,-0.000082,-0.001569,-0.003456,0.001187,0.000847,0.003238,0.019872,ThumbUp,6
14770.000,0.000101,-0.000030,0.000622,0.001875,-0.002489,0.001579,0.011711,0.007269,ThumbUp,6
14775.000,-0.000646,-0.000264,0.000869,-0.000861,-0.000563,-0.002727,-0.035626,-0.019602,ThumbUp,6
14780.000,0.001189,0.001319,-0.000037,0.002873,0.000904,-0.000429,0.026932,0.044224,ThumbUp,6
14785.000,-0.000987,-0.001233,-0.001902,-0.000724,0.000162,0.000258,-0.016868,-0.039155,ThumbUp,6
14790.000,-0.000049,0.000378,0.001310,0.000418,0.001184,-0.000643,-0.004322,-0.020631,ThumbUp,6
14795.000,-0.001698,-0.001848,0.002433,0.001018,-0.001145,0.000766,0.028168,0.033462,ThumbUp,6
14800.000,0.004104,0.000992,-0.001657,-0.001242,0.000420,0.000809,-0.051144,-0.003821,ThumbUp,6
14805.000,-0.000466,0.001358,-0.000983,-0.002624,-0.003229,-0.001487,0.032684,0.014979,ThumbUp,6
14810.000,-0.000200,-0.000390,0.002057,-0.000059,0.005430,0.001602,0.018020,-0.036787,ThumbUp,6
14815.000,0.000265,0.004583,-0.002768,0.003124,-0.003283,0.001310,-0.032945,-0.004973,ThumbUp,6
14820.000,-0.000966,-0.004964,-0.000991,-0.001354,-0.001622,0.000469,0.011921,0.020664,ThumbUp,6
14825.000,-0.000518,-0.002327,-0.000062,-0.001324,0.001984,-0.001882,0.023446,0.008051,ThumbUp,6
14830.000,-0.004951,0.002790,0.005747,0.001915,0.001982,-0.000922,0.005964,-0.001819,ThumbUp,6
14835.000,0.000871,0.000383,-0.003731,0.000594,-0.000064,-0.002923,-0.046658,0.003429,ThumbUp,6
14840.000,0.005142,0.000944,-0.000284,-0.000589,-0.000843,-0.000770,0.000255,-0.009713,ThumbUp,6
14845.000,0.002021,0.000775,0.002230,-0.000110,-0.000225,0.003344,-0.039731,-0.004107,ThumbUp,6
14850.000,-0.002472,-0.001180,-0.001567,-0.001171,-0.000935,0.002380,0.007385,0.014333,ThumbUp,6
14855.000,0.001302,-0.003303,0.000693,-0.001830,-0.002559,0.000869,0.087784,-0.009199,ThumbUp,6
14860.000,0.000309,0.002576,-0.003493,0.001198,0.004446,0.000822,0.037466,0.001102,ThumbUp,6
14865.000,-0.004167,-0.002521,0.002207,0.003585,0.000840,-0.001027,-0.061836,0.023656,ThumbUp,6
14870.000,-0.000257,0.000208,0.002561,-0.002083,-0.004489,-0.004345,-0.009230,-0.065139,ThumbUp,6
14875.000,0.002023,0.003740,-0.000940,-0.000437,-0.000385,0.002683,0.017607,0.067464,ThumbUp,6
14880.000,0.001054,-0.001019,-0.003090,-0.000588,0.000673,-0.003837,-0.005442,-0.060358,ThumbUp,6
14885.000,0.001343,0.001128,-0.000795,0.002440,0.002745,0.001953,-0.007167,0.000939,ThumbUp,6
14890.000,-0.003166,-0.002684,0.003713,0.001695,0.000589,0.005152,-0.065312,0.059450,ThumbUp,6
14895.000,-0.000416,-0.000576,-0.001261,-0.006248,-0.001260,-0.003472,0.039953,0.005362,ThumbUp,6
14900.000,0.003732,-0.002331,0.003846,0.002148,0.005088,-0.002134,-0.026551,-0.018467,ThumbUp,6
14905.000,-0.006318,0.006159,-0.001734,0.000591,-0.000029,0.002416,0.046907,0.000390,ThumbUp,6
14910.000,-0.000024,-0.000236,-0.005245,0.004312,-0.011669,-0.002699,-0.000680,-0.023109,ThumbUp,6
14915.000,0.006470,0.000493,0.001261,-0.005714,0.005789,-0.004368,0.039253,0.023204,ThumbUp,6
14920.000,0.000640,-0.004381,0.001048,0.001175,-0.001624,0.010105,-0.017289,-0.051203,ThumbUp,6
14925.000,-0.001662,0.000843,0.001653,0.003050,0.000635,-0.003061,0.011968,-0.029662,ThumbUp,6
14930.000,0.000059,-0.001051,0.002922,-0.004210,0.001934,0.002493,-0.036087,0.060741,ThumbUp,6
14935.000,-0.003376,0.002952,-0.001110,-0.001167,-0.002741,0.002551,-0.044962,0.050013,ThumbUp,6
14940.000,-0.006160,0.002856,-0.002478,0.001137,0.003880,-0.005012,0.064348,0.013985,ThumbUp,6
14945.000,0.009013,-0.005501,0.001587,0.003796,0.003094,-0.001504,-0.053811,-0.045007,ThumbUp,6
14950.000,0.001842,-0.002237,-0.003991,-0.003678,-0.003254,-0.004249,-0.027633,-0.038956,ThumbUp,6
14955.000,0.003800,0.003244,0.000233,-0.003216,-0.003132,0.003636,0.030264,0.036826,ThumbUp,6
14960.000,-0.003082,0.002877,-0.000646,0.009392,0.001912,-0.002128,0.028055,0.030667,ThumbUp,6
14965.000,-0.010538,-0.003789,0.004533,0.001205,0.003489,0.005838,0.071570,-0.099470,ThumbUp,6
14970.000,0.007198,0.004008,-0.005056,-0.006313,-0.005937,0.000113,0.015726,0.046389,ThumbUp,6
14975.000,0.000639,0.004629,0.003619,-0.003780,-0.001013,-0.000673,-0.109366,-0.015030,ThumbUp,6
14980.000,-0.004960,-0.008339,-0.001747,0.003148,0.005748,-0.002586,0.001133,0.035286,ThumbUp,6
14985.000,0.002178,-0.000192,0.002884,0.003669,-0.006579,0.000941,0.055253,-0.032194,ThumbUp,6
14990.000,0.005262,0.003350,0.005886,-0.003705,0.001221,-0.001607,-0.032251,-0.018027,ThumbUp,6
14995.000,-0.007349,-0.006056,-0.001749,0.005439,0.005765,-0.007284,0.026537,0.079433,ThumbUp,6
15000.000,0.005743,-0.007640,-0.006531,-0.004332,0.000940,0.015097,-0.017480,-0.035202,ThumbUp,6
15005.000,0.005772,0.008479,-0.003740,-0.000048,-0.001417,0.000298,-0.044677,0.045984,ThumbUp,6
15010.000,-0.008597,0.010701,0.003879,0.000646,-0.006023,-0.000669,0.012918,0.018624,ThumbUp,6
15015.000,0.001388,-0.000440,-0.001324,-0.001353,0.004719,-0.008199,-0.034859,-0.049481,ThumbUp,6
15020.000,-0.003653,0.000038,-0.004017,-0.004857,-0.007126,-0.000339,0.034907,-0.075990,ThumbUp,6
15025.000,-0.001031,-0.005568,0.007624,0.002597,0.006810,-0.008048,0.012907,0.014670,ThumbUp,6
15030.000,0.001732,-0.000240,0.006014,0.002694,0.002589,0.010828,0.061623,0.039142,ThumbUp,6
15035.000,0.008440,-0.009344,-0.006315,0.003835,0.005881,0.000688,0.018254,0.015192,ThumbUp,6
15040.000,-0.004357,0.001851,-0.004695,0.001737,-0.007694,-0.000322,-0.103063,-0.006888,ThumbUp,6
15045.000,-0.004282,0.006348,0.015151,-0.006095,-0.004771,0.003644,0.056186,-0.014193,ThumbUp,6
15050.000,0.006435,0.001125,-0.012589,0.004545,0.002761,-0.000242,-0.002269,-0.039612,ThumbUp,6
15055.000,-0.001774,0.000421,-0.009418,-0.002552,-0.009382,0.001629,-0.001054,0.041000,ThumbUp,6
15060.000,-0.004483,-0.008261,0.000981,-0.015183,0.003676,-0.009025,-0.029144,0.081864,ThumbUp,6
15065.000,0.004338,0.010862,0.006362,0.014749,0.006115,-0.003119,-0.058403,0.005029,ThumbUp,6
15070.000,0.001755,0.003334,0.011873,0.008241,0.013879,0.003699,0.072935,-0.058162,ThumbUp,6
15075.000,-0.005808,-0.002410,0.003803,-0.005453,-0.003254,0.010188,0.017987,-0.099536,ThumbUp,6
15080.000,-0.005113,-0.002737,-0.004528,-0.006354,-0.009338,-0.008209,-0.084468,0.023649,ThumbUp,6
15085.000,0.007363,-0.009340,-0.018301,-0.000228,-0.005445,0.001411,0.017908,0.009528,ThumbUp,6
15090.000,0.005045,0.002265,-0.000439,0.003141,-0.003164,-0.004749,0.070108,0.027353,ThumbUp,6
15095.000,0.000472,0.002788,0.012723,0.001570,0.001590,0.002311,0.008734,0.119580,ThumbUp,6
15100.000,-0.006091,0.003315,0.010626,-0.006748,0.000376,0.006082,0.071205,0.035044,ThumbUp,6
15105.000,-0.013555,-0.006267,-0.010635,0.002747,0.007936,-0.001593,0.028244,-0.134093,ThumbUp,6
15110.000,0.012497,0.010734,-0.011731,0.014108,-0.001208,0.001103,-0.117993,-0.009639,ThumbUp,6
15115.000,0.004167,-0.011495,-0.001870,-0.010904,0.008417,-0.010460,-0.201233,-0.108064,ThumbUp,6
15120.000,-0.003396,-0.000018,0.001658,0.001458,-0.016754,0.001308,0.079892,-0.013935,ThumbUp,6
15125.000,0.008192,0.011034,0.020843,0.001661,0.006447,0.009702,0.080469,0.070640,ThumbUp,6
15130.000,0.006549,0.002061,0.002058,-0.017977,0.006241,-0.004563,-0.121508,0.078596,ThumbUp,6
15135.000,-0.010589,-0.009956,-0.005616,-0.002576,-0.003605,-0.009179,0.244369,0.061642,ThumbUp,6
15140.000,-0.016164,0.007825,-0.006333,0.017584,-0.001506,0.011123,0.050544,-0.041967,ThumbUp,6
15145.000,0.004847,0.004749,-0.005987,0.011934,-0.004081,0.005602,0.042792,0.060144,ThumbUp,6
15150.000,0.009349,-0.009084,-0.000746,0.001288,0.011308,0.010267,-0.211603,0.001325,ThumbUp,6
15155.000,-0.007227,-0.008493,0.010256,-0.006199,-0.011324,-0.002104,-0.032431,-0.081679,ThumbUp,6
15160.000,0.005010,0.001519,-0.008428,-0.015914,0.007844,-0.031820,-0.008124,-0.093409,ThumbUp,6
15165.000,0.013390,0.003331,-0.002358,-0.004008,-0.010644,-0.000314,-0.119699,0.058441,ThumbUp,6
15170.000,-0.001052,0.002190,0.008724,0.004213,-0.005822,0.013952,0.176018,-0.132924,ThumbUp,6
15175.000,-0.016668,-0.003814,-0.000273,-0.004051,0.010784,0.008490,0.157742,0.130860,ThumbUp,6
15180.000,0.006673,0.006091,-0.002912,0.024935,0.003941,-0.009019,-0.099490,0.096287,ThumbUp,6
15185.000,0.002976,-0.003682,0.002161,-0.002398,0.006908,0.002607,-0.064318,-0.032585,ThumbUp,6
15190.000,-0.012574,0.000323,-0.000357,0.003692,-0.011119,0.002196,0.030098,-0.059962,ThumbUp,6
15195.000,0.000456,0.017070,-0.006245,-0.018077,-0.005716,0.008723,-0.173085,-0.067443,ThumbUp,6
15200.000,0.005388,-0.019769,0.017093,-0.002265,0.018763,-0.010597,0.048866,0.016434,ThumbUp,6
15205.000,0.002416,-0.000222,-0.021243,0.008815,-0.000429,-0.009221,0.068447,0.077200,ThumbUp,6
15210.000,-0.008143,0.000288,0.011164,-0.005183,-0.008412,0.007830,0.304132,0.158600,ThumbUp,6
15215.000,0.008768,0.005759,0.000393,-0.002140,-0.007729,-0.003342,-0.167423,-0.144649,ThumbUp,6
15220.000,0.010037,0.007265,-0.003297,0.004973,-0.000665,0.015234,-0.222111,-0.083514,ThumbUp,6
15225.000,-0.003929,-0.000933,-0.004988,0.000532,-0.011399,-0.012515,0.151073,0.038983,ThumbUp,6
15230.000,0.007629,-0.010333,0.014770,-0.017922,0.017999,-0.002523,-0.116900,-0.005397,ThumbUp,6
15235.000,-0.012569,-0.006508,-0.012577,0.019072,0.011037,0.014074,0.021831,0.008913,ThumbUp,6
15240.000,-0.019074,-0.001804,-0.001621,0.004771,-0.007798,0.005784,0.198331,0.010696,ThumbUp,6
15245.000,0.007218,0.008062,0.003096,-0.010543,-0.012563,-0.015941,0.063655,-0.012065,ThumbUp,6
15250.000,0.013731,0.004067,0.004484,0.000768,0.008975,-0.003782,-0.189721,0.129896,ThumbUp,6
15255.000,-0.006978,0.012797,0.008515,0.006276,0.008174,-0.006183,-0.303390,-0.215124,ThumbUp,6
15260.000,0.006807,-0.000407,-0.011577,-0.001979,0.003627,0.011377,0.176116,0.152280,ThumbUp,6
15265.000,0.005849,-0.018612,-0.010239,0.003698,-0.027170,0.004493,0.124236,-0.001471,ThumbUp,6
15270.000,-0.008808,-0.000477,0.017427,0.008094,0.009846,-0.012085,0.150762,-0.161716,ThumbUp,6
15275.000,-0.007525,-0.000369,-0.002005,-0.009432,0.004125,0.006790,-0.205109,0.137373,ThumbUp,6
15280.000,0.003715,-0.001349,0.001846,-0.016183,0.004671,-0.010204,0.031643,0.078662,ThumbUp,6
15285.000,-0.002907,0.007410,-0.001952,0.001106,0.006862,0.010997,-0.009082,-0.011990,ThumbUp,6
15290.000,0.015507,-0.007569,-0.007864,0.005702,-0.015830,0.010523,0.172453,-0.067199,ThumbUp,6
15295.000,-0.006219,0.003946,-0.006104,0.012102,0.007725,0.006775,0.013625,-0.058836,ThumbUp,6
15300.000,-0.006906,0.011892,-0.003089,0.005161,-0.002440,-0.012747,-0.337260,-0.222931,ThumbUp,6
15305.000,0.001396,0.002889,0.017494,-0.013390,-0.006013,-0.011305,0.122491,0.208125,ThumbUp,6
15310.000,-0.001608,-0.010374,-0.009172,0.002718,-0.009174,-0.001122,0.051046,0.147496,ThumbUp,6
15315.000,0.013609,0.006489,0.024395,-0.001271,0.027633,0.008825,0.102365,-0.066311,ThumbUp,6
15320.000,-0.017686,-0.001922,-0.022803,-0.007981,-0.002786,-0.014410,-0.077895,0.017821,ThumbUp,6
15325.000,0.009473,-0.010703,0.011904,0.011165,-0.008437,0.008150,-0.094503,-0.199377,ThumbUp,6
15330.000,0.002870,-0.006341,-0.006067,-0.005075,-0.010509,0.001835,0.269955,0.133973,ThumbUp,6
15335.000,0.013007,-0.010488,-0.013871,-0.010382,0.011006,0.007535,-0.204079,0.271773,ThumbUp,6
15340.000,-0.029439,0.027181,0.006085,0.004897,0.010302,0.004090,-0.088440,-0.189085,ThumbUp,6
15345.000,0.008433,0.002192,0.000569,0.020474,-0.021478,0.008246,0.043823,0.036933,ThumbUp,6
15350.000,0.014102,-0.005508,0.000451,0.001826,0.000516,-0.013597,0.042870,-0.315141,ThumbUp,6
15355.000,-0.020181,-0.013310,0.005903,0.002032,0.000040,-0.010928,-0.101445,0.116302,ThumbUp,6
15360.000,0.011897,0.014817,0.007766,-0.023046,0.010185,-0.008007,0.014550,0.021936,ThumbUp,6
15365.000,-0.010191,0.016125,-0.015384,0.003048,0.006989,0.001977,0.144282,0.025548,ThumbUp,6
15370.000,-0.002173,0.006554,0.009605,-0.016344,0.007154,0.022124,0.139146,0.124050,ThumbUp,6
15375.000,0.018837,-0.039086,-0.015969,0.003133,-0.005786,0.008695,-0.091228,-0.100826,ThumbUp,6
15380.000,0.009545,-0.001468,0.008302,0.018856,-0.007822,-0.002750,-0.174018,0.204086,ThumbUp,6
15385.000,-0.019592,0.005125,0.029210,0.001549,-0.011367,-0.038443,0.127919,-0.263063,ThumbUp,6
15390.000,-0.019803,0.015995,-0.014475,0.019005,-0.000830,0.032525,0.044601,0.202564,ThumbUp,6
15395.000,0.017239,0.003293,-0.014860,-0.032478,0.004265,-0.003753,-0.168293,-0.186505,ThumbUp,6
15400.000,0.020280,-0.026564,-0.001053,0.011968,0.006810,-0.011770,-0.158958,0.067540,ThumbUp,6
15405.000,-0.011384,0.006378,-0.002823,0.018085,-0.002799,-0.007162,0.381261,-0.240113,ThumbUp,6
15410.000,0.003160,0.004892,-0.004628,-0.023582,0.007131,0.008214,-0.114173,0.304697,ThumbUp,6
15415.000,-0.004784,-0.003832,0.002957,0.001328,0.006472,0.028863,-0.038131,0.245742,ThumbUp,6
15420.000,-0.018035,0.019582,0.006390,0.002361,-0.011223,-0.026469,-0.208200,-0.204200,ThumbUp,6
15425.000,0.011889,0.001050,0.027611,-0.020805,-0.007924,-0.005925,0.113383,-0.137294,ThumbUp,6
15430.000,-0.011491,-0.003943,-0.011863,0.007711,0.007850,0.022720,0.045737,-0.177734,ThumbUp,6
15435.000,0.018721,0.015121,-0.006429,0.020148,0.005695,0.006614,0.408295,0.164056,ThumbUp,6
15440.000,-0.007063,-0.027306,-0.015884,-0.014867,-0.011313,-0.012277,-0.083864,-0.075040,ThumbUp,6
15445.000,0.021848,0.003784,-0.004198,-0.000114,-0.003480,-0.015651,-0.413462,-0.045774,ThumbUp,6
15450.000,-0.018756,-0.008687,0.006711,0.016634,-0.001342,-0.016390,0.279907,0.275178,ThumbUp,6
15455.000,-0.000290,-0.018414,-0.000105,0.005842,0.027580,0.021205,-0.199233,0.077895,ThumbUp,6
15460.000,-0.003981,0.003045,0.012503,-0.013305,0.001272,0.000359,-0.104311,-0.105306,ThumbUp,6
15465.000,-0.004427,0.053340,-0.006688,-0.007236,-0.008675,-0.003098,-0.040359,-0.138634,ThumbUp,6
15470.000,0.015421,-0.000555,0.001953,0.019140,-0.027085,0.010143,0.258052,0.030026,ThumbUp,6
15475.000,0.013857,-0.020422,0.013406,-0.017735,-0.000150,0.001490,0.140720,0.161357,ThumbUp,6
15480.000,-0.022952,-0.015201,0.008165,0.003178,-0.000753,-0.004135,-0.218660,-0.173821,ThumbUp,6
15485.000,-0.030776,0.002649,-0.020546,-0.003296,0.031826,0.013929,-0.013256,-0.192023,ThumbUp,6
15490.000,0.027674,-0.003692,-0.024543,0.005021,0.001521,-0.010848,0.239547,0.144381,ThumbUp,6
15495.000,-0.006962,-0.004901,-0.004491,-0.014211,-0.006435,-0.006245,-0.383829,0.195738,ThumbUp,6
15500.000,0.033255,0.013394,0.024287,-0.003583,-0.001903,-0.018192,-0.110071,-0.020985,ThumbUp,6
15505.000,0.007388,0.000655,0.011397,0.034994,-0.021528,0.004911,0.486785,-0.073255,ThumbUp,6
15510.000,-0.017543,0.002424,0.010231,-0.018385,0.000002,0.025616,-0.252852,0.292214,ThumbUp,6
15515.000,-0.023206,0.008164,-0.015503,0.011878,0.002704,0.016664,0.111282,-0.276266,ThumbUp,6
15520.000,-0.007366,-0.015496,-0.003986,0.007042,0.018519,-0.017105,0.206906,-0.305465,ThumbUp,6
15525.000,0.000333,0.006065,0.010043,-0.035504,0.024339,-0.016182,-0.064061,0.097804,ThumbUp,6
15530.000,0.028618,0.021239,-0.025959,0.010341,-0.037910,-0.006996,-0.298279,0.226901,ThumbUp,6
15535.000,-0.012840,-0.029183,0.024277,0.018065,0.011172,0.002766,-0.033677,0.128663,ThumbUp,6
15540.000,0.020664,-0.006644,0.006786,-0.021255,0.001789,-0.001643,-0.148785,-0.302644,ThumbUp,6
15545.000,-0.007946,0.014837,-0.007264,-0.004230,-0.024763,0.018213,0.241460,0.169967,ThumbUp,6
15550.000,-0.003467,-0.013682,0.001973,0.009374,0.010311,0.010849,0.116465,-0.072796,ThumbUp,6
15555.000,-0.018163,0.016443,-0.025438,0.008589,0.018065,-0.023371,0.167568,0.042005,ThumbUp,6
15560.000,0.013131,-0.006683,-0.006653,0.006544,-0.012818,0.010449,-0.137913,-0.295866,ThumbUp,6
15565.000,-0.011947,-0.004275,-0.007465,0.000263,0.001491,-0.021277,-0.260150,0.339179,ThumbUp,6
15570.000,0.002159,0.011785,0.031876,-0.012941,-0.014156,0.025242,0.202072,0.021776,ThumbUp,6
15575.000,0.023174,-0.000313,0.018242,0.008400,0.023220,0.001572,-0.215981,0.262167,ThumbUp,6
15580.000,-0.020844,0.009974,-0.007084,0.001075,0.015126,0.006159,0.163574,-0.131151,ThumbUp,6
15585.000,-0.006127,-0.010717,0.012788,-0.017713,-0.032026,-0.021229,0.089433,-0.145743,ThumbUp,6
15590.000,0.021453,-0.027299,-0.015170,0.000018,0.010400,-0.000625,-0.032567,-0.540153,ThumbUp,6
15595.000,0.014735,0.020940,-0.019895,0.007957,0.009583,-0.006948,0.379318,0.274204,ThumbUp,6
15600.000,-0.000478,-0.007702,-0.011173,-0.020438,-0.003939,-0.014283,-0.619306,0.112252,ThumbUp,6
15605.000,-0.035415,0.018894,0.001829,0.019006,-0.005940,0.037298,-0.063023,0.371117,ThumbUp,6
15610.000,0.009241,-0.001261,0.020103,0.008888,-0.003185,0.014901,0.324858,-0.097893,ThumbUp,6
15615.000,-0.012516,-0.009482,0.021294,-0.003383,-0.018067,-0.009556,-0.137723,-0.308184,ThumbUp,6
15620.000,-0.008008,0.001706,-0.000911,0.023616,0.014165,-0.011018,0.106497,0.021682,ThumbUp,6
15625.000,0.015428,0.025903,-0.024203,-0.015307,0.002004,-0.017027,0.119384,-0.162224,ThumbUp,6
15630.000,0.028154,-0.027468,-0.000089,0.001425,0.020202,0.002053,-0.148764,0.234356,ThumbUp,6
15635.000,-0.006477,-0.026225,-0.013772,-0.022765,-0.013708,-0.002440,-0.276851,-0.004933,ThumbUp,6
15640.000,-0.031204,0.014482,0.007672,0.005593,-0.003961,0.002500,0.172247,0.266746,ThumbUp,6
15645.000,0.050362,0.012495,-0.002686,-0.005297,0.006634,0.027359,0.173997,0.037853,ThumbUp,6
15650.000,-0.033105,0.007450,0.020036,0.013378,0.003021,-0.000174,0.099534,0.122079,ThumbUp,6
15655.000,-0.004940,-0.012747,0.000509,0.002843,-0.017955,0.001363,-0.180782,-0.595387,ThumbUp,6
15660.000,0.002437,0.024825,0.004640,-0.016686,0.006932,-0.034907,0.045434,-0.061560,ThumbUp,6
15665.000,-0.008014,-0.010999,0.006942,0.026305,-0.000993,0.008036,-0.050264,-0.062344,ThumbUp,6
15670.000,0.000908,-0.003214,-0.019815,-0.024657,-0.007407,0.033054,-0.036395,0.446562,ThumbUp,6
15675.000,0.004311,-0.017650,-0.050307,0.006288,0.018207,-0.043947,-0.079221,0.144102,ThumbUp,6
15680.000,0.008368,0.012991,0.032947,-0.002129,0.029222,0.004593,0.271200,-0.090357,ThumbUp,6
15685.000,0.005669,-0.004331,0.024215,0.011603,-0.037117,0.006500,-0.073938,-0.216921,ThumbUp,6
15690.000,-0.005565,0.005331,0.021828,0.004448,-0.007205,0.014759,-0.342226,-0.183105,ThumbUp,6
15695.000,0.009326,0.003156,-0.014496,-0.008132,-0.011959,-0.009830,0.233037,-0.041797,ThumbUp,6
15700.000,-0.013354,0.019097,-0.013102,-0.017106,0.021748,0.003029,0.255691,0.319886,ThumbUp,6
15705.000,0.011198,-0.027226,-0.019439,0.016803,-0.001935,0.018025,-0.052603,-0.179189,ThumbUp,6
15710.000,-0.008207,-0.006609,0.001065,-0.010788,0.014652,-0.019126,0.110464,0.164475,ThumbUp,6
15715.000,-0.001148,-0.025492,0.060773,-0.000095,-0.021154,0.015387,-0.034854,0.386995,ThumbUp,6
15720.000,-0.009189,0.031297,-0.041432,0.024378,-0.002204,-0.004253,-0.950000,-0.432242,ThumbUp,6
15725.000,0.011725,0.007589,-0.019605,0.004394,0.013370,-0.018646,0.276841,-0.017080,ThumbUp,6
15730.000,-0.011998,0.005601,0.004527,-0.022113,0.017977,0.004191,0.533280,0.126349,ThumbUp,6
15735.000,-0.013665,0.006581,0.004161,0.002047,-0.018014,0.006689,-0.094674,-0.170022,ThumbUp,6
15740.000,0.018769,-0.018459,0.003617,0.002060,-0.025774,-0.001506,0.350686,0.096971,ThumbUp,6
15745.000,0.021241,0.017893,0.008644,-0.021400,0.004638,-0.021941,-0.281766,-0.019856,ThumbUp,6
15750.000,-0.020565,-0.010190,-0.001724,0.031241,0.013272,0.018608,-0.023983,-0.186199,ThumbUp,6
15755.000,0.024412,-0.021815,0.019160,-0.027651,0.039584,0.002084,-0.124799,0.096071,ThumbUp,6
15760.000,-0.022203,0.015247,-0.005508,0.036621,-0.021457,0.036363,0.186272,-0.154576,ThumbUp,6
15765.000,-0.001315,0.024345,-0.008857,-0.029091,-0.016568,-0.050004,-0.173222,0.179890,ThumbUp,6
15770.000,0.006027,-0.020548,-0.026689,-0.003503,-0.018704,0.015334,0.004140,0.529811,ThumbUp,6
15775.000,-0.016496,-0.002888,0.003878,0.022571,0.037461,0.004269,-0.168295,-0.210514,ThumbUp,6
15780.000,0.006384,-0.019536,0.001418,-0.015303,-0.006733,-0.003342,0.572709,-0.588591,ThumbUp,6
15785.000,0.014651,0.017372,0.006370,0.008003,-0.023692,-0.003717,-0.399158,0.117660,ThumbUp,6
15790.000,-0.003226,0.003653,-0.001040,-0.025775,-0.010732,-0.018468,-0.139409,0.276790,ThumbUp,6
15795.000,-0.020378,0.001223,0.037111,0.020267,0.019308,0.027636,-0.004460,0.028830,ThumbUp,6
15800.000,0.047715,-0.001401,-0.018156,0.029528,0.003993,-0.010722,0.130538,0.138227,ThumbUp,6
15805.000,-0.015441,0.015587,0.003184,-0.005756,-0.009905,0.014103,0.274439,-0.117840,ThumbUp,6
15810.000,-0.033327,-0.007406,-0.015712,-0.012758,-0.003008,-0.000449,-0.364670,-0.329386,ThumbUp,6
15815.000,-0.003280,-0.014905,0.013058,-0.022872,0.054904,-0.012346,0.340476,0.037705,ThumbUp,6
15820.000,0.018105,0.017069,-0.011622,0.004362,-0.032302,-0.014850,0.005695,0.112248,ThumbUp,6
15825.000,-0.018483,-0.024267,-0.025563,-0.009275,-0.006793,0.014704,-0.011971,-0.083278,ThumbUp,6
15830.000,0.033337,0.003166,-0.006856,-0.012973,0.002994,0.012310,-0.227293,0.002183,ThumbUp,6
15835.000,-0.018476,-0.001272,0.035738,0.049860,0.007788,-0.002432,0.101425,0.426061,ThumbUp,6
15840.000,0.012985,-0.000298,0.016138,-0.001519,-0.020940,-0.007447,0.067479,0.084664,ThumbUp,6
15845.000,-0.015803,0.010348,0.016436,-0.006489,-0.000014,0.005071,-0.310902,-0.329198,ThumbUp,6
15850.000,0.006451,0.022635,-0.010327,0.007787,0.018395,0.001377,-0.301595,-0.194689,ThumbUp,6
15855.000,0.033135,-0.020174,-0.045593,-0.024314,-0.012336,-0.004629,0.267073,0.229568,ThumbUp,6
15860.000,-0.014359,0.021730,0.000123,-0.004356,0.020259,-0.023086,0.325811,-0.110304,ThumbUp,6
15865.000,-0.026304,0.007218,0.001886,-0.014285,-0.022064,0.021193,0.044600,-0.366475,ThumbUp,6
15870.000,0.011906,-0.037520,0.030447,0.033551,-0.007248,0.001505,0.186498,0.286042,ThumbUp,6
15875.000,-0.005156,-0.001293,0.003006,0.018606,-0.000396,0.013249,0.109394,0.330827,ThumbUp,6
15880.000,-0.026283,-0.022297,-0.000496,-0.024693,-0.005641,-0.008517,-0.638669,0.148895,ThumbUp,6
15885.000,-0.008826,0.041048,-0.012917,-0.013496,0.022174,-0.002724,-0.020000,-0.426653,ThumbUp,6
15890.000,0.034772,-0.016053,-0.009831,0.023064,0.000892,-0.012105,-0.032462,0.095861,ThumbUp,6
15895.000,0.021663,-0.007269,-0.020542,-0.025579,-0.008775,0.007644,0.100759,-0.069429,ThumbUp,6
15900.000,0.007334,0.024867,0.019280,0.007362,-0.006753,-0.007691,0.250204,-0.069718,ThumbUp,6
15905.000,-0.007130,-0.000628,0.035657,0.008977,0.030051,-0.015335,-0.036609,-0.115909,ThumbUp,6
15910.000,-0.022654,-0.010832,-0.017908,0.002934,-0.009547,0.011755,-0.053395,0.322187,ThumbUp,6
15915.000,-0.003656,-0.001361,-0.017553,-0.016835,0.001732,0.046085,-0.031689,0.045327,ThumbUp,6
15920.000,0.016508,0.005438,0.028276,0.012138,-0.000142,-0.014118,0.228624,-0.144930,ThumbUp,6
15925.000,-0.013569,0.012803,-0.014645,0.009850,-0.035606,-0.001382,0.148648,-0.166446,ThumbUp,6
15930.000,0.000184,-0.017624,0.003281,-0.024371,0.025621,-0.043621,-0.363979,-0.032231,ThumbUp,6
15935.000,0.026705,-0.015528,-0.012800,0.020216,-0.003061,0.011319,-0.070254,0.406700,ThumbUp,6
15940.000,-0.042660,0.013508,-0.013728,-0.006859,0.001393,0.015444,-0.420245,0.096662,ThumbUp,6
15945.000,0.004735,-0.004329,0.026805,0.007130,-0.006167,0.005732,0.312337,-0.100849,ThumbUp,6
15950.000,0.006422,0.007702,-0.026578,0.004371,-0.003373,0.000292,0.005290,-0.322312,ThumbUp,6
15955.000,0.012166,0.003245,0.030603,-0.017189,0.013631,-0.005345,0.350152,-0.169214,ThumbUp,6
15960.000,0.001233,0.004435,-0.009592,0.004416,-0.004070,-0.005609,0.323838,-0.009847,ThumbUp,6
15965.000,-0.000000,-0.000000,-0.000000,0.000000,0.000000,0.000000,-0.000000,-0.000000,PinchMiddle,4
15970.000,0.000000,-0.000000,0.000000,-0.000000,-0.000011,-0.000003,0.000002,0.000001,PinchMiddle,4
15975.000,0.000002,0.000003,0.000001,-0.000003,0.000009,-0.000020,0.000005,0.000003,PinchMiddle,4
15980.000,-0.000007,0.000014,0.000004,0.000005,0.000075,0.000035,-0.000009,-0.000004,PinchMiddle,4
15985.000,-0.000002,-0.000040,-0.000019,-0.000002,-0.000081,0.000076,-0.000081,-0.000018,PinchMiddle,4
15990.000,0.000032,0.000001,-0.000004,-0.000015,-0.000203,-0.000112,0.000158,0.000002,PinchMiddle,4
15995.000,-0.000017,0.000018,0.000033,0.000004,0.000782,-0.000169,0.000150,0.000006,PinchMiddle,4
16000.000,-0.000070,0.000020,0.000003,0.000015,-0.000468,0.000213,-0.000735,0.000011,PinchMiddle,4
16005.000,0.000063,-0.000046,-0.000016,0.000059,-0.001292,0.000508,0.000322,0.000047,PinchMiddle,4
16010.000,-0.000032,-0.000011,-0.000031,-0.000020,0.001458,-0.000933,0.001112,-0.000073,PinchMiddle,4
16015.000,0.000028,0.000127,-0.000030,0.000004,0.000069,-0.000814,-0.000293,0.000063,PinchMiddle,4
16020.000,0.000109,-0.000115,-0.000055,-0.000029,0.000654,0.001706,-0.001125,-0.000108,PinchMiddle,4
16025.000,-0.000031,0.000039,0.000186,-0.000104,-0.001027,0.000953,-0.000979,0.000122,PinchMiddle,4
16030.000,0.000057,-0.000005,-0.000117,0.000071,-0.001072,0.000362,0.001114,0.000079,PinchMiddle,4
16035.000,-0.000188,0.000086,0.000075,-0.000085,-0.001564,-0.000854,-0.000570,-0.000112,PinchMiddle,4
16040.000,0.000004,-0.000119,0.000315,0.000014,0.004364,-0.000283,0.001172,-0.000212,PinchMiddle,4
16045.000,-0.000173,0.000188,-0.000102,0.000030,-0.001265,-0.001297,0.000605,0.000082,PinchMiddle,4
16050.000,0.000153,-0.000231,-0.000220,0.000129,0.003375,-0.001619,0.000707,0.000272,PinchMiddle,4
16055.000,0.000048,-0.000018,-0.000339,0.000414,-0.002850,-0.002005,0.000066,-0.000063,PinchMiddle,4
16060.000,-0.000132,-0.000106,0.000139,-0.000638,-0.001754,0.003796,0.000027,-0.000024,PinchMiddle,4
16065.000,0.000410,0.000181,0.000114,0.000015,-0.000981,0.000979,-0.000350,0.000000,PinchMiddle,4
16070.000,0.000039,0.000073,-0.000290,-0.000015,-0.002669,0.000976,-0.006213,-0.000417,PinchMiddle,4
16075.000,-0.000361,-0.000286,0.000359,-0.000324,0.004371,-0.001135,0.004913,0.000061,PinchMiddle,4
16080.000,0.000056,0.000270,0.000061,0.000940,0.002106,-0.005070,-0.005045,0.000245,PinchMiddle,4
16085.000,-0.000018,-0.000212,-0.000010,-0.000134,0.000157,0.007774,0.004355,0.000429,PinchMiddle,4
16090.000,0.000063,-0.000111,0.000065,-0.000065,-0.001865,-0.002149,0.001428,0.000334,PinchMiddle,4
16095.000,0.000411,0.001537,0.000443,-0.000004,-0.000172,0.001403,0.004546,-0.000159,PinchMiddle,4
16100.000,-0.000186,-0.000758,-0.000516,-0.000654,-0.005147,-0.000320,-0.000440,-0.000884,PinchMiddle,4
16105.000,-0.001924,-0.000629,-0.000386,-0.000098,0.008624,-0.004539,-0.003200,-0.001251,PinchMiddle,4
16110.000,0.001314,-0.000508,0.000522,-0.000246,-0.004980,0.001611,-0.006059,0.000945,PinchMiddle,4
16115.000,0.001214,-0.000230,0.000315,0.000925,0.000990,0.001032,-0.012996,0.000032,PinchMiddle,4
16120.000,-0.000768,0.001043,-0.000506,0.000095,0.001974,-0.001922,0.019821,0.001405,PinchMiddle,4
16125.000,0.000569,0.000452,-0.000514,-0.000779,0.002017,-0.003041,0.015929,-0.000009,PinchMiddle,4
16130.000,-0.000195,-0.000307,-0.000151,0.001599,-0.005643,0.012078,-0.013022,-0.000575,PinchMiddle,4
16135.000,-0.001533,-0.000765,0.000408,0.000110,0.003492,0.007919,-0.016111,0.000442,PinchMiddle,4
16140.000,0.000443,0.000307,-0.000254,-0.000866,-0.005696,-0.004697,0.014016,0.000386,PinchMiddle,4
16145.000,0.001959,0.000453,-0.000500,-0.000527,0.002312,-0.013122,0.001732,-0.000607,PinchMiddle,4
16150.000,-0.002302,0.000272,0.002529,-0.001468,-0.008124,-0.018396,-0.011978,-0.001255,PinchMiddle,4
16155.000,0.000820,-0.001939,-0.000424,-0.000020,0.021408,0.001064,0.001952,-0.001505,PinchMiddle,4
16160.000,0.000299,0.001384,-0.001085,0.001346,-0.010680,0.014222,0.000729,0.002035,PinchMiddle,4
16165.000,0.001014,-0.000640,0.000458,-0.000201,0.015167,0.007672,0.010607,0.000137,PinchMiddle,4
16170.000,-0.000240,0.000656,0.001514,0.000420,-0.018963,-0.002369,-0.000439,0.000696,PinchMiddle,4
16175.000,-0.001777,0.000334,-0.001943,0.002125,-0.018644,0.015123,-0.015488,-0.000906,PinchMiddle,4
16180.000,-0.000326,0.000919,-0.003224,0.001310,0.015788,0.025679,0.013191,0.001361,PinchMiddle,4
16185.000,-0.000731,-0.001734,0.001608,-0.002757,0.008039,-0.012370,-0.003944,-0.000240,PinchMiddle,4
16190.000,0.003449,0.000904,0.001347,-0.001066,0.023592,-0.046059,0.016527,-0.000250,PinchMiddle,4
16195.000,-0.000557,0.001388,0.001860,-0.000178,-0.009608,-0.023042,-0.010432,0.000381,PinchMiddle,4
16200.000,-0.001081,-0.003148,-0.000862,-0.001225,-0.027841,-0.006025,-0.023686,-0.002161,PinchMiddle,4
16205.000,0.001481,-0.001109,-0.001170,-0.000508,-0.002259,0.041648,0.004597,0.000181,PinchMiddle,4
16210.000,-0.001938,0.001228,0.000716,0.002218,-0.000005,0.034042,0.015085,0.001082,PinchMiddle,4
16215.000,0.000586,0.001476,-0.000224,0.001229,0.015481,0.002225,-0.004796,-0.000438,PinchMiddle,4
16220.000,-0.000956,-0.000717,0.000822,0.001239,0.003772,-0.014433,0.008215,0.002349,PinchMiddle,4
16225.000,-0.000232,0.003383,-0.000759,-0.000516,-0.004988,-0.012166,0.013895,-0.002440,PinchMiddle,4
16230.000,0.000536,-0.000214,-0.002231,-0.004352,-0.004931,-0.002229,-0.033309,-0.003327,PinchMiddle,4
16235.000,-0.000434,-0.004922,0.002729,0.003105,-0.009157,-0.042963,0.023952,0.003324,PinchMiddle,4
16240.000,0.001947,0.001304,-0.000362,-0.001889,0.036805,0.046820,-0.001724,0.001085,PinchMiddle,4
16245.000,0.002599,-0.000678,-0.001108,-0.001767,0.004902,-0.048467,-0.026200,0.002263,PinchMiddle,4
16250.000,-0.003760,0.002357,0.001491,0.003664,-0.018307,0.020801,-0.002275,0.000364,PinchMiddle,4
16255.000,-0.000666,-0.000258,0.000175,0.004257,-0.022197,0.073878,0.021409,-0.002537,PinchMiddle,4
16260.000,0.000431,0.000027,-0.000267,-0.004670,-0.019984,-0.011371,0.011336,-0.002038,PinchMiddle,4
16265.000,0.001532,-0.001985,-0.001179,-0.000470,-0.019769,-0.013532,-0.009013,0.003009,PinchMiddle,4
16270.000,0.001650,0.000997,-0.001845,-0.001157,0.049027,-0.047036,0.025852,-0.004809,PinchMiddle,4
16275.000,-0.003460,0.003329,-0.000689,0.000301,0.058606,0.052897,-0.032279,0.002331,PinchMiddle,4
16280.000,-0.005020,-0.003542,0.005128,0.002680,-0.043253,-0.077367,0.001218,-0.003182,PinchMiddle,4
16285.000,0.005564,-0.003831,0.002083,-0.001005,0.024875,-0.011968,0.003833,0.004066,PinchMiddle,4
16290.000,0.001717,0.005711,-0.002300,0.001319,-0.025318,0.078546,-0.022985,0.001616,PinchMiddle,4
16295.000,-0.000015,0.005920,-0.005833,0.001991,-0.012316,-0.002143,0.040026,0.001900,PinchMiddle,4
16300.000,0.000172,-0.006429,0.006127,-0.004900,-0.011021,-0.018270,-0.015468,-0.002533,PinchMiddle,4
16305.000,-0.003914,-0.005918,-0.000402,-0.002498,-0.045623,-0.017430,0.006900,0.002594,PinchMiddle,4
16310.000,0.003458,0.001043,-0.000906,0.002153,0.095898,-0.035088,-0.031016,-0.006993,PinchMiddle,4
16315.000,-0.001679,0.004291,0.002286,-0.004715,-0.106287,0.069119,-0.019823,0.001357,PinchMiddle,4
16320.000,0.002355,-0.003075,-0.008376,0.004544,0.046331,-0.008293,0.025453,0.003490,PinchMiddle,4
16325.000,-0.003668,0.003877,0.002063,0.005975,0.006169,0.040170,0.028882,-0.005045,PinchMiddle,4
16330.000,0.000188,0.004959,0.000446,-0.000892,0.052516,0.011161,0.026306,0.003016,PinchMiddle,4
16335.000,0.004352,0.000555,0.003593,-0.000175,0.011488,-0.048491,-0.013554,0.001894,PinchMiddle,4
16340.000,0.000863,-0.008158,0.000409,0.001577,0.006964,-0.054426,-0.020375,0.003741,PinchMiddle,4
16345.000,-0.004835,0.000370,-0.000802,-0.011398,-0.064282,-0.010500,0.005639,-0.010776,PinchMiddle,4
16350.000,-0.003634,-0.004120,0.000110,0.002884,0.025300,-0.002730,-0.035536,0.002971,PinchMiddle,4
16355.000,0.000557,-0.005742,0.005723,0.003367,-0.009358,0.053054,-0.066034,0.000573,PinchMiddle,4
16360.000,0.004484,0.017133,-0.003768,0.000822,-0.052783,0.050356,0.060633,0.002983,PinchMiddle,4
16365.000,0.005151,0.002713,-0.004382,0.000640,0.005463,-0.082451,0.070692,0.005339,PinchMiddle,4
16370.000,-0.003633,-0.003996,-0.000705,0.000451,0.070285,0.075088,-0.000002,-0.000046,PinchMiddle,4
16375.000,0.000578,-0.004129,-0.000550,0.000758,-0.092844,-0.004559,0.003369,-0.009023,PinchMiddle,4
16380.000,-0.000247,-0.005386,-0.000968,-0.001100,0.098657,-0.034142,0.012768,0.004423,PinchMiddle,4
16385.000,-0.003516,-0.000592,0.002647,-0.000155,-0.046655,-0.065243,-0.073897,-0.000860,PinchMiddle,4
16390.000,-0.000033,0.001851,0.007219,-0.004516,-0.016543,0.071360,-0.052567,-0.004816,PinchMiddle,4
16395.000,-0.004122,0.003650,-0.001382,0.001734,0.096048,0.015539,0.032074,0.000537,PinchMiddle,4
16400.000,-0.001290,0.001671,0.003180,-0.002905,-0.050416,-0.037900,0.042135,0.004413,PinchMiddle,4
16405.000,0.008571,-0.001373,-0.013946,-0.000722,-0.030068,-0.018708,-0.048835,0.004359,PinchMiddle,4
16410.000,0.005170,0.001616,-0.003036,0.008614,-0.091036,0.090349,0.065943,-0.006627,PinchMiddle,4
16415.000,-0.005191,0.005436,0.002252,0.003691,0.082786,-0.008546,0.015523,-0.000890,PinchMiddle,4
16420.000,0.006000,-0.009719,0.009493,-0.000163,0.028823,0.004299,-0.021200,-0.003698,PinchMiddle,4
16425.000,-0.009511,0.000027,0.004157,-0.004049,0.149554,-0.114607,-0.003126,0.003955,PinchMiddle,4
16430.000,-0.002933,0.005954,-0.004506,-0.007625,-0.154422,-0.095517,0.046160,0.008004,PinchMiddle,4
16435.000,0.005598,-0.000229,0.005340,-0.001355,-0.017497,0.182594,-0.073471,-0.005842,PinchMiddle,4
16440.000,-0.003320,-0.005554,0.004462,0.004998,-0.063542,0.017048,-0.051145,0.004218,PinchMiddle,4
16445.000,-0.001499,-0.007830,-0.012278,-0.005979,0.019653,-0.144554,0.004863,0.001386,PinchMiddle,4
16450.000,0.002806,0.013558,-0.006664,0.005863,0.099695,0.099798,0.022980,-0.006888,PinchMiddle,4
16455.000,0.002948,-0.005550,-0.006917,0.014461,0.003074,0.095123,0.036789,-0.000343,PinchMiddle,4
16460.000,0.003461,-0.003088,0.014121,-0.009082,-0.025535,0.050137,0.013418,-0.002543,PinchMiddle,4
16465.000,0.002207,0.006870,0.002144,-0.008241,-0.059260,-0.183798,0.078972,-0.000668,PinchMiddle,4
16470.000,-0.008393,0.005403,-0.003875,0.002154,0.050194,0.035039,0.013194,0.000319,PinchMiddle,4
16475.000,-0.007585,-0.000246,-0.005189,-0.007133,0.091595,0.078906,-0.110948,0.008980,PinchMiddle,4
16480.000,0.011798,-0.014930,0.009126,0.007597,-0.177170,-0.241582,-0.071408,0.005764,PinchMiddle,4
16485.000,-0.002854,0.004583,0.010345,0.005569,0.051347,0.197591,0.036026,-0.005353,PinchMiddle,4
16490.000,-0.000048,0.000606,-0.008082,0.006114,-0.158446,0.036538,0.077191,-0.012228,PinchMiddle,4
16495.000,0.004532,0.001858,-0.002247,-0.004157,0.171794,-0.136270,-0.037401,-0.000335,PinchMiddle,4
16500.000,-0.009055,0.003398,-0.004429,-0.006061,0.108865,-0.014412,-0.066656,0.003852,PinchMiddle,4
16505.000,0.003469,0.002542,-0.002269,-0.002455,0.087112,0.070446,0.098803,0.004683,PinchMiddle,4
16510.000,-0.005887,-0.003522,-0.000799,-0.008897,-0.023702,-0.027156,0.027534,0.005354,PinchMiddle,4
16515.000,0.004609,0.002987,-0.000985,0.015616,-0.319349,0.158268,-0.178808,0.002093,PinchMiddle,4
16520.000,-0.000979,-0.013000,-0.000183,-0.009438,0.091195,0.052144,0.021905,-0.001025,PinchMiddle,4
16525.000,0.003762,-0.000560,0.016956,0.004588,0.018974,-0.190477,0.156648,-0.019489,PinchMiddle,4
16530.000,0.002180,0.009877,-0.000762,0.002976,0.055112,0.056296,-0.043196,0.003534,PinchMiddle,4
16535.000,-0.000526,0.004391,-0.004425,0.000644,-0.141194,-0.092375,0.105935,0.008493,PinchMiddle,4
16540.000,0.006554,0.001440,-0.009390,0.006302,-0.010325,-0.045023,-0.055827,-0.003875,PinchMiddle,4
16545.000,-0.009247,0.000943,-0.002271,-0.002550,0.176195,0.003096,-0.050520,0.003757,PinchMiddle,4
16550.000,0.005404,-0.012325,0.002675,-0.018016,0.221626,0.092155,-0.073358,0.007400,PinchMiddle,4
16555.000,-0.005010,-0.000901,0.005436,0.000511,-0.017252,0.094994,-0.018492,0.011056,PinchMiddle,4
16560.000,-0.002412,0.008520,-0.001056,0.005321,-0.259949,-0.140648,-0.001733,-0.019604,PinchMiddle,4
16565.000,-0.007357,-0.003691,0.010281,0.007249,-0.176631,0.084204,0.215569,-0.011099,PinchMiddle,4
16570.000,0.009163,0.004449,-0.022030,0.011738,0.232829,0.012900,-0.015804,0.005201,PinchMiddle,4
16575.000,0.010091,-0.007893,0.016209,-0.005482,-0.120087,-0.040092,-0.156637,0.002892,PinchMiddle,4
16580.000,-0.010129,-0.008080,-0.016103,-0.016524,-0.102032,0.053155,-0.038680,0.009534,PinchMiddle,4
16585.000,-0.000467,0.011100,0.002441,0.006430,0.185403,-0.157319,-0.154743,0.007058,PinchMiddle,4
16590.000,-0.014339,0.000180,0.010892,0.002069,0.165102,0.007790,0.207231,-0.013419,PinchMiddle,4
16595.000,0.004925,0.012837,0.003075,-0.008956,-0.074234,0.102078,0.146431,-0.014231,PinchMiddle,4
16600.000,0.013528,-0.006913,0.015076,0.017887,-0.024443,0.107388,-0.041784,0.023179,PinchMiddle,4
16605.000,0.005089,-0.014947,-0.022304,-0.003545,-0.164361,-0.030713,-0.057563,0.003463,PinchMiddle,4
16610.000,-0.008466,0.011924,0.006114,-0.003562,-0.014518,-0.139185,0.019969,-0.012152,PinchMiddle,4
16615.000,0.017466,0.007349,-0.017961,-0.014096,0.191169,0.184546,0.046120,0.000611,PinchMiddle,4
16620.000,-0.009047,-0.011843,-0.001794,0.012547,0.011933,-0.090087,-0.080160,0.000243,PinchMiddle,4
16625.000,-0.016011,0.010881,0.019245,-0.002298,0.043522,-0.223233,-0.022976,-0.002473,PinchMiddle,4
16630.000,0.004933,-0.007392,0.008475,0.010395,-0.117803,-0.086523,-0.002530,0.000748,PinchMiddle,4
16635.000,0.003424,-0.009756,-0.013416,-0.000121,0.059522,0.391234,-0.130901,0.003771,PinchMiddle,4
16640.000,-0.000270,-0.009144,0.003926,-0.007724,-0.344416,-0.037243,-0.063108,-0.014052,PinchMiddle,4
16645.000,-0.001756,0.005887,-0.001701,-0.011082,0.044890,-0.070984,0.241953,0.005274,PinchMiddle,4
16650.000,0.004895,0.025400,-0.004059,0.006132,0.153322,-0.009915,-0.125818,0.008470,PinchMiddle,4
16655.000,-0.016830,0.007338,0.000984,-0.005866,0.236529,-0.083948,0.037032,0.005826,PinchMiddle,4
16660.000,0.005966,-0.026894,0.010466,0.017883,0.055114,0.097906,0.244365,-0.011175,PinchMiddle,4
16665.000,0.008598,0.012493,-0.005109,-0.006848,-0.248024,0.102365,0.118392,0.024526,PinchMiddle,4
16670.000,0.011533,-0.001880,-0.007342,-0.013924,0.147700,-0.094389,-0.148476,-0.011101,PinchMiddle,4
16675.000,-0.007067,-0.021954,-0.015599,0.037784,-0.250288,-0.020467,-0.283334,-0.023322,PinchMiddle,4
16680.000,-0.011643,0.026185,0.010319,-0.020330,0.076941,-0.015501,-0.007556,-0.005545,PinchMiddle,4
16685.000,0.016473,-0.001596,0.005309,-0.000043,0.132323,-0.144831,-0.005426,0.016654,PinchMiddle,4
16690.000,-0.008815,-0.008900,0.010468,-0.012975,-0.288261,0.282093,0.077166,0.012323,PinchMiddle,4
16695.000,-0.000802,-0.013762,0.013097,0.020504,0.245370,-0.102947,0.243994,-0.003350,PinchMiddle,4
16700.000,-0.028607,0.028268,-0.010819,-0.007915,-0.156989,-0.100250,-0.142627,-0.009090,PinchMiddle,4
16705.000,0.024585,-0.019621,-0.005138,-0.016499,0.333705,0.027479,-0.010935,0.002977,PinchMiddle,4
16710.000,0.011114,0.010923,-0.011273,-0.008780,-0.052793,-0.151403,-0.182217,0.011493,PinchMiddle,4
16715.000,-0.001832,-0.015888,0.011359,0.011029,-0.071775,0.208181,0.027569,-0.013518,PinchMiddle,4
16720.000,0.001505,0.013733,-0.008624,0.009836,0.033912,0.074992,0.162595,0.003685,PinchMiddle,4
16725.000,0.003278,0.009409,0.001118,0.011170,-0.226014,0.119183,-0.013252,-0.010549,PinchMiddle,4
16730.000,-0.006594,-0.005392,-0.004602,-0.001861,0.006827,0.018069,0.049081,0.016556,PinchMiddle,4
16735.000,-0.012603,0.002272,-0.003845,0.004812,-0.182428,-0.237480,-0.062306,-0.024492,PinchMiddle,4
16740.000,-0.003863,-0.026704,0.029818,-0.010941,0.155828,0.018741,0.037301,0.003229,PinchMiddle,4
16745.000,0.014098,0.012594,-0.018414,-0.013688,0.098933,-0.337851,-0.227683,0.002770,PinchMiddle,4
16750.000,-0.011368,-0.003842,-0.007507,0.012069,0.111788,0.142688,0.262440,0.024183,PinchMiddle,4
16755.000,-0.011600,0.006122,0.008940,-0.001178,0.059574,0.285111,-0.060469,-0.001907,PinchMiddle,4
16760.000,0.033109,0.019879,0.019334,0.004725,0.075888,0.038972,-0.041431,0.012654,PinchMiddle,4
16765.000,0.005908,0.004489,-0.007042,-0.004083,-0.213738,-0.177589,0.107141,-0.016934,PinchMiddle,4
16770.000,0.009085,0.001197,-0.026102,-0.000929,-0.073323,0.206235,0.018329,-0.011711,PinchMiddle,4
16775.000,-0.031417,-0.020878,-0.001035,-0.001107,-0.011489,0.021276,-0.219019,0.000367,PinchMiddle,4
16780.000,-0.000883,-0.029755,0.014802,0.012470,-0.035876,-0.304352,0.007746,-0.027210,PinchMiddle,4
16785.000,-0.015411,0.002621,0.008723,-0.025293,0.257445,-0.194574,-0.012522,0.014756,PinchMiddle,4
16790.000,0.023291,0.024446,-0.017731,0.019562,0.161031,0.240155,0.060224,0.026887,PinchMiddle,4
16795.000,0.001276,0.003503,0.004511,-0.011587,-0.557222,0.232358,0.247251,-0.001578,PinchMiddle,4
16800.000,-0.010907,0.001018,0.005198,0.005435,0.282691,-0.115597,0.070698,-0.004034,PinchMiddle,4
16805.000,0.024743,0.001224,0.010139,-0.013946,-0.030318,0.174524,-0.254805,0.005922,PinchMiddle,4
16810.000,-0.017440,0.006136,-0.030061,-0.008020,-0.169812,-0.259508,0.008871,-0.010375,PinchMiddle,4
16815.000,-0.023268,-0.005904,0.005356,0.031595,0.113725,0.131790,-0.165842,-0.005369,PinchMiddle,4
16820.000,0.013004,0.001024,0.020364,0.012941,0.195042,-0.173365,-0.086811,0.003544,PinchMiddle,4
16825.000,0.037106,-0.004317,0.013654,-0.000915,-0.214456,-0.147234,0.169941,-0.006717,PinchMiddle,4
16830.000,-0.013293,-0.001196,-0.009582,-0.019789,0.037435,0.192285,0.136606,0.002085,PinchMiddle,4
16835.000,-0.025011,-0.010239,-0.010284,0.022113,0.135179,0.107919,-0.053166,0.007353,PinchMiddle,4
16840.000,-0.023597,0.021198,-0.002024,-0.033124,-0.200641,-0.019457,-0.013880,0.006654,PinchMiddle,4
16845.000,0.039572,-0.005287,-0.009634,0.007548,0.250937,-0.150795,0.110217,-0.006511,PinchMiddle,4
16850.000,0.004495,0.000408,0.006303,0.013096,-0.112394,0.040672,-0.118603,-0.016835,PinchMiddle,4
16855.000,0.007244,-0.018617,0.006348,-0.044499,-0.120915,0.043546,0.141870,0.035862,PinchMiddle,4
16860.000,-0.009826,-0.013281,-0.012806,0.014703,0.237822,0.019126,-0.153004,-0.018779,PinchMiddle,4
16865.000,-0.009815,0.015788,0.005622,0.008057,-0.155600,0.331377,0.115782,-0.003902,PinchMiddle,4
16870.000,0.003981,0.016761,0.005898,0.021810,-0.428638,-0.045947,-0.230297,0.018346,PinchMiddle,4
16875.000,-0.013017,0.016587,0.010790,-0.008077,0.355134,-0.290589,0.052951,-0.008460,PinchMiddle,4
16880.000,0.026413,-0.016420,0.003610,0.006551,0.475136,0.060906,-0.024067,-0.028958,PinchMiddle,4
16885.000,-0.030899,-0.012704,-0.005871,0.018987,-0.378155,-0.313477,0.163458,-0.019191,PinchMiddle,4
16890.000,0.041285,0.004117,-0.011578,-0.027635,-0.085732,0.194438,-0.138967,0.047732,PinchMiddle,4
16895.000,-0.038955,0.015765,-0.019420,-0.018952,0.270518,-0.250258,-0.001112,0.023056,PinchMiddle,4
16900.000,-0.005924,-0.003789,0.015116,0.023987,-0.245860,0.019806,0.220673,-0.020535,PinchMiddle,4
16905.000,0.030135,-0.024682,0.017746,-0.011587,0.019266,0.278018,-0.114545,-0.005525,PinchMiddle,4
16910.000,0.007287,0.006822,-0.022803,0.000488,-0.109015,0.364937,0.062487,-0.021201,PinchMiddle,4
16915.000,-0.021550,0.013569,0.000637,0.021595,0.016873,0.095239,0.128544,0.005371,PinchMiddle,4
16920.000,-0.014370,-0.017439,0.029244,-0.021713,-0.070359,-0.490923,-0.432842,-0.002402,PinchMiddle,4
16925.000,0.014377,0.009739,-0.015565,0.026747,0.339729,-0.134351,0.145958,0.019422,PinchMiddle,4
16930.000,0.006929,-0.003513,0.014514,-0.034930,-0.060063,0.282783,-0.030411,0.013683,PinchMiddle,4
16935.000,0.020146,0.020314,-0.017994,-0.011244,-0.016616,-0.274499,0.095976,-0.002289,PinchMiddle,4
16940.000,-0.011414,0.000865,-0.001333,0.014827,0.180696,0.160546,0.129331,-0.011541,PinchMiddle,4
16945.000,-0.007264,-0.005621,-0.006527,0.014022,-0.312374,0.026697,-0.199484,-0.027821,PinchMiddle,4
16950.000,-0.010474,-0.039635,-0.000349,0.001112,0.058825,-0.075637,0.077114,-0.003070,PinchMiddle,4
16955.000,-0.001487,0.015852,-0.006547,0.009245,-0.133805,0.277817,-0.112182,0.033812,PinchMiddle,4
16960.000,-0.011825,-0.003825,0.023329,-0.010879,-0.174439,-0.314091,0.166369,0.000150,PinchMiddle,4
16965.000,0.002909,0.035623,-0.007994,0.005763,0.063574,0.005348,0.001389,0.010672,PinchMiddle,4
16970.000,0.024468,0.015420,0.007360,-0.010333,0.560108,0.102468,0.109199,-0.020674,PinchMiddle,4
16975.000,0.005204,-0.012308,0.020810,-0.015263,-0.065574,0.036712,-0.151364,0.012845,PinchMiddle,4
16980.000,0.000081,-0.046256,-0.013764,0.035500,-0.593265,0.187203,-0.108134,-0.019911,PinchMiddle,4
16985.000,-0.013533,-0.004895,-0.002236,-0.014534,0.621814,-0.560834,0.031549,0.006381,PinchMiddle,4
16990.000,0.007010,0.039754,-0.052444,-0.008984,-0.193640,-0.213405,0.286994,-0.000026,PinchMiddle,4
16995.000,-0.015814,-0.019211,0.000477,-0.003549,-0.178583,0.950000,-0.257724,-0.032995,PinchMiddle,4
17000.000,0.000937,0.027714,0.036368,-0.005184,0.161806,-0.219203,-0.115703,0.054879,PinchMiddle,4
17005.000,0.028845,-0.000327,0.033365,0.012500,-0.371371,0.138257,0.162545,-0.021342,PinchMiddle,4
17010.000,-0.034157,-0.028811,-0.010968,0.018429,0.204848,-0.500609,-0.220176,-0.000699,PinchMiddle,4
17015.000,0.021554,0.005884,-0.036488,0.004606,0.345501,0.154710,-0.039823,-0.000568,PinchMiddle,4
17020.000,-0.023216,-0.003886,0.007606,-0.036041,-0.030948,0.038442,0.219690,0.012420,PinchMiddle,4
17025.000,-0.001897,0.020776,0.027862,-0.006106,0.100050,-0.138106,0.134915,-0.000225,PinchMiddle,4
17030.000,0.021745,-0.004345,-0.005453,-0.006385,-0.677265,0.077378,0.459402,-0.016662,PinchMiddle,4
17035.000,0.021145,-0.029398,-0.008101,0.045816,0.043372,-0.115966,-0.542053,0.005716,PinchMiddle,4
17040.000,0.004809,0.010031,-0.021657,-0.007319,0.402935,0.249199,-0.241997,0.011465,PinchMiddle,4
17045.000,-0.021708,0.018813,0.017076,-0.013998,-0.297680,0.223517,0.226489,-0.001458,PinchMiddle,4
17050.000,-0.017661,0.024252,0.006564,0.016852,0.047474,-0.532156,0.044191,-0.004031,PinchMiddle,4
17055.000,-0.020558,-0.044008,-0.019523,-0.011403,0.054569,-0.030675,-0.113166,-0.015708,PinchMiddle,4
17060.000,-0.008724,0.003583,0.023435,-0.015716,0.493697,0.490477,-0.082208,-0.005135,PinchMiddle,4
17065.000,0.016418,0.000244,0.003487,0.000214,-0.206770,-0.303401,-0.113026,0.005235,PinchMiddle,4
17070.000,0.048675,0.032105,-0.033485,0.030511,-0.166258,0.183446,0.310751,0.009464,PinchMiddle,4
17075.000,0.009503,-0.039038,0.024806,-0.016504,0.136373,-0.052719,0.141399,0.024393,PinchMiddle,4
17080.000,-0.036715,0.025163,0.000995,0.004666,-0.262123,-0.239251,-0.082926,-0.010012,PinchMiddle,4
17085.000,0.010069,-0.004198,-0.003483,-0.010647,0.040884,0.315975,-0.074139,-0.012455,PinchMiddle,4
17090.000,-0.027974,-0.017681,0.002905,0.001512,-0.011983,-0.152976,-0.132302,0.006732,PinchMiddle,4
17095.000,0.014563,0.015136,-0.020893,-0.020456,0.329821,-0.174041,0.064712,-0.015425,PinchMiddle,4
17100.000,0.018319,-0.006391,0.003812,0.013569,-0.142887,-0.253847,0.010216,0.002080,PinchMiddle,4
17105.000,-0.021285,0.006225,-0.014901,0.021247,-0.441099,0.576412,-0.115397,-0.011952,PinchMiddle,4
17110.000,0.015175,0.004244,0.053401,-0.016682,-0.086871,0.042300,0.177286,0.023574,PinchMiddle,4
17115.000,-0.024336,0.012790,0.017083,0.022641,0.311072,-0.054699,-0.019271,-0.001397,PinchMiddle,4
17120.000,0.026614,-0.049870,-0.031357,-0.030623,0.621538,0.151113,0.082586,0.000816,PinchMiddle,4
17125.000,-0.011290,0.032789,-0.033284,0.006520,-0.299356,-0.078160,0.013617,0.012943,PinchMiddle,4
17130.000,0.009255,-0.011382,0.003232,0.009933,-0.225619,-0.333765,-0.203187,-0.017020,PinchMiddle,4
17135.000,-0.002886,0.014010,0.023345,0.007722,0.021375,-0.475641,-0.235329,-0.020692,PinchMiddle,4
17140.000,-0.023227,0.014687,-0.032657,0.015259,-0.009297,0.773388,0.144150,0.009070,PinchMiddle,4
17145.000,-0.012618,-0.026749,0.038078,-0.013359,-0.225803,-0.137311,0.343119,0.029965,PinchMiddle,4
17150.000,0.017440,0.005409,-0.007480,-0.020247,-0.215227,0.039348,-0.045057,-0.023410,PinchMiddle,4
17155.000,0.048264,0.005985,-0.019363,-0.026403,0.807574,-0.041894,0.084374,-0.002444,PinchMiddle,4
17160.000,-0.000426,-0.019611,0.028624,0.007949,-0.146356,0.056334,-0.019147,0.015449,PinchMiddle,4
17165.000,-0.036600,0.019042,-0.000499,0.012596,-0.181028,-0.496241,-0.114111,-0.007890,PinchMiddle,4
17170.000,-0.019604,-0.003785,-0.023220,0.044588,0.045579,0.124437,-0.415605,-0.006373,PinchMiddle,4
17175.000,0.006744,-0.008381,0.034340,-0.004551,-0.193781,0.580366,0.207866,-0.001650,PinchMiddle,4
17180.000,0.017751,0.006958,-0.013689,-0.025237,0.079994,0.006591,-0.010374,0.016548,PinchMiddle,4
17185.000,-0.021298,0.010461,0.002767,-0.003771,-0.128260,-0.185805,0.086324,0.009102,PinchMiddle,4
17190.000,0.015896,0.003855,-0.027597,-0.018923,0.092626,-0.127845,0.159618,-0.002954,PinchMiddle,4
17195.000,0.002646,0.018553,-0.005736,-0.002677,0.096723,0.095556,-0.126358,-0.043503,PinchMiddle,4
17200.000,0.014735,-0.032363,0.007670,0.029811,-0.108712,0.027881,0.004302,0.031644,PinchMiddle,4
17205.000,0.024556,-0.036866,0.006060,0.014551,0.130046,-0.327588,0.046525,-0.008120,PinchMiddle,4
17210.000,-0.029721,0.017533,-0.005204,-0.009459,0.050085,-0.070371,-0.063212,-0.001980,PinchMiddle,4
17215.000,-0.029289,0.027471,0.013690,-0.045743,0.091546,0.380006,0.146873,0.001969,PinchMiddle,4
17220.000,-0.038090,0.006316,0.019952,0.051836,-0.135411,0.060339,-0.047700,-0.019748,PinchMiddle,4
17225.000,0.049598,-0.016596,-0.005492,0.007587,-0.016979,-0.140619,0.204282,0.037689,PinchMiddle,4
17230.000,0.036461,-0.011715,0.000588,-0.034983,-0.004991,-0.325730,-0.277709,0.008814,PinchMiddle,4
17235.000,-0.006710,0.026658,-0.034458,-0.020526,-0.198492,0.219039,-0.069828,0.017938,PinchMiddle,4
17240.000,-0.009180,0.008481,0.015244,0.038058,0.071918,0.313919,-0.116262,-0.039025,PinchMiddle,4
17245.000,-0.010977,-0.013421,0.014949,0.015419,-0.138961,-0.121238,0.303145,-0.011836,PinchMiddle,4
17250.000,-0.018427,-0.024098,-0.030130,-0.022436,0.227967,0.280012,-0.404721,-0.000121,PinchMiddle,4
17255.000,0.004957,0.028388,0.011339,-0.039506,-0.118243,-0.466260,0.005566,-0.004240,PinchMiddle,4
17260.000,0.005478,-0.018832,0.033222,0.040902,0.377666,-0.045318,0.337686,-0.005218,PinchMiddle,4
17265.000,-0.002662,-0.010210,-0.036907,0.015145,-0.095987,-0.133179,0.196070,0.050697,PinchMiddle,4
17270.000,0.034352,0.008701,0.024295,-0.023678,0.040560,0.013589,0.095442,-0.048269,PinchMiddle,4
17275.000,-0.029396,0.018571,-0.032783,0.031267,-0.205704,0.184833,-0.217787,-0.009722,PinchMiddle,4
17280.000,-0.032761,0.009427,0.002156,-0.017823,-0.317580,0.575086,-0.113782,0.033855,PinchMiddle,4
17285.000,0.067420,-0.025646,-0.007294,-0.003700,0.676702,-0.395922,-0.295793,0.016228,PinchMiddle,4
17290.000,-0.027008,-0.004842,0.035894,-0.033192,-0.380103,0.052144,0.017572,-0.008126,PinchMiddle,4
17295.000,0.004157,0.017818,0.008731,0.018581,-0.083534,-0.167188,0.363288,-0.010046,PinchMiddle,4
17300.000,-0.014015,0.015405,-0.007277,0.006187,-0.148592,-0.199059,-0.400441,0.010001,PinchMiddle,4
17305.000,0.000180,-0.025808,-0.019221,0.014059,0.170780,-0.028238,0.369947,-0.011368,PinchMiddle,4
17310.000,0.007253,-0.002010,-0.000472,0.025087,-0.058531,-0.085881,0.379307,-0.028460,PinchMiddle,4
17315.000,-0.002162,-0.017445,0.019082,-0.052733,0.037575,0.326494,-0.145573,-0.002177,PinchMiddle,4
17320.000,-0.002148,0.025290,-0.014994,-0.000129,0.295411,0.206509,-0.485588,0.032232,PinchMiddle,4
17325.000,-0.018055,0.020677,0.002826,0.040293,0.259747,-0.268084,-0.146446,-0.000010,PinchMiddle,4
17330.000,0.033239,-0.022315,-0.012444,-0.010797,-0.237811,0.368953,0.292629,0.019135,PinchMiddle,4
17335.000,0.000000,-0.000000,-0.000000,0.000000,-0.000000,0.000000,0.000000,0.000000,Fist,1
17340.000,0.000005,0.000002,-0.000001,-0.000000,0.000004,-0.000006,0.000002,-0.000003,Fist,1
17345.000,-0.000028,0.000020,0.000029,0.000003,-0.000002,0.000017,-0.000000,0.000002,Fist,1
17350.000,-0.000104,-0.000043,0.000044,-0.000009,-0.000030,0.000022,-0.000038,0.000030,Fist,1
17355.000,0.000097,-0.000044,-0.000151,-0.000089,0.000061,0.000004,-0.000009,-0.000055,Fist,1
17360.000,0.000093,0.000067,-0.000163,-0.000034,-0.000118,-0.000088,0.000095,0.000127,Fist,1
17365.000,0.000184,-0.000059,0.000247,0.000125,-0.000008,-0.000219,-0.000070,-0.000221,Fist,1
17370.000,0.000527,0.000348,-0.000033,0.000351,0.000134,0.000219,-0.000194,0.000231,Fist,1
17375.000,-0.000409,-0.000550,0.000354,0.000252,0.000104,0.000403,0.000523,0.000179,Fist,1
17380.000,0.000050,-0.000063,-0.000157,0.000180,0.000179,-0.000276,-0.000098,-0.000688,Fist,1
17385.000,-0.000714,0.000554,-0.001150,-0.000626,-0.000659,-0.000175,-0.000132,0.000032,Fist,1
17390.000,-0.001567,-0.000633,0.000724,-0.001216,0.000601,0.000199,0.000199,0.000195,Fist,1
17395.000,0.000277,0.000747,0.000354,-0.000242,-0.000090,0.000019,0.000014,0.000829,Fist,1
17400.000,0.001512,-0.000214,0.000238,-0.000638,-0.000325,0.000447,0.000201,-0.000584,Fist,1
17405.000,0.001082,0.000602,0.000948,0.000747,0.000855,-0.001433,-0.001704,-0.000709,Fist,1
17410.000,-0.002107,-0.000336,0.000307,0.002191,-0.002214,0.000347,0.000883,0.000411,Fist,1
17415.000,0.000728,-0.000550,-0.001850,0.000792,-0.000317,0.000030,-0.000707,0.000859,Fist,1
17420.000,0.001977,-0.000961,-0.001428,0.001016,0.002316,0.000422,0.000995,-0.000631,Fist,1
17425.000,0.001403,0.002639,-0.001188,0.000121,0.001199,0.001464,0.000044,-0.000559,Fist,1
17430.000,-0.001997,-0.001223,0.002930,-0.001620,0.000064,0.000793,-0.000811,0.000619,Fist,1
17435.000,-0.000379,-0.003922,0.003338,-0.002272,-0.002037,-0.002784,0.003956,0.001628,Fist,1
17440.000,0.000726,0.002948,-0.003580,-0.003079,-0.001125,-0.000964,-0.003416,-0.001781,Fist,1
17445.000,-0.006619,0.000312,0.002580,0.001710,0.000308,0.001896,-0.000790,-0.000461,Fist,1
17450.000,0.001280,0.004396,-0.003658,-0.000561,0.001041,0.001201,0.000465,0.000583,Fist,1
17455.000,0.002582,-0.001344,-0.001006,0.002175,0.002738,-0.002244,0.004211,-0.001591,Fist,1
17460.000,0.002730,-0.003024,0.000749,0.000754,-0.000477,-0.001913,0.000106,-0.001910,Fist,1
17465.000,0.004104,-0.002049,-0.001817,0.004197,0.001341,0.001515,-0.006479,0.003180,Fist,1
17470.000,-0.003111,0.000228,0.006870,-0.001028,-0.009281,0.001543,-0.003288,0.003560,Fist,1
17475.000,0.001424,0.004232,-0.002359,-0.002861,0.001706,0.000602,0.003101,-0.001434,Fist,1
17480.000,-0.004591,-0.000952,-0.000867,-0.003246,0.002253,-0.001997,0.003976,0.000567,Fist,1
17485.000,-0.002342,-0.001703,-0.003536,0.001061,0.001589,0.002441,-0.001207,0.001940,Fist,1
17490.000,-0.002460,-0.007391,0.011412,0.005612,0.002456,0.002947,0.004028,-0.002969,Fist,1
17495.000,0.001759,0.006798,-0.003847,-0.010225,0.000842,-0.008228,0.001601,-0.008540,Fist,1
17500.000,0.003196,0.006233,-0.005121,0.012438,0.001711,0.001663,-0.004674,0.002330,Fist,1
17505.000,0.002555,-0.003151,-0.002381,-0.007049,-0.009610,0.001122,-0.001803,0.005222,Fist,1
17510.000,0.004066,-0.002742,-0.004021,0.002481,0.006101,-0.002263,-0.005328,-0.000914,Fist,1
17515.000,-0.009818,0.002045,-0.000941,0.006066,-0.004318,0.002888,0.009741,0.003398,Fist,1
17520.000,0.008510,0.011078,-0.002025,-0.009233,0.003034,0.006968,-0.002870,-0.003034,Fist,1
17525.000,-0.002033,-0.014810,0.021912,-0.011904,-0.005179,0.003576,-0.003472,0.005615,Fist,1
17530.000,-0.002882,-0.002200,-0.002481,0.007559,0.005838,-0.014872,0.003432,-0.004346,Fist,1
17535.000,-0.002913,0.001751,-0.004440,0.015512,-0.002737,0.003872,-0.005726,-0.000522,Fist,1
17540.000,0.002675,-0.002657,0.000077,-0.010389,0.001455,-0.002614,0.002033,-0.010801,Fist,1
17545.000,0.008342,0.004044,-0.003837,0.002455,0.016859,-0.004549,-0.000484,-0.000672,Fist,1
17550.000,-0.007507,0.004365,-0.005967,0.001248,-0.017451,0.013680,0.012592,0.008363,Fist,1
17555.000,-0.009639,-0.000632,-0.006960,0.004370,-0.003589,-0.000624,-0.001525,0.008464,Fist,1
17560.000,0.005354,-0.008190,0.011218,-0.013046,-0.001437,-0.007664,0.008641,0.011925,Fist,1
17565.000,0.012760,0.009164,0.003738,0.008928,0.005996,-0.002570,-0.019981,-0.006712,Fist,1
17570.000,-0.018190,-0.007152,-0.000419,-0.003085,0.007385,-0.002975,-0.011056,-0.009054,Fist,1
17575.000,0.006914,0.013529,0.004343,-0.003355,-0.003717,0.003453,0.004666,-0.016675,Fist,1
17580.000,-0.010152,-0.006717,-0.013526,0.004406,0.005530,0.010007,0.010524,0.002879,Fist,1
17585.000,0.017876,-0.005032,-0.000012,-0.000860,-0.009162,0.004726,-0.001614,0.019233,Fist,1
17590.000,0.017881,0.009240,0.003604,0.000238,-0.012813,0.010554,0.008618,-0.012159,Fist,1
17595.000,-0.003571,-0.011250,0.013685,0.001514,-0.001366,-0.016038,0.002423,0.006360,Fist,1
17600.000,-0.025721,-0.001462,-0.012114,0.000626,0.022651,-0.000258,-0.012407,0.002702,Fist,1
17605.000,0.011573,0.011493,-0.000558,-0.023742,0.002034,-0.010152,-0.002710,-0.018483,Fist,1
17610.000,-0.021001,-0.016042,0.001187,0.027713,-0.009478,-0.022749,0.015688,0.011339,Fist,1
17615.000,-0.028091,0.007894,-0.003978,-0.005150,-0.027083,0.001460,-0.009358,0.004523,Fist,1
17620.000,0.051437,0.013532,0.015854,-0.001055,0.028268,0.032657,0.000353,0.021053,Fist,1
17625.000,-0.014959,-0.008982,-0.022355,0.007613,0.017942,0.013220,-0.002782,-0.022561,Fist,1
17630.000,0.025863,0.007439,0.008463,-0.016281,-0.036288,-0.011408,-0.028770,0.015902,Fist,1
17635.000,-0.007294,-0.037621,0.016993,-0.000720,0.025536,-0.000340,0.025371,-0.026180,Fist,1
17640.000,-0.009097,0.005574,-0.017132,0.025729,-0.000199,-0.006481,0.011659,-0.001090,Fist,1
17645.000,0.026650,0.035868,0.020283,-0.004624,-0.012729,-0.011841,-0.003080,0.002514,Fist,1
17650.000,-0.024181,0.011818,-0.030988,0.015407,0.006711,0.000304,0.012377,0.007590,Fist,1
17655.000,0.000818,-0.027333,0.038345,-0.041283,0.000642,0.026766,0.003442,-0.013399,Fist,1
17660.000,-0.037913,0.009753,-0.050102,-0.012579,0.004603,-0.003093,-0.008532,0.005418,Fist,1
17665.000,-0.015378,0.021894,-0.005533,0.020972,-0.009459,0.000016,-0.016265,0.006841,Fist,1
17670.000,0.052399,-0.046974,0.028888,0.005600,-0.030619,-0.017679,-0.001435,0.017472,Fist,1
17675.000,0.049417,-0.006545,0.019218,-0.010812,0.017173,-0.018791,0.024309,0.024229,Fist,1
17680.000,-0.032619,0.021408,0.022621,-0.015057,0.031640,0.000362,-0.061163,-0.035984,Fist,1
17685.000,-0.050747,0.007585,-0.039737,0.070339,0.015361,0.052626,0.030034,0.011571,Fist,1
17690.000,0.014365,-0.024115,0.004395,-0.028155,-0.054162,-0.016712,0.014480,-0.040716,Fist,1
17695.000,-0.021105,0.008209,-0.053142,-0.003437,0.014026,-0.009958,-0.012977,-0.016377,Fist,1
17700.000,0.077238,0.001752,0.035716,-0.017424,0.017532,-0.008401,0.006086,0.028711,Fist,1
17705.000,-0.041008,0.012962,0.004345,-0.006166,-0.010193,-0.009324,0.039492,0.002418,Fist,1
17710.000,-0.012926,0.025927,0.019829,-0.024016,0.043032,0.007396,-0.011523,0.021552,Fist,1
17715.000,0.018986,-0.034630,0.022000,0.009406,-0.047540,0.029219,-0.003464,0.016943,Fist,1
17720.000,-0.031712,0.022970,-0.053658,0.008747,-0.034191,-0.018205,0.019925,0.006091,Fist,1
17725.000,0.020666,0.020981,0.054435,0.040736,0.031418,-0.006389,-0.097654,-0.007049,Fist,1
17730.000,0.037153,-0.007949,-0.026735,0.034792,0.048789,0.004830,0.047388,-0.019216,Fist,1
17735.000,0.017819,-0.070201,-0.062062,-0.034237,-0.075580,-0.019151,-0.010620,-0.030589,Fist,1
17740.000,-0.060511,0.037274,0.055488,-0.030873,0.026392,0.014763,-0.021229,-0.034714,Fist,1
17745.000,-0.002643,-0.048900,0.019090,0.004152,0.032947,-0.010446,0.045074,0.066218,Fist,1
17750.000,0.011205,0.025209,0.000938,0.015030,-0.042476,0.028812,0.056529,-0.057889,Fist,1
17755.000,-0.039311,0.023039,-0.051671,-0.047021,0.029759,-0.006571,-0.005184,0.063894,Fist,1
17760.000,0.043999,0.009755,0.064453,-0.024583,-0.042512,-0.008278,-0.066294,0.037402,Fist,1
17765.000,0.029477,0.034838,-0.025909,0.066896,0.035043,-0.026919,0.010915,-0.031388,Fist,1
17770.000,-0.046969,-0.029624,0.013458,-0.014010,0.015011,0.024912,0.016113,-0.000578,Fist,1
17775.000,0.043620,-0.007960,-0.053188,0.034215,-0.036498,-0.005467,-0.019422,-0.037450,Fist,1
17780.000,-0.016020,-0.026079,0.054477,-0.017158,-0.010532,0.051345,-0.039480,0.005657,Fist,1
17785.000,-0.048061,-0.021629,-0.035225,-0.025647,0.026792,-0.018541,0.018876,-0.025620,Fist,1
17790.000,0.009837,0.055304,-0.047205,0.055323,0.012379,-0.047654,0.038993,0.005525,Fist,1
17795.000,-0.026122,-0.005868,0.050594,-0.089190,0.054323,0.010686,-0.005014,0.049484,Fist,1
17800.000,0.057567,-0.005105,-0.049776,0.024305,-0.004994,0.003674,-0.000644,0.006300,Fist,1
17805.000,0.042989,0.033682,0.085971,0.040737,-0.075232,0.030023,-0.019050,-0.007689,Fist,1
17810.000,-0.019320,-0.024743,0.079673,0.022136,-0.020756,-0.001413,0.001097,0.039598,Fist,1
17815.000,-0.009415,-0.000990,-0.073848,0.037831,0.008019,-0.012819,0.026831,-0.031688,Fist,1
17820.000,-0.029810,-0.036469,-0.053774,-0.114082,-0.003963,-0.083878,-0.017469,-0.046788,Fist,1
17825.000,0.009717,0.070474,-0.000584,-0.055827,-0.024997,0.022915,0.047320,-0.033547,Fist,1
17830.000,0.013518,-0.108929,0.032950,0.072393,0.060913,0.011823,-0.065818,-0.003803,Fist,1
17835.000,-0.087849,0.048702,-0.027977,0.047351,0.052915,0.104655,0.008308,0.045573,Fist,1
17840.000,0.072551,-0.003387,-0.059995,0.035080,-0.031882,-0.005456,0.041334,0.026682,Fist,1
17845.000,-0.013334,0.063666,0.162392,-0.074374,-0.061105,0.026582,-0.011250,0.035783,Fist,1
17850.000,0.000603,-0.026877,-0.126975,0.018549,0.028131,-0.066228,-0.003961,-0.054959,Fist,1
17855.000,0.076583,-0.008064,0.021825,0.031951,0.019231,-0.047502,-0.018111,0.011594,Fist,1
17860.000,0.077698,-0.022616,0.024296,-0.064988,-0.007495,-0.042198,-0.044960,-0.004181,Fist,1
17865.000,-0.124538,0.046959,-0.000060,-0.028689,-0.010403,0.031423,-0.030946,0.019744,Fist,1
17870.000,-0.097805,-0.015174,0.023634,0.078848,0.026933,0.000573,0.074459,-0.016916,Fist,1
17875.000,-0.006020,-0.061997,-0.005937,-0.080459,0.025263,0.044119,0.027617,-0.030931,Fist,1
17880.000,-0.021588,0.053915,0.055457,0.021093,-0.041412,0.065393,0.043394,0.059864,Fist,1
17885.000,0.121205,-0.087762,-0.149830,0.059826,-0.069652,-0.071627,-0.059817,-0.002248,Fist,1
17890.000,-0.030983,0.069681,0.090364,0.024211,0.046669,0.018230,0.007215,0.019450,Fist,1
17895.000,0.096331,0.046738,0.002292,-0.032979,-0.000817,-0.082604,0.055132,-0.033192,Fist,1
17900.000,0.016122,-0.032902,-0.074208,0.048021,0.016955,0.028530,-0.090944,-0.076533,Fist,1
17905.000,-0.041066,-0.012425,-0.003179,-0.004981,0.020854,0.105525,-0.066640,-0.039310,Fist,1
17910.000,-0.051261,0.068830,0.017593,-0.084683,-0.067092,0.027515,0.047932,0.069440,Fist,1
17915.000,-0.049435,-0.038378,0.089213,-0.001698,0.012911,-0.107532,-0.002356,0.009269,Fist,1
17920.000,0.023899,0.013747,-0.112851,-0.023404,0.142402,0.028751,0.102291,0.062180,Fist,1
17925.000,-0.027394,-0.018846,0.110847,-0.026083,-0.019496,-0.130569,0.091431,-0.003202,Fist,1
17930.000,0.063153,-0.027721,-0.006811,0.073543,-0.104379,0.026148,-0.181005,-0.027732,Fist,1
17935.000,0.005570,-0.017203,0.014130,0.069567,0.016368,0.111221,-0.042535,-0.079383,Fist,1
17940.000,-0.096091,-0.072749,-0.041424,-0.108095,0.015789,0.025478,0.050988,0.164453,Fist,1
17945.000,0.065583,0.006314,-0.023595,0.128282,-0.030803,-0.024694,0.085957,-0.080981,Fist,1
17950.000,0.025400,0.081727,-0.046499,-0.105431,-0.046491,-0.039782,-0.000610,0.070806,Fist,1
17955.000,0.082483,0.044908,-0.043167,-0.025316,0.014539,0.071716,-0.103844,-0.089152,Fist,1
17960.000,-0.018527,0.046951,0.184580,0.093367,-0.048352,-0.035461,-0.095437,-0.089455,Fist,1
17965.000,-0.044073,-0.015300,0.024555,-0.003178,0.128597,-0.048608,0.102729,0.155689,Fist,1
17970.000,0.010096,-0.020190,-0.061878,-0.020426,0.016971,0.019787,0.131949,-0.126053,Fist,1
17975.000,-0.046485,-0.076608,-0.126157,-0.058313,-0.024100,-0.021152,-0.089298,-0.021068,Fist,1
17980.000,-0.117969,0.030931,0.038818,-0.050477,-0.011560,0.001310,-0.017517,0.074026,Fist,1
17985.000,0.021182,-0.072387,-0.081605,0.044115,0.028491,0.019922,0.028084,0.043017,Fist,1
17990.000,0.023123,-0.007683,0.121340,0.041381,-0.076838,-0.005958,-0.081148,0.004029,Fist,1
17995.000,0.077075,0.072967,-0.018263,0.031685,0.057419,0.016045,0.133267,-0.082145,Fist,1
18000.000,0.170905,0.064596,0.053064,0.018091,-0.011970,0.037413,0.000824,0.061513,Fist,1
18005.000,-0.091430,-0.020543,0.031908,-0.054481,-0.057928,0.014580,-0.176748,0.032398,Fist,1
18010.000,-0.154207,0.005038,-0.026567,0.012473,0.072835,-0.089070,0.047035,-0.072277,Fist,1
18015.000,0.213609,-0.015774,0.003561,-0.065287,-0.110939,0.080920,0.087245,0.083325,Fist,1
18020.000,-0.164450,0.023847,-0.038152,0.137054,0.051425,-0.023079,0.087424,-0.109476,Fist,1
18025.000,-0.035118,-0.013293,-0.046747,-0.018126,0.064101,-0.117886,-0.096201,0.130289,Fist,1
18030.000,-0.030379,-0.171171,0.022516,-0.188186,0.044235,0.143129,-0.028058,-0.074624,Fist,1
18035.000,0.088133,0.084020,0.030228,0.164775,0.028472,-0.084911,-0.023467,-0.047461,Fist,1
18040.000,-0.041323,0.148689,-0.079393,-0.011525,-0.165127,-0.059053,-0.033346,0.012336,Fist,1
18045.000,-0.041287,-0.070580,0.096646,-0.087568,0.140150,0.152227,0.063874,0.012119,Fist,1
18050.000,0.179546,-0.093845,-0.029561,0.024661,-0.179357,0.024801,-0.028760,0.054840,Fist,1
18055.000,0.032933,-0.023684,0.014004,0.039729,-0.020942,-0.165040,0.017393,-0.092300,Fist,1
18060.000,-0.041780,0.062756,-0.031172,0.025965,0.108929,0.049559,0.013981,0.014985,Fist,1
18065.000,-0.173308,0.075899,0.067599,-0.005377,-0.003398,0.035183,0.027104,0.079132,Fist,1
18070.000,-0.006394,-0.058829,0.001763,0.115832,0.059939,-0.020560,-0.038853,-0.052230,Fist,1
18075.000,0.155752,0.065899,-0.187041,-0.141606,0.040880,0.117032,0.010205,0.086576,Fist,1
18080.000,-0.080007,-0.017855,0.124179,-0.019318,-0.041462,0.032271,0.108576,-0.066276,Fist,1
18085.000,-0.063832,-0.037429,0.093661,-0.105401,-0.140290,-0.118441,-0.134509,-0.040756,Fist,1
18090.000,0.196811,-0.017283,-0.160268,-0.008690,0.129095,-0.081991,0.012545,0.084426,Fist,1
18095.000,0.055196,0.097965,0.007188,0.053223,0.080636,0.001143,-0.056142,0.044052,Fist,1
18100.000,-0.179732,-0.079880,0.175720,0.087167,-0.008612,-0.049361,0.033568,-0.161231,Fist,1
18105.000,-0.043931,0.000487,-0.112351,0.136319,-0.312801,0.153413,0.149003,-0.036589,Fist,1
18110.000,-0.020036,-0.091556,0.009230,-0.019370,0.184476,-0.035208,-0.203605,0.032127,Fist,1
18115.000,-0.034747,0.134049,0.035699,-0.043471,-0.086355,-0.052274,0.024687,0.042796,Fist,1
18120.000,0.076579,0.077366,0.067706,-0.101502,0.141362,0.121440,0.051155,0.123436,Fist,1
18125.000,0.099949,-0.175563,-0.100495,0.012429,0.020781,-0.043648,0.103300,-0.044188,Fist,1
18130.000,-0.103014,-0.048290,-0.089095,-0.102043,0.058637,0.071672,-0.003097,-0.159385,Fist,1
18135.000,0.066868,-0.020429,0.037694,0.061530,-0.015559,-0.083332,-0.049563,0.213098,Fist,1
18140.000,-0.018792,0.050187,0.074162,0.001427,-0.124546,0.012986,-0.082356,0.004274,Fist,1
18145.000,-0.051008,0.072884,-0.060544,0.173597,-0.061150,-0.114093,0.126589,-0.124865,Fist,1
18150.000,0.260581,0.023814,-0.122203,-0.112221,-0.045308,0.071417,-0.159303,-0.187040,Fist,1
18155.000,-0.293004,0.132228,0.172425,-0.005923,0.067828,-0.053195,-0.078448,0.172843,Fist,1
18160.000,0.073456,0.002830,0.131841,-0.028369,0.052262,0.114031,0.189895,0.192134,Fist,1
18165.000,0.128077,-0.181096,0.055464,0.047204,0.237173,0.022315,0.012796,-0.127769,Fist,1
18170.000,-0.126058,0.027543,-0.193777,-0.158917,-0.128326,-0.110601,0.033010,-0.022626,Fist,1
18175.000,-0.277600,-0.100357,-0.190500,0.131602,-0.075516,-0.021830,-0.042125,-0.047877,Fist,1
18180.000,0.140388,0.017609,-0.008577,0.043940,-0.037860,0.059303,-0.131590,-0.005256,Fist,1
18185.000,0.123303,0.141096,0.384818,0.020480,-0.131503,0.003071,-0.064461,0.009508,Fist,1
18190.000,0.234458,-0.020213,-0.290014,0.045887,0.090289,0.025400,0.042145,0.014687,Fist,1
18195.000,-0.228804,-0.092906,0.001932,-0.242699,0.034728,0.052714,0.164731,-0.049192,Fist,1
18200.000,-0.026170,-0.000608,0.089725,0.209902,0.108120,0.061998,0.220144,0.146946,Fist,1
18205.000,0.156856,0.060047,0.124664,-0.073386,0.039254,-0.235708,-0.186702,-0.112338,Fist,1
18210.000,-0.178690,-0.091753,-0.039402,-0.017771,-0.147974,-0.203360,-0.076444,0.009428,Fist,1
18215.000,0.005030,0.099037,-0.121437,-0.058142,-0.031949,0.363894,0.044353,0.076333,Fist,1
18220.000,0.149505,0.062893,-0.023648,0.083371,0.077009,-0.023743,0.031524,0.081607,Fist,1
18225.000,-0.068690,0.035906,0.079421,0.028911,0.096354,0.134956,-0.207784,-0.079470,Fist,1
18230.000,-0.115903,0.058187,-0.020065,-0.078123,-0.277112,-0.114588,0.058021,-0.055969,Fist,1
18235.000,0.082603,-0.222109,-0.021417,0.024785,0.142405,-0.010029,-0.027141,-0.146388,Fist,1
18240.000,0.076742,-0.129400,0.241492,0.009788,-0.105275,-0.090123,0.059005,0.032772,Fist,1
18245.000,-0.203293,-0.020221,-0.228329,0.021098,0.078140,0.104772,0.086769,0.040422,Fist,1
18250.000,0.215779,0.143894,-0.142613,-0.024901,0.189593,-0.131190,0.009915,0.142644,Fist,1
18255.000,-0.135858,0.253711,0.083747,-0.110205,-0.026338,0.007587,-0.191060,-0.077204,Fist,1
18260.000,-0.141516,-0.121917,0.028672,0.129405,0.023093,-0.053919,-0.059433,0.110329,Fist,1
18265.000,0.295928,-0.145056,0.120499,0.070991,-0.027669,0.055773,0.193163,0.192434,Fist,1
18270.000,-0.115923,-0.084452,-0.107846,0.034440,-0.250164,0.011475,0.233584,-0.446230,Fist,1
18275.000,0.006402,0.082270,0.132846,0.024608,0.022625,0.126341,-0.183948,0.011614,Fist,1
18280.000,0.033757,0.293427,-0.071617,-0.173337,0.043190,-0.002875,0.088766,0.120392,Fist,1
18285.000,0.045712,-0.130697,-0.149896,-0.160758,0.044151,-0.175691,-0.114301,-0.006830,Fist,1
18290.000,-0.048677,0.021947,0.007472,0.248599,-0.049913,0.187104,-0.116357,-0.036497,Fist,1
18295.000,-0.092104,-0.145511,0.196760,-0.031933,0.035524,-0.057120,0.010667,0.094049,Fist,1
18300.000,0.104885,0.000765,-0.040328,-0.010720,0.219473,-0.008714,-0.072506,0.021249,Fist,1
18305.000,-0.078519,-0.245421,-0.178982,-0.091173,-0.001723,-0.012280,0.256036,-0.125228,Fist,1
18310.000,0.170884,0.152609,0.306172,-0.018507,-0.007477,0.053131,0.085767,0.250444,Fist,1
18315.000,-0.264956,0.242053,-0.190394,-0.007503,-0.285972,-0.240565,-0.184640,-0.086744,Fist,1
18320.000,0.083875,-0.019405,0.098780,0.307550,-0.122712,0.161171,0.006186,-0.197689,Fist,1
18325.000,0.106448,-0.005745,-0.304044,-0.086572,0.167645,0.175320,-0.114747,-0.004755,Fist,1
18330.000,-0.075297,-0.026233,0.202142,-0.168032,0.043491,-0.108806,-0.160750,0.086593,Fist,1
18335.000,0.126572,-0.127768,0.303252,-0.018967,0.014970,-0.147940,0.349079,-0.044475,Fist,1
18340.000,-0.297585,0.028443,-0.268018,0.021873,0.061456,-0.099396,0.009443,0.237840,Fist,1
18345.000,0.225485,0.056512,-0.029984,-0.128616,0.169075,0.417391,0.006773,-0.013864,Fist,1
18350.000,-0.087085,-0.102663,-0.200843,0.205273,-0.196849,-0.133385,-0.141883,-0.225619,Fist,1
18355.000,0.055496,0.073735,0.162026,0.258460,0.038468,-0.039026,0.160724,-0.017309,Fist,1
18360.000,0.025959,-0.235822,0.072025,-0.168715,-0.106014,-0.078521,-0.234248,0.022180,Fist,1
18365.000,0.057096,0.237774,0.006555,-0.174371,-0.021199,-0.239734,-0.039367,0.052754,Fist,1
18370.000,0.018468,0.277992,0.197017,0.057302,0.084582,0.026102,0.022879,-0.097669,Fist,1
18375.000,0.061679,-0.227061,-0.203549,-0.074345,-0.130695,0.306099,0.335758,0.200221,Fist,1
18380.000,-0.206768,-0.094721,-0.159800,-0.044211,-0.037755,0.237101,-0.118014,-0.068366,Fist,1
18385.000,-0.193931,0.088043,-0.011349,0.089010,0.190966,-0.103246,-0.106309,0.092290,Fist,1
18390.000,-0.026968,-0.010548,-0.058685,-0.015856,0.088905,-0.189844,0.157943,-0.108052,Fist,1
18395.000,0.226040,-0.086321,0.174248,0.131009,-0.144162,-0.067090,-0.032249,-0.121770,Fist,1
18400.000,0.301484,0.168549,0.119789,-0.017665,0.220226,0.063521,-0.247460,0.211512,Fist,1
18405.000,-0.241786,-0.172256,0.064817,0.045777,-0.052573,-0.059918,-0.137915,-0.054777,Fist,1
18410.000,-0.221310,-0.223627,0.130209,-0.315904,-0.060952,-0.041734,0.200028,-0.005461,Fist,1
18415.000,0.092263,0.122243,-0.071078,0.163838,-0.331876,-0.009366,0.037328,-0.157562,Fist,1
18420.000,0.285756,0.291779,-0.225625,0.123261,0.086288,0.144240,0.165645,0.115031,Fist,1
18425.000,-0.120125,0.017703,-0.081266,-0.086045,0.177807,-0.012801,-0.006913,0.030730,Fist,1
18430.000,0.305242,0.136631,0.035093,-0.164500,-0.122865,-0.046991,0.126808,0.038426,Fist,1
18435.000,-0.484367,-0.193307,-0.216623,0.192063,0.107471,-0.225481,-0.237635,-0.113101,Fist,1
18440.000,-0.140860,-0.310352,0.412033,0.065604,0.162807,0.466598,0.028602,-0.109860,Fist,1
18445.000,0.108328,0.096179,-0.316381,0.084022,-0.356281,0.043807,-0.204878,0.052284,Fist,1
18450.000,0.116738,0.000726,0.254474,-0.121323,0.217384,-0.185319,-0.055652,0.091669,Fist,1
18455.000,0.295523,-0.111072,-0.237230,0.098211,0.181287,-0.143395,0.290814,0.294522,Fist,1
18460.000,-0.299427,0.126927,0.195286,-0.254105,-0.222485,0.059271,-0.082539,-0.022772,Fist,1
18465.000,-0.031958,0.592903,0.143608,0.030505,0.087441,0.028052,-0.018607,-0.301870,Fist,1
18470.000,-0.113888,-0.182150,-0.113615,-0.203587,-0.096582,-0.046739,0.081695,-0.033140,Fist,1
18475.000,0.402975,-0.384307,0.372485,0.087400,0.000958,-0.223732,0.141474,0.001015,Fist,1
18480.000,-0.173376,-0.295019,-0.567012,0.296975,-0.083068,0.097186,-0.158849,0.025585,Fist,1
18485.000,-0.084227,0.461069,-0.157910,0.045206,0.050846,0.451983,-0.042622,0.081916,Fist,1
18490.000,-0.211609,0.002652,0.192197,0.050586,-0.018848,-0.183678,-0.119255,-0.334978,Fist,1
18495.000,0.342066,-0.024367,0.087155,-0.356281,-0.172352,-0.115723,0.081119,0.432065,Fist,1
18500.000,0.117604,-0.168700,0.003801,0.170187,0.324622,-0.171492,0.061659,0.035376,Fist,1
18505.000,-0.299365,-0.116388,0.015793,-0.249606,0.220083,0.145226,-0.017706,-0.172870,Fist,1
18510.000,0.335139,0.197374,-0.053732,0.319523,-0.001731,0.053703,0.123629,0.016083,Fist,1
18515.000,-0.262722,0.207262,0.179200,-0.082060,-0.372378,-0.046505,-0.311936,0.031606,Fist,1
18520.000,0.089911,-0.134005,0.091537,0.087210,0.130931,-0.025299,0.232150,-0.026381,Fist,1
18525.000,-0.105548,-0.122633,-0.131194,0.173112,-0.277641,0.076320,0.128832,-0.084617,Fist,1
18530.000,-0.458838,0.211337,-0.334721,-0.296532,0.062608,0.309040,-0.002543,0.082632,Fist,1
18535.000,0.426834,0.069149,0.259126,-0.272605,0.130166,-0.362761,-0.150110,-0.018609,Fist,1
18540.000,0.155598,-0.419828,-0.040091,0.089438,-0.124725,-0.080585,-0.187944,0.239075,Fist,1
18545.000,-0.218025,0.070125,0.087139,0.431360,0.246823,-0.049257,0.117757,-0.204837,Fist,1
18550.000,-0.008540,0.020718,-0.192902,-0.116529,0.291335,-0.037282,-0.121434,0.028714,Fist,1
18555.000,0.124600,0.091461,0.079926,-0.038529,-0.430922,0.165005,-0.059811,-0.217314,Fist,1
18560.000,0.422455,0.174158,0.123806,-0.406058,-0.035820,0.210057,0.424778,-0.099689,Fist,1
18565.000,-0.099031,-0.023200,-0.161698,0.528109,-0.049165,-0.024896,0.201847,0.064045,Fist,1
18570.000,-0.160048,-0.036402,0.241192,0.064084,-0.024208,-0.310476,-0.325115,0.167114,Fist,1
18575.000,-0.174372,-0.113939,-0.072109,-0.319790,0.207436,0.145459,-0.238357,0.304694,Fist,1
18580.000,-0.305888,-0.192676,-0.264337,-0.069310,0.178272,0.116199,0.103721,-0.165425,Fist,1
18585.000,0.203251,0.334827,0.105343,0.052662,-0.103160,-0.310170,0.277284,0.055552,Fist,1
18590.000,-0.113347,-0.084660,0.205072,0.163714,-0.084807,0.240731,-0.201505,-0.054849,Fist,1
18595.000,0.317097,-0.419279,-0.001281,-0.152019,-0.096699,0.259036,0.006226,-0.032627,Fist,1
18600.000,-0.015273,0.325243,0.038239,-0.050149,-0.187838,-0.411772,-0.006433,-0.349104,Fist,1
18605.000,0.132821,-0.072529,-0.193590,0.163948,0.281559,0.157960,-0.254205,0.231401,Fist,1
18610.000,-0.106848,0.458771,-0.097177,0.027464,-0.331107,-0.100502,0.170686,0.081759,Fist,1
18615.000,-0.232483,0.219971,-0.058060,-0.006321,0.441310,-0.099354,0.122998,-0.124763,Fist,1
18620.000,0.213712,-0.140266,0.095472,-0.168768,-0.005929,0.146635,0.043245,0.003388,Fist,1
18625.000,-0.122597,-0.736619,0.353309,0.272382,0.085824,0.116112,-0.057798,0.199264,Fist,1
18630.000,0.058569,-0.114651,-0.322673,0.145296,-0.399579,-0.215856,0.135587,-0.274017,Fist,1
18635.000,-0.090652,0.230204,-0.071849,-0.303793,0.018030,0.150168,-0.168751,0.282113,Fist,1
18640.000,-0.156881,0.292612,0.022540,-0.110878,0.239209,-0.019571,0.028614,0.285912,Fist,1
18645.000,0.162961,-0.232156,0.241317,-0.250556,0.101380,0.214979,-0.223106,-0.692561,Fist,1
18650.000,0.176980,0.414677,0.207731,0.184168,-0.327509,-0.367947,-0.060260,0.322173,Fist,1
18655.000,0.088957,-0.201254,-0.503343,0.235978,-0.100693,-0.030325,0.296474,0.040413,Fist,1
18660.000,-0.061176,-0.325563,0.065491,0.079280,0.257510,-0.001479,0.190349,-0.333947,Fist,1
18665.000,0.103858,0.417540,-0.050962,-0.037698,0.028990,0.269939,-0.197674,0.276991,Fist,1
18670.000,-0.556571,-0.090405,0.176762,-0.240050,0.172626,-0.263345,-0.029536,0.113568,Fist,1
18675.000,0.215258,0.250105,0.279104,-0.055580,-0.195385,-0.018087,0.294668,-0.300042,Fist,1
18680.000,0.117716,-0.416392,-0.443543,0.312270,0.094221,0.512892,-0.532354,0.069743,Fist,1
18685.000,-0.014823,0.179819,0.173584,-0.078634,-0.104806,-0.007942,0.077405,0.212549,Fist,1
18690.000,-0.064828,0.044695,0.086567,0.060535,-0.105111,-0.437069,0.303101,0.097785,Fist,1
18695.000,0.019257,-0.072813,-0.098733,0.138680,-0.302138,0.100451,-0.289956,-0.247224,Fist,1
18700.000,0.135387,-0.215298,-0.096515,-0.039106,0.125569,0.142974,0.124578,-0.051396,Fist,1
18705.000,-0.019962,-0.030747,-0.199200,-0.328533,0.728704,-0.172774,0.005710,0.004614,Fist,1
18710.000,0.045407,-0.115281,0.228375,-0.018773,-0.317142,0.025881,0.140709,0.072835,Fist,1
18715.000,-0.005554,0.194049,0.037328,-0.293925,-0.189135,-0.465476,0.084035,0.190130,Fist,1
18720.000,-0.072948,0.037067,0.156143,0.337821,0.096075,0.360746,-0.227452,-0.217270,Fist,1
18725.000,-0.020588,0.308174,-0.335023,0.213269,0.063386,0.150253,0.271090,-0.095143,Fist,1
18730.000,-0.003345,0.348815,0.227639,0.101786,-0.169241,0.348357,-0.533411,0.065878,Fist,1
18735.000,-0.199373,-0.382843,0.309677,-0.234536,0.015307,-0.219622,0.039732,0.003840,Fist,1
18740.000,0.080095,-0.318760,-0.117684,0.027408,-0.045303,-0.240216,0.177145,0.035819,Fist,1
18745.000,-0.020363,-0.110197,-0.266898,0.133406,-0.019541,-0.040030,-0.113768,0.327504,Fist,1
18750.000,0.183288,0.297644,-0.308610,0.084068,0.159742,-0.038080,0.438661,-0.037875,Fist,1
18755.000,0.051455,-0.205481,0.223487,-0.223236,-0.155865,0.319059,-0.445861,-0.619029,Fist,1
18760.000,-0.046375,0.330766,0.073989,-0.146456,0.007494,-0.085104,0.356864,0.242625,Fist,1
18765.000,-0.086087,-0.311831,-0.060125,-0.108503,0.203746,-0.244305,-0.034648,0.208787,Fist,1
18770.000,-0.046615,0.113905,-0.193576,-0.016972,-0.009516,0.202464,-0.070536,-0.307565,Fist,1
18775.000,0.143567,-0.128339,0.340246,0.335372,-0.205695,-0.172428,0.046641,0.187415,Fist,1
18780.000,0.065278,0.316805,0.428323,-0.077716,0.129534,0.023534,-0.205187,0.098485,Fist,1
18785.000,-0.345414,-0.044112,-0.027793,0.073665,0.131736,-0.024592,-0.007974,0.291494,Fist,1
18790.000,0.257184,-0.286370,-0.483453,-0.108239,-0.170440,0.402279,0.225728,-0.161196,Fist,1
18795.000,-0.134540,0.357410,-0.120862,0.259105,-0.035449,-0.206343,0.026852,-0.593729,Fist,1
18800.000,0.358635,-0.451572,0.002980,0.148235,-0.045109,-0.104861,-0.307460,-0.015183,Fist,1
18805.000,0.058776,0.100493,0.120234,-0.111047,-0.113761,0.298914,0.215630,0.494468,Fist,1
18810.000,-0.393257,0.075129,-0.034142,-0.589145,0.470653,-0.350025,-0.199080,0.145432,Fist,1
18815.000,-0.573309,0.163614,-0.148178,-0.160877,0.092649,-0.241765,-0.021113,-0.063693,Fist,1
18820.000,0.748420,0.265799,-0.041275,0.571292,-0.372939,0.575002,0.383875,-0.322351,Fist,1
18825.000,-0.152059,-0.522518,0.442634,0.063644,0.119154,-0.214712,-0.198232,0.094394,Fist,1
18830.000,0.330350,0.259640,0.039166,-0.300874,-0.374848,0.064814,-0.140584,0.021921,Fist,1
18835.000,-0.242808,0.171898,-0.022107,-0.085232,0.103335,0.120051,-0.168844,0.040249,Fist,1
18840.000,-0.153348,-0.387863,0.337343,0.458628,0.134676,-0.550340,-0.011016,0.108430,Fist,1
18845.000,0.276807,-0.065968,-0.825718,0.277938,0.081165,0.145412,0.355594,0.001354,Fist,1
18850.000,-0.224566,0.222337,0.134135,-0.377066,-0.076307,0.381825,0.081364,-0.097627,Fist,1
18855.000,-0.318265,-0.173693,0.254999,0.108874,-0.407670,-0.145919,0.333575,-0.378557,Fist,1
18860.000,0.113416,-0.035272,-0.267921,-0.457543,0.655660,-0.168615,0.095189,0.336251,Fist,1
18865.000,0.269746,0.373123,-0.039952,-0.000359,0.106700,0.314717,-0.582733,-0.050528,Fist,1
18870.000,0.735602,0.081599,0.071792,0.365975,-0.451106,-0.300984,-0.551069,0.099584,Fist,1
18875.000,-0.560088,-0.158922,0.278207,-0.385344,0.165045,-0.047334,0.283066,0.304963,Fist,1
18880.000,-0.278675,-0.118709,-0.438129,-0.095460,0.232510,0.333460,0.173139,0.010535,Fist,1
18885.000,-0.061109,-0.277478,0.283356,0.269550,-0.398296,-0.155436,0.291194,-0.646953,Fist,1
18890.000,-0.409359,0.222934,0.276802,0.254403,-0.169499,0.018458,-0.073156,0.170402,Fist,1
18895.000,0.716722,-0.197221,-0.311804,0.096343,0.283972,-0.300724,-0.087167,0.139985,Fist,1
18900.000,-0.169071,0.537109,0.077213,-0.328351,0.273444,0.340213,-0.137377,-0.022355,Fist,1
18905.000,0.420076,-0.247337,0.089670,0.119077,0.021610,0.030004,0.183654,-0.298297,Fist,1
18910.000,-0.319617,-0.130748,0.114279,0.015042,-0.222726,-0.217790,-0.122979,0.235108,Fist,1
18915.000,-0.221854,0.355680,-0.377381,0.037673,-0.414768,0.264307,0.390424,-0.026412,Fist,1
18920.000,-0.309714,-0.287724,0.383858,0.237008,0.204270,-0.057966,-0.459190,0.493965,Fist,1
18925.000,0.427480,-0.105098,-0.073096,-0.387050,0.078058,0.182288,0.179567,0.090286,Fist,1
18930.000,-0.064125,0.068267,-0.405745,-0.335375,0.202327,-0.395355,-0.058932,-0.337281,Fist,1
18935.000,0.575244,0.157734,-0.331810,0.258387,-0.244605,-0.239858,0.252437,-0.279419,Fist,1
18940.000,-0.074770,-0.200512,0.274353,-0.054127,0.283746,0.092219,-0.621159,-0.222359,Fist,1
18945.000,-0.442152,0.230495,0.950000,-0.165347,-0.176420,0.376032,-0.112596,-0.005999,Fist,1
18950.000,-0.243764,-0.360584,-0.499100,0.710683,-0.209578,-0.048185,0.333449,0.309037,Fist,1
18955.000,0.253394,0.309996,-0.363029,-0.142053,0.469489,0.103444,0.278754,0.189447,Fist,1
18960.000,-0.104410,0.164013,0.256711,-0.503510,0.086240,0.070006,0.237607,0.068855,Fist,1
18965.000,0.047117,-0.132348,0.214228,0.283303,-0.378622,-0.156658,-0.112744,-0.049800,Fist,1
18970.000,0.029750,-0.518276,-0.278117,0.491374,-0.147611,0.010325,-0.455380,-0.091602,Fist,1
18975.000,0.083359,0.399706,-0.169677,-0.459392,-0.024481,-0.300775,0.378705,0.195300,Fist,1
18980.000,-0.085956,0.095053,0.125660,0.084999,0.264872,-0.268398,0.030057,-0.466777,Fist,1
18985.000,-0.036178,0.279096,-0.173661,-0.160304,-0.196166,0.369408,-0.241210,0.050933,Fist,1
18990.000,-0.060365,-0.258900,0.183118,-0.274464,0.236461,0.448089,-0.290606,-0.003350,Fist,1
18995.000,0.338995,-0.131955,0.187400,0.073125,-0.215880,-0.061277,-0.005346,0.296696,Fist,1
19000.000,0.186033,-0.265284,-0.151920,0.021928,0.185009,-0.293049,0.219504,-0.358420,Fist,1
19005.000,-0.364446,0.081180,0.088973,0.319121,0.171303,0.329590,0.134515,0.205241,Fist,1
19010.000,0.271104,0.312473,-0.054661,-0.169257,-0.099016,-0.338180,0.458284,0.188595,Fist,1
19015.000,-0.586381,0.197726,0.143685,0.085098,-0.220813,-0.372677,-0.507397,-0.076857,Fist,1
19020.000,-0.133190,-0.164527,-0.153102,0.141034,-0.197611,0.116522,0.269467,-0.438129,Fist,1
19025.000,0.262771,-0.467381,0.123042,-0.123562,0.247305,0.095779,-0.331688,0.357661,Fist,1
19030.000,0.451674,0.369751,-0.290520,0.192920,0.054859,0.086708,0.008198,0.381626,Fist,1
19035.000,-0.338141,-0.395291,0.246569,0.033330,0.350369,0.464177,0.063673,-0.228200,Fist,1
19040.000,-0.452092,0.220970,-0.290122,-0.420675,-0.545692,0.021503,-0.045547,0.029482,Fist,1
19045.000,0.738851,0.139477,0.084051,-0.313193,0.265497,-0.619196,-0.210949,-0.094174,Fist,1
19050.000,0.052734,0.344654,0.280216,0.165920,0.041215,0.290502,0.149841,-0.587951,Fist,1
19055.000,-0.298789,-0.466571,-0.363592,0.646494,-0.119060,0.091194,0.192889,0.012505,Fist,1
19060.000,0.672083,0.468622,0.199456,-0.035593,-0.191315,-0.218693,0.239672,0.395656,Fist,1
19065.000,-0.307649,0.114967,-0.187884,-0.206105,-0.084624,0.272642,-0.187554,0.255333,Fist,1
19070.000,-0.867169,-0.445032,0.324494,0.096840,0.197264,-0.150284,-0.135998,0.294299,Fist,1
19075.000,-0.081821,-0.313421,0.095691,-0.363323,0.294488,-0.511382,-0.140762,-0.447762,Fist,1
19080.000,0.487512,0.082016,0.021876,-0.522507,-0.189805,0.095986,0.032156,-0.000909,Fist,1
19085.000,0.046854,0.058253,-0.093835,0.644096,0.107749,0.301416,0.121248,0.140844,Fist,1
19090.000,0.237944,0.384023,-0.315149,-0.064917,-0.236079,0.168290,0.354577,-0.331258,Fist,1
19095.000,-0.007091,-0.123153,-0.233267,0.300593,0.050107,0.108351,-0.466498,-0.034747,Fist,1
19100.000,-0.040188,-0.671857,0.128054,0.261476,-0.114198,0.170109,0.145259,-0.083723,Fist,1
19105.000,-0.154021,0.708729,0.430038,-0.095997,0.401014,0.067718,-0.434000,0.477990,Fist,1
19110.000,0.267874,0.123018,0.274227,-0.449910,-0.338114,-0.436764,0.539961,-0.244756,Fist,1
19115.000,0.048578,-0.039398,-0.358350,0.044160,0.118050,-0.381064,-0.104114,0.129025,Fist,1
19120.000,-0.613493,-0.511088,-0.001837,-0.292124,0.275211,-0.436322,0.271502,-0.046426,Fist,1
19125.000,0.006765,0.216443,-0.395399,-0.135452,-0.314173,0.432717,-0.400033,-0.277596,Fist,1
19130.000,0.176275,0.039511,0.161087,0.484055,-0.221715,0.914620,-0.093928,0.432009,Fist,1
19135.000,0.089352,0.160271,-0.092951,0.010472,-0.046687,0.106524,0.290206,0.070335,Fist,1
19140.000,0.283288,-0.239610,0.282113,0.119649,0.133932,-0.479797,-0.046505,-0.077515,Fist,1
19145.000,-0.422537,0.302124,-0.396321,0.216608,0.059109,-0.426017,-0.425993,-0.235425,Fist,1
19150.000,0.239661,-0.255324,0.422997,-0.183266,0.294759,0.176718,0.445765,0.101670,Fist,1
19155.000,0.149995,0.318008,0.258886,-0.345962,0.160380,-0.048475,-0.029586,-0.061397,Fist,1
19160.000,-0.425869,-0.069235,0.407518,0.078358,-0.134471,0.016843,0.021353,-0.234462,Fist,1
19165.000,0.812635,-0.583013,-0.563703,0.269762,-0.183209,-0.281584,-0.069017,0.026412,Fist,1
19170.000,-0.271739,0.080334,-0.451674,-0.175434,-0.071980,0.429738,0.231365,0.081449,Fist,1
19175.000,-0.752446,0.263248,0.199694,0.145455,-0.321137,0.500285,0.014792,0.308394,Fist,1
19180.000,-0.054454,0.220929,-0.341358,-0.076773,0.114032,-0.424037,-0.775667,0.244938,Fist,1
19185.000,0.235383,0.049738,0.494788,-0.605799,-0.083564,-0.076838,0.535303,-0.235604,Fist,1
19190.000,0.188514,-0.057794,-0.380066,0.313582,0.750123,-0.261932,0.059942,-0.444838,Fist,1
19195.000,0.239791,-0.158172,0.313692,0.440913,-0.237820,0.062593,-0.091071,0.247494,Fist,1
19200.000,-0.014786,0.069973,0.428679,-0.207446,-0.182413,0.258835,0.261824,-0.156323,Fist,1
19205.000,0.656616,-0.327490,-0.334032,-0.145843,-0.022279,-0.222987,-0.707418,-0.174131,Fist,1
19210.000,-0.669734,-0.201153,0.213448,0.376476,-0.198491,-0.022435,0.606734,0.365443,Fist,1
19215.000,-0.397255,0.248414,-0.322527,-0.245993,0.277003,0.261851,0.343542,0.124358,Fist,1
19220.000,-0.168565,0.797418,-0.189243,0.227986,-0.220997,0.086738,-0.668537,0.405814,Fist,1
19225.000,0.219817,-0.172789,-0.021175,-0.378611,0.047620,-0.203068,-0.038837,-0.350661,Fist,1
19230.000,0.001408,-0.430731,-0.203780,-0.017819,0.512013,0.203683,0.431482,-0.206602,Fist,1
19235.000,0.173662,-0.055323,0.230489,0.321821,-0.015656,-0.095862,-0.302879,-0.217865,Fist,1
19240.000,0.269757,-0.149850,0.412070,-0.096846,-0.667455,-0.153170,0.023463,0.058874,Fist,1
19245.000,0.251649,0.119039,0.218193,-0.094742,0.210365,-0.339487,0.479496,0.063186,Fist,1
19250.000,-0.495662,-0.063639,-0.118535,-0.246320,-0.031872,0.326488,-0.578183,0.389008,Fist,1
19255.000,-0.356690,0.313344,-0.237402,0.309233,-0.147151,0.389573,0.213227,-0.024276,Fist,1
19260.000,0.264212,-0.168542,-0.662032,0.426403,0.153432,-0.450075,-0.416040,-0.234203,Fist,1
19265.000,0.000000,0.000000,0.000000,-0.000000,0.000000,-0.000000,0.000000,-0.000000,ThumbUp,6
19270.000,-0.000003,-0.000003,-0.000001,0.000003,-0.000002,0.000003,-0.000014,0.000035,ThumbUp,6
19275.000,-0.000002,-0.000010,-0.000011,0.000001,-0.000010,-0.000006,-0.000045,0.000031,ThumbUp,6
19280.000,0.000039,0.000070,0.000006,-0.000061,0.000065,-0.000001,0.000401,0.000007,ThumbUp,6
19285.000,-0.000032,0.000095,-0.000001,0.000040,-0.000026,0.000072,-0.000415,-0.000214,ThumbUp,6
19290.000,0.000005,-0.000073,-0.000037,0.000143,-0.000164,-0.000186,-0.000711,-0.000886,ThumbUp,6
19295.000,0.000090,-0.000359,0.000243,-0.000146,0.000055,0.000178,0.000438,0.000818,ThumbUp,6
19300.000,-0.000258,0.000092,0.000079,0.000094,-0.000047,-0.000112,0.001175,-0.000253,ThumbUp,6
19305.000,0.000143,0.000101,-0.000211,-0.000356,0.000480,-0.000302,-0.001827,0.003091,ThumbUp,6
19310.000,-0.000433,-0.000027,-0.000237,0.000296,-0.000130,0.000360,-0.000360,-0.005098,ThumbUp,6
19315.000,0.000301,0.000023,-0.000077,0.000042,0.000128,-0.000023,0.005268,0.001156,ThumbUp,6
19320.000,0.000626,-0.000083,-0.000300,-0.000292,0.000038,0.000363,-0.002734,0.003969,ThumbUp,6
19325.000,-0.000509,0.000088,0.000584,0.000856,-0.001047,0.000170,0.004468,-0.002316,ThumbUp,6
19330.000,0.000962,-0.000041,-0.000214,-0.000504,-0.000292,-0.000136,-0.001526,-0.001435,ThumbUp,6
19335.000,-0.000151,0.000366,0.000023,0.000195,0.000906,-0.000675,-0.006733,0.004982,ThumbUp,6
19340.000,-0.000309,0.000488,0.001279,-0.000179,0.000167,0.000336,-0.005545,-0.013898,ThumbUp,6
19345.000,-0.001978,-0.000507,-0.001286,-0.000911,-0.000470,-0.000632,0.011427,0.003306,ThumbUp,6
19350.000,-0.001231,0.000076,0.000947,0.000315,0.000308,0.000192,-0.006494,0.029583,ThumbUp,6
19355.000,0.002681,0.001147,-0.001304,0.002012,0.000423,0.000447,-0.017182,-0.021248,ThumbUp,6
19360.000,0.001971,-0.000909,0.000347,-0.000819,0.000730,0.002039,0.011474,-0.001485,ThumbUp,6
19365.000,-0.001208,-0.001775,-0.000272,-0.001149,-0.001887,-0.001637,0.021995,-0.002402,ThumbUp,6
19370.000,0.000269,-0.000231,-0.000030,-0.001314,0.002881,-0.001916,-0.013554,0.001400,ThumbUp,6
19375.000,-0.001245,0.000529,0.002624,0.000819,-0.000826,-0.000323,-0.008536,0.006799,ThumbUp,6
19380.000,0.000223,0.000391,-0.003299,0.000651,-0.002365,0.000300,0.036841,0.003180,ThumbUp,6
19385.000,0.001068,0.000296,-0.002669,-0.001418,-0.001674,0.002448,-0.002763,-0.032138,ThumbUp,6
19390.000,-0.000335,0.000708,0.004660,0.001591,0.001667,-0.001277,-0.009595,0.015265,ThumbUp,6
19395.000,-0.004521,0.001460,0.002449,0.003135,-0.002603,0.002147,-0.019963,-0.034069,ThumbUp,6
19400.000,0.001426,-0.003711,-0.000897,-0.000687,0.002029,-0.002795,-0.036266,0.041564,ThumbUp,6
19405.000,0.001744,0.003903,-0.000566,-0.003520,0.005048,0.000916,-0.012728,0.051293,ThumbUp,6
19410.000,0.006074,0.000821,-0.001740,0.000089,0.001976,0.001090,0.062103,-0.024134,ThumbUp,6
19415.000,-0.000969,-0.004053,-0.005072,0.004357,-0.001748,-0.002709,0.045136,-0.013390,ThumbUp,6
19420.000,-0.010369,-0.003616,-0.001238,-0.000607,-0.004611,0.002582,-0.038279,-0.065919,ThumbUp,6
19425.000,0.005471,0.007154,0.004148,-0.004520,0.001363,-0.001766,-0.052616,0.039087,ThumbUp,6
19430.000,0.000615,-0.004313,0.007264,-0.003610,-0.001582,0.003528,0.078209,-0.001834,ThumbUp,6
19435.000,0.000069,0.007056,-0.002538,0.005058,0.001223,0.001279,-0.024308,0.029798,ThumbUp,6
19440.000,0.003107,-0.001086,0.001297,-0.001414,-0.003076,-0.003940,-0.059012,0.042902,ThumbUp,6
19445.000,-0.000568,-0.007196,0.002852,0.003884,-0.004240,-0.000623,0.061573,-0.091594,ThumbUp,6
19450.000,-0.006449,-0.003512,-0.008266,-0.002312,0.008678,-0.000502,-0.008825,-0.023826,ThumbUp,6
19455.000,-0.001940,0.004123,-0.004897,-0.002927,0.006882,-0.002635,0.034823,0.147716,ThumbUp,6
19460.000,0.001490,0.003822,-0.002659,0.009324,-0.008328,0.005341,-0.080789,-0.033800,ThumbUp,6
19465.000,0.007362,-0.007170,0.007533,-0.001421,0.000286,-0.001171,-0.039711,-0.103025,ThumbUp,6
19470.000,-0.000680,0.011006,0.003346,-0.010606,-0.005323,-0.009177,0.027946,0.010921,ThumbUp,6
19475.000,0.001805,-0.006331,0.002139,0.003488,0.003992,0.010528,-0.017732,-0.072118,ThumbUp,6
19480.000,-0.000375,0.003918,0.001701,0.001772,-0.000666,0.001572,0.096803,0.161526,ThumbUp,6
19485.000,-0.009188,-0.002831,-0.003172,0.002374,0.002277,-0.000884,0.085644,0.008103,ThumbUp,6
19490.000,0.001567,0.007470,-0.005745,-0.002084,0.004085,-0.007732,-0.012493,-0.011649,ThumbUp,6
19495.000,0.007489,-0.001104,-0.000345,0.002965,0.000195,0.014645,-0.211221,-0.019269,ThumbUp,6
19500.000,0.003532,-0.007422,-0.001454,0.004685,-0.005352,-0.007346,0.040954,-0.203359,ThumbUp,6
19505.000,-0.006085,-0.000486,0.008054,-0.016948,-0.006201,-0.013111,0.063509,0.236416,ThumbUp,6
19510.000,-0.011494,-0.004485,-0.004607,0.007855,0.012681,0.010437,0.169489,0.045851,ThumbUp,6
19515.000,0.004631,0.003954,0.000913,0.005455,-0.001663,0.002528,-0.198417,-0.095501,ThumbUp,6
19520.000,0.000473,0.005867,0.011788,-0.007401,-0.005395,0.001980,0.061439,-0.054951,ThumbUp,6
19525.000,0.010661,-0.011820,-0.013452,-0.001478,-0.000118,-0.005440,0.008940,-0.043434,ThumbUp,6
19530.000,-0.002002,0.008004,-0.005170,0.014936,-0.005883,0.005556,-0.153111,0.059727,ThumbUp,6
19535.000,0.001594,0.002593,0.007352,-0.008349,0.002024,-0.002888,0.022012,-0.000742,ThumbUp,6
19540.000,-0.013696,-0.003316,0.013089,-0.006698,0.002985,-0.001307,0.084149,0.056647,ThumbUp,6
19545.000,0.002699,0.001706,-0.023103,0.005399,0.002222,0.005006,0.033950,-0.031867,ThumbUp,6
19550.000,0.016775,-0.005895,0.009592,0.016526,0.008534,-0.009513,-0.200932,0.108131,ThumbUp,6
19555.000,-0.002191,0.012013,0.004440,-0.009638,0.006741,0.000222,0.194996,-0.211916,ThumbUp,6
19560.000,0.006729,-0.000748,-0.004553,-0.024582,-0.015295,0.007242,0.011136,0.005391,ThumbUp,6
19565.000,-0.036789,-0.010508,0.004100,-0.005419,-0.012969,-0.009674,0.331135,0.259353,ThumbUp,6
19570.000,0.008677,-0.004362,-0.001125,0.020281,0.006342,0.001236,-0.136501,-0.168735,ThumbUp,6
19575.000,0.013682,0.015141,-0.002543,0.020659,-0.015971,0.004741,-0.261652,0.038822,ThumbUp,6
19580.000,0.002379,0.005546,-0.005616,-0.003757,0.030815,0.005579,-0.286579,-0.058464,ThumbUp,6
19585.000,0.013255,-0.006413,0.008952,-0.012095,0.015733,0.010608,-0.064190,-0.053167,ThumbUp,6
19590.000,-0.016195,-0.007641,-0.018125,-0.004531,-0.015341,-0.004462,0.246779,0.155367,ThumbUp,6
19595.000,-0.022062,-0.012695,0.007964,-0.023898,-0.008205,-0.018587,0.267925,-0.041623,ThumbUp,6
19600.000,0.025100,-0.002105,0.008444,0.017284,-0.012338,0.002687,0.173377,-0.203852,ThumbUp,6
19605.000,0.010546,0.011332,0.013169,0.015599,0.007556,0.000302,0.093204,0.209477,ThumbUp,6
19610.000,-0.021983,0.003477,-0.019525,0.010828,0.001556,-0.013851,-0.259907,0.003846,ThumbUp,6
19615.000,-0.009807,0.011052,0.014969,-0.004687,0.016304,0.022779,-0.438474,0.156400,ThumbUp,6
19620.000,0.016737,0.012849,-0.005180,-0.005173,-0.000210,0.013243,-0.223511,0.021973,ThumbUp,6
19625.000,0.022011,-0.010804,-0.004912,0.000755,-0.011996,-0.028476,0.390086,-0.268478,ThumbUp,6
19630.000,-0.006252,-0.004943,-0.003982,-0.013314,-0.031291,0.026916,0.531168,-0.231496,ThumbUp,6
19635.000,-0.026695,-0.022386,0.001147,-0.001430,0.003992,-0.016085,-0.133381,-0.117184,ThumbUp,6
19640.000,-0.000321,0.003242,0.016920,-0.009479,0.024968,-0.024447,-0.288352,0.363949,ThumbUp,6
19645.000,0.032645,0.023524,-0.019116,-0.008394,0.009263,0.034993,-0.070246,0.028776,ThumbUp,6
19650.000,-0.009560,-0.013168,0.003390,0.023040,0.011940,0.004166,-0.042353,0.469816,ThumbUp,6
19655.000,-0.018173,-0.005836,-0.005972,-0.002405,-0.000510,-0.011305,0.036487,-0.197506,ThumbUp,6
19660.000,-0.007562,0.014878,-0.016157,0.002227,0.005638,-0.008505,0.469551,-0.402278,ThumbUp,6
19665.000,0.002532,-0.012758,0.028704,0.040795,-0.034674,0.020259,-0.115140,0.049905,ThumbUp,6
19670.000,0.003877,0.020932,-0.004440,-0.003448,0.003095,-0.031159,-0.673280,-0.189419,ThumbUp,6
19675.000,0.007498,-0.025323,0.020456,-0.037167,0.000910,0.021653,-0.060430,0.073369,ThumbUp,6
19680.000,0.002928,0.006602,-0.007962,-0.023163,-0.020162,-0.016177,0.537546,0.080608,ThumbUp,6
19685.000,-0.003111,0.004368,-0.006053,-0.008162,0.015696,-0.020185,0.222936,0.505404,ThumbUp,6
19690.000,0.017749,0.003452,0.001515,0.037011,-0.016021,0.024973,0.001001,-0.000888,ThumbUp,6
19695.000,-0.008674,0.001826,-0.049569,0.005292,0.023712,0.007432,-0.049280,-0.175396,ThumbUp,6
19700.000,0.003352,-0.007142,0.024374,-0.014415,0.031209,0.023134,-0.548306,-0.263174,ThumbUp,6
19705.000,-0.003957,0.019748,0.013724,0.003421,-0.002807,0.000295,0.364246,-0.163562,ThumbUp,6
19710.000,-0.016031,-0.036544,0.044679,-0.009199,0.002075,-0.016630,-0.172769,0.065189,ThumbUp,6
19715.000,-0.002196,0.002704,-0.032104,0.008127,-0.046683,-0.024039,0.058703,-0.313584,ThumbUp,6
19720.000,-0.007098,0.012824,-0.035213,0.016833,-0.004360,0.035687,0.037118,0.512594,ThumbUp,6
19725.000,0.033470,0.029608,0.052640,0.001056,0.019667,-0.011136,0.088740,0.042602,ThumbUp,6
19730.000,-0.008669,-0.025795,-0.042163,-0.016415,-0.001730,-0.042715,-0.321362,0.069942,ThumbUp,6
19735.000,0.005068,0.001715,-0.017106,0.028709,0.002199,0.020659,0.410309,0.133033,ThumbUp,6
19740.000,-0.044005,-0.015644,0.027422,-0.043027,0.008972,0.027695,0.136030,-0.249069,ThumbUp,6
19745.000,0.007668,0.008501,0.030083,-0.032795,0.008841,-0.008717,-0.270531,-0.189734,ThumbUp,6
19750.000,0.027655,0.004202,0.001340,0.038052,0.008019,-0.021655,0.416437,-0.098125,ThumbUp,6
19755.000,0.016661,-0.008119,-0.030426,0.026908,-0.040030,0.017214,-0.847705,0.302885,ThumbUp,6
19760.000,0.029799,-0.006802,-0.000056,0.004740,0.004543,0.002800,0.147015,-0.352952,ThumbUp,6
19765.000,-0.023170,0.000933,0.002403,-0.011167,0.021476,-0.006700,0.107354,0.273648,ThumbUp,6
19770.000,-0.066529,0.065068,0.015333,0.001173,-0.039616,-0.001943,0.342425,0.313778,ThumbUp,6
19775.000,0.027848,-0.015853,-0.025846,-0.004686,0.025201,-0.044045,-0.226902,-0.141894,ThumbUp,6
19780.000,0.005243,-0.008584,-0.017327,-0.030963,0.010481,0.083287,0.368960,0.068583,ThumbUp,6
19785.000,-0.044874,-0.083120,0.015209,0.022568,0.006771,0.031330,-0.171945,-0.076326,ThumbUp,6
19790.000,0.037007,0.022188,0.030847,-0.013380,-0.011531,-0.039534,-0.055431,-0.166063,ThumbUp,6
19795.000,0.023153,0.015556,0.012122,0.013151,-0.005682,-0.027220,-0.441679,-0.103857,ThumbUp,6
19800.000,0.041274,0.013199,-0.047865,-0.005643,0.017555,-0.016379,0.040388,0.048982,ThumbUp,6
19805.000,-0.005124,0.035870,0.021174,0.016361,-0.007734,-0.034113,0.355798,-0.060052,ThumbUp,6
19810.000,-0.027919,0.000681,-0.001882,-0.000691,-0.007477,0.008952,0.106800,-0.199692,ThumbUp,6
19815.000,-0.051655,-0.015094,-0.029786,0.000446,0.009748,0.008150,-0.038728,0.170444,ThumbUp,6
19820.000,0.006770,-0.020457,0.028443,-0.000658,-0.002897,0.042212,-0.132681,0.202856,ThumbUp,6
19825.000,0.042624,0.017177,0.049928,-0.024764,0.013274,0.036965,0.154681,0.201715,ThumbUp,6
19830.000,0.003785,-0.022353,0.003496,0.003136,-0.056802,0.018902,-0.259918,0.348222,ThumbUp,6
19835.000,-0.051455,-0.005163,-0.082998,0.047853,0.015319,-0.033070,0.079591,-0.839794,ThumbUp,6
19840.000,0.012414,-0.016565,0.001691,-0.051763,0.005104,-0.049938,0.088809,-0.184488,ThumbUp,6
19845.000,0.056080,0.015075,-0.018714,-0.006629,0.056525,-0.005907,-0.045336,0.447759,ThumbUp,6
19850.000,-0.037619,0.002554,0.066400,0.001273,-0.007262,-0.009383,0.270254,0.222762,ThumbUp,6
19855.000,0.003554,0.045182,0.001280,0.025597,-0.039388,0.045148,-0.671224,0.171411,ThumbUp,6
19860.000,-0.009928,-0.024716,-0.033027,0.034317,0.015796,-0.015895,-0.181062,-0.548539,ThumbUp,6
19865.000,0.021434,0.017396,0.031097,-0.003138,-0.015919,0.011088,0.820091,0.298485,ThumbUp,6
19870.000,-0.027525,-0.020724,-0.020368,-0.012376,0.000763,-0.047444,0.122732,-0.304657,ThumbUp,6
19875.000,0.006424,0.004505,0.020094,-0.037963,0.017752,0.051221,-0.442055,0.067233,ThumbUp,6
19880.000,0.051470,-0.012745,-0.021328,0.002039,0.005330,0.013276,0.950000,-0.015929,ThumbUp,6
19885.000,-0.043160,-0.002395,0.001282,-0.033007,-0.028890,-0.015771,-0.432083,-0.557622,ThumbUp,6
19890.000,-0.014890,0.007850,-0.001877,0.042238,-0.007609,0.032661,-0.828770,0.734897,ThumbUp,6
19895.000,-0.023124,-0.012451,-0.040840,0.011919,-0.007474,-0.056135,-0.223292,0.095699,ThumbUp,6
19900.000,0.042551,0.023640,0.081956,0.004267,0.050260,0.006488,0.015551,0.139957,ThumbUp,6
19905.000,-0.017325,-0.043060,-0.002184,-0.004799,0.006854,-0.021956,0.398350,0.119654,ThumbUp,6
19910.000,0.041657,0.024822,-0.049394,-0.011264,-0.000970,0.027236,0.283533,-0.444078,ThumbUp,6
19915.000,-0.007504,0.056919,-0.001755,0.003260,-0.052559,-0.004303,0.304935,-0.169682,ThumbUp,6
19920.000,-0.012135,-0.020667,0.011016,0.029685,0.031691,0.027392,-0.387795,0.211071,ThumbUp,6
19925.000,0.003063,-0.050642,-0.000814,-0.002866,-0.029061,0.021394,0.272757,-0.216402,ThumbUp,6
19930.000,-0.037341,0.019746,0.023266,-0.034917,0.013739,-0.020169,-0.013466,0.115763,ThumbUp,6
19935.000,-0.020201,-0.030081,-0.027332,-0.009181,0.026361,-0.042516,-0.211847,-0.034463,ThumbUp,6
19940.000,0.053867,0.003583,-0.017848,-0.008691,-0.019060,-0.015866,-0.682852,0.004575,ThumbUp,6
19945.000,0.018716,0.021401,0.031542,0.029146,0.000760,0.031073,0.733829,0.771245,ThumbUp,6
19950.000,-0.005598,0.052428,-0.001356,0.005378,0.045280,0.006804,0.023175,-0.448854,ThumbUp,6
19955.000,-0.022262,-0.028569,-0.001575,-0.014012,-0.022034,0.012043,-0.028076,-0.901001,ThumbUp,6
19960.000,-0.019473,-0.034603,0.042424,0.027444,-0.024026,-0.029120,-0.173870,-0.015498,ThumbUp,6
19965.000,0.002209,0.015195,-0.016890,-0.012102,-0.046423,0.041913,-0.049284,0.836824,ThumbUp,6
19970.000,0.026296,-0.042699,-0.069631,-0.041260,-0.002884,0.010686,0.210871,0.511086,ThumbUp,6
19975.000,0.000403,0.047980,0.029506,0.029744,0.028277,-0.012642,-0.049848,-0.339743,ThumbUp,6
19980.000,0.022981,0.035750,0.038428,0.009958,0.017452,-0.023540,0.029268,-0.418684,ThumbUp,6
19985.000,-0.029120,-0.013081,-0.036855,0.008838,0.056221,-0.007520,0.121149,0.066514,ThumbUp,6
19990.000,-0.035369,0.009313,0.003297,-0.037169,-0.003268,-0.039685,0.050214,-0.607517,ThumbUp,6
19995.000,0.033881,-0.064936,0.070347,0.041700,-0.026728,-0.001697,0.110810,0.398275,ThumbUp,6
