# FORMAT_VERSION,1.0
# SAMPLE_RATE_HZ,200
# NUM_CHANNELS,8
# SUBJECT_ID,SYNTH_001
# GESTURE_LABELS,rest,fist,open_hand,pinch,point,thumbs_up,peace,ok
# DURATION_S,10.0
# NOTES,Synthetic data generated for unit testing
timestamp_ms,ch0,ch1,ch2,ch3,ch4,ch5,ch6,ch7,gesture_label,gesture_id
0.0,0.000000,-0.000000,0.000000,0.000000,-0.000000,-0.000000,0.000000,-0.000000,rest,0
5.0,-0.000009,-0.000462,0.000476,0.000421,0.000036,0.000611,0.000253,-0.000466,rest,0
10.0,0.000778,-0.002022,0.001852,-0.000105,-0.000390,-0.001436,0.002578,-0.000326,rest,0
15.0,-0.001941,-0.001595,0.002412,0.001656,0.001870,0.001952,0.009703,-0.001841,rest,0
20.0,-0.003865,-0.006140,0.004648,0.008518,-0.000860,-0.006339,-0.006221,0.004909,rest,0
25.0,0.008046,0.005880,-0.007205,0.002513,0.001263,0.002367,0.009434,0.002421,rest,0
30.0,0.009516,0.000947,0.004053,0.008849,-0.020425,-0.004481,-0.006593,-0.008955,rest,0
35.0,-0.004615,0.025074,-0.014522,0.016241,-0.028226,-0.005617,0.002730,0.009833,rest,0
40.0,0.013367,0.014911,-0.006554,-0.008690,0.016125,-0.003596,-0.023976,-0.021300,rest,0
45.0,-0.018264,0.009875,0.002829,0.013716,-0.008487,0.003149,0.012426,-0.006145,rest,0
50.0,0.009073,-0.013148,-0.007212,-0.007583,-0.023754,0.009673,-0.009324,0.000248,rest,0
55.0,0.009036,0.008392,0.012506,-0.001851,-0.007956,-0.001498,-0.031713,-0.027198,rest,0
60.0,-0.022185,-0.016727,0.006705,-0.015187,-0.006343,0.021792,-0.005976,0.012370,rest,0
65.0,-0.013086,-0.002880,-0.013316,-0.004752,0.011779,-0.024212,0.006089,0.003332,rest,0
70.0,-0.006432,-0.015655,0.000781,-0.005732,0.002519,0.000237,0.017341,-0.002591,rest,0
75.0,-0.007722,0.001353,0.001660,0.010255,0.006301,0.002693,0.011041,-0.008969,rest,0
80.0,-0.002898,-0.004198,-0.001766,-0.006237,0.002878,-0.001007,-0.006664,-0.004601,rest,0
85.0,0.000661,0.001767,0.004210,0.006144,0.000874,-0.002087,-0.004496,0.000564,rest,0
90.0,-0.000440,-0.000225,-0.000332,-0.000076,0.000578,0.000085,-0.000086,-0.000561,rest,0
95.0,-0.000000,-0.000000,-0.000000,0.000000,0.000000,0.000000,-0.000000,-0.000000,rest,0
100.0,0.000000,0.000000,0.000000,0.000000,0.000000,-0.000000,0.000000,0.000000,fist,1
105.0,0.003186,0.003112,0.000497,0.000653,0.000715,0.000136,0.000798,0.000396,fist,1
110.0,0.018534,0.013637,0.001392,0.002810,0.000510,0.000762,-0.002281,-0.000394,fist,1
115.0,0.027736,0.020922,-0.000644,0.005782,0.005224,-0.004043,0.006813,-0.002391,fist,1
120.0,0.061880,0.044123,0.012235,0.007748,0.009742,-0.002889,0.001968,-0.002529,fist,1
125.0,0.073403,0.087346,0.016770,-0.014241,-0.001410,-0.002899,0.012315,-0.000121,fist,1
130.0,0.134877,0.084338,0.008040,0.012243,0.017177,0.053256,-0.008673,-0.009303,fist,1
135.0,0.165907,0.109754,-0.000638,0.001572,0.011605,0.055457,0.044645,0.017986,fist,1
140.0,0.193968,0.168242,0.033878,-0.018906,0.062777,0.006157,0.054008,0.039112,fist,1
145.0,0.240418,0.227583,0.028599,0.081150,0.045191,0.009196,0.055744,-0.033845,fist,1
150.0,0.258827,0.234535,-0.034251,0.097951,0.040246,-0.021812,-0.037023,0.027052,fist,1
155.0,0.351419,0.333797,0.026738,0.095245,0.054904,-0.061592,0.069799,0.019443,fist,1
160.0,0.347863,0.351211,0.048063,0.047694,0.079820,0.027532,0.055802,0.052369,fist,1
165.0,0.338964,0.388009,-0.016482,0.118538,0.112009,-0.022371,-0.058816,0.036724,fist,1
170.0,0.365476,0.403483,0.053207,0.041598,0.016343,0.035271,0.039225,-0.054106,fist,1
175.0,0.492911,0.556212,-0.058038,0.057896,0.014576,-0.068206,0.069208,-0.044579,fist,1
180.0,0.623976,0.400025,0.144750,-0.034577,0.173793,-0.010110,0.087172,0.048301,fist,1
185.0,0.540282,0.278127,0.143841,0.078488,0.064332,0.059414,0.061613,0.127009,fist,1
190.0,0.532656,0.569938,0.029366,0.054034,-0.013153,0.078145,0.072234,-0.125288,fist,1
195.0,0.571937,0.412714,0.078948,-0.054124,0.135285,0.083263,0.167617,0.077532,fist,1
200.0,0.654480,0.458630,-0.142794,0.045904,0.137070,-0.055639,0.148083,0.145170,fist,1
205.0,0.567551,0.554764,-0.042508,0.043622,-0.022457,0.118375,-0.179364,0.037758,fist,1
210.0,0.517126,0.321819,0.026498,0.193805,0.118359,-0.014017,0.024605,0.094016,fist,1
215.0,0.638503,0.349868,-0.035771,0.121537,0.158847,0.100629,0.036828,-0.006246,fist,1
220.0,0.584301,0.321898,0.107152,0.050916,0.129951,0.049149,-0.090168,0.040451,fist,1
225.0,0.672861,0.386469,0.209784,0.069903,0.150559,-0.060111,0.057535,-0.079673,fist,1
230.0,0.564659,0.485171,-0.044129,0.053537,-0.012342,0.024704,0.149901,-0.137547,fist,1
235.0,0.452042,0.491935,-0.016997,0.033767,0.126483,0.079229,-0.036925,0.125421,fist,1
240.0,0.440547,0.472102,0.068836,-0.036594,0.075790,0.099037,0.076912,-0.028800,fist,1
245.0,0.682074,0.336979,0.178889,0.037916,0.061377,0.038721,-0.023266,0.013558,fist,1
250.0,0.687893,0.265192,-0.047790,-0.009688,0.169644,0.172542,-0.003753,-0.060915,fist,1
255.0,0.535638,0.454348,0.069923,-0.050025,0.218342,0.130601,0.168191,-0.062798,fist,1
260.0,0.519345,0.412258,0.195704,0.090898,0.243550,0.029468,0.006595,0.036093,fist,1
265.0,0.666916,0.486751,-0.082141,0.081301,0.205185,0.110010,0.086977,-0.008366,fist,1
270.0,0.461436,0.506156,-0.052486,-0.092937,0.091221,0.204703,-0.099697,0.080238,fist,1
275.0,0.478422,0.461059,0.016111,0.040185,0.128218,0.206839,0.198985,0.086203,fist,1
280.0,0.601466,0.510811,0.008353,0.129656,0.161346,-0.048240,0.098212,0.075668,fist,1
285.0,0.518432,0.468337,0.115008,0.134738,0.109694,-0.024123,0.035400,0.069088,fist,1
290.0,0.549590,0.492405,0.069333,0.132067,0.110461,0.168793,0.096044,0.176221,fist,1
295.0,0.536925,0.393626,-0.091997,0.053113,0.165900,-0.034662,-0.062786,-0.035408,fist,1
300.0,0.577006,0.435631,0.091233,-0.017604,0.095257,-0.055803,0.144602,0.045605,fist,1
305.0,0.662599,0.465742,0.003797,-0.036696,0.041657,0.011104,0.024081,0.140615,fist,1
310.0,0.557247,0.515642,0.151956,0.077568,0.066842,0.083618,0.033674,0.151163,fist,1
315.0,0.601515,0.418501,-0.000207,0.080342,0.150713,0.041808,0.010668,-0.063741,fist,1
320.0,0.385986,0.491693,-0.000929,0.152986,0.100239,-0.002045,0.003548,0.025012,fist,1
325.0,0.546103,0.428733,0.093291,0.137998,0.127217,-0.003937,0.105574,0.158650,fist,1
330.0,0.482542,0.440597,0.111034,0.039422,0.153606,-0.006987,0.070473,0.090646,fist,1
335.0,0.452495,0.516362,0.085848,-0.049536,0.070013,-0.020361,0.102140,0.065621,fist,1
340.0,0.479748,0.290555,-0.084848,0.024471,0.160500,0.232531,0.049296,0.032585,fist,1
345.0,0.523270,0.346282,0.093043,0.067378,0.130307,0.073801,0.091056,0.019296,fist,1
350.0,0.623272,0.331425,-0.032745,0.033833,0.001215,0.120941,0.016492,0.073058,fist,1
355.0,0.443889,0.263311,0.068822,0.003768,0.215384,0.010874,0.228379,0.029810,fist,1
360.0,0.552451,0.395739,-0.063899,0.070231,0.059940,0.035123,-0.075434,0.046594,fist,1
365.0,0.511266,0.509955,0.085706,0.009683,-0.032408,-0.007084,0.150875,0.056288,fist,1
370.0,0.523786,0.427209,-0.014528,-0.000245,0.016397,-0.162137,0.159433,-0.004246,fist,1
375.0,0.630221,0.465823,-0.052611,0.074916,0.018316,-0.060241,-0.018173,0.092570,fist,1
380.0,0.593049,0.537137,0.107106,0.017841,0.104174,-0.094849,0.228342,0.283140,fist,1
385.0,0.656992,0.556215,0.069332,0.069528,0.078092,-0.129983,0.129639,-0.092159,fist,1
390.0,0.537640,0.444469,0.000882,0.071856,0.073053,-0.045629,0.127691,0.075921,fist,1
395.0,0.494325,0.558287,0.166094,-0.041154,0.149576,0.155996,0.052242,-0.010815,fist,1
400.0,0.532091,0.457370,0.014748,0.011501,0.127190,0.046445,0.032622,0.096192,fist,1
405.0,0.569400,0.383008,0.052569,0.165022,0.125284,0.153245,0.033247,0.053725,fist,1
410.0,0.564126,0.402448,0.071513,-0.042966,0.132786,0.082879,0.081242,0.110948,fist,1
415.0,0.463249,0.331557,0.000427,-0.119332,0.149291,0.112605,0.162095,0.144041,fist,1
420.0,0.557239,0.378949,0.087691,-0.098948,-0.068636,-0.022072,0.064505,0.065394,fist,1
425.0,0.568258,0.421359,0.007324,0.052329,0.070845,0.091916,-0.022915,0.140564,fist,1
430.0,0.751398,0.514287,0.017069,0.052473,-0.074417,0.108297,0.115954,-0.137544,fist,1
435.0,0.700148,0.587662,0.159011,0.040591,0.102885,0.003868,0.123692,0.177236,fist,1
440.0,0.481741,0.339425,-0.033247,0.147135,0.099629,0.094763,0.102373,0.080005,fist,1
445.0,0.527009,0.481426,-0.143022,-0.163827,0.183643,0.095295,0.109640,0.136227,fist,1
450.0,0.432925,0.366756,0.178875,0.081675,0.195011,0.006036,0.028326,-0.047590,fist,1
455.0,0.502743,0.487976,0.253946,0.174915,0.116222,-0.039821,-0.024319,-0.016462,fist,1
460.0,0.575248,0.439513,0.017578,-0.040222,0.059971,-0.044730,-0.019455,0.061675,fist,1
465.0,0.646468,0.303528,-0.104947,0.019615,0.138813,0.056920,-0.080837,0.048637,fist,1
470.0,0.491673,0.524264,0.025161,-0.010231,0.057767,0.076161,0.068956,0.072645,fist,1
475.0,0.497668,0.401600,0.027102,-0.021548,0.099889,-0.013402,0.043324,0.136761,fist,1
480.0,0.378217,0.407288,0.034806,0.023899,0.178891,0.052127,0.014801,-0.091218,fist,1
485.0,0.536987,0.364420,-0.039071,0.164199,0.055378,0.095643,-0.186450,0.127906,fist,1
490.0,0.465007,0.397657,0.096365,0.196991,0.164454,0.099455,-0.049785,0.050663,fist,1
495.0,0.507645,0.484231,0.091961,0.023125,0.154192,0.174150,0.139667,0.033697,fist,1
500.0,0.479851,0.434860,-0.069552,0.202405,0.023617,0.152158,-0.003170,-0.067689,fist,1
505.0,0.542459,0.476293,0.105936,0.052846,0.177912,-0.030103,0.078847,0.090244,fist,1
510.0,0.409382,0.478954,0.214215,0.190295,0.155885,0.184687,-0.061255,-0.143129,fist,1
515.0,0.432636,0.555653,0.063757,0.042536,0.108154,0.007522,0.165096,0.101872,fist,1
520.0,0.720340,0.422577,0.023014,0.060485,0.039014,0.133590,0.038478,-0.069368,fist,1
525.0,0.447006,0.331851,0.038640,0.079238,0.031264,0.055439,0.073203,0.054277,fist,1
530.0,0.462257,0.535378,0.099221,0.304308,0.056987,0.017028,0.236062,0.040466,fist,1
535.0,0.696953,0.423481,-0.088454,0.118103,0.143408,-0.094616,0.171315,0.143563,fist,1
540.0,0.782405,0.539167,0.063151,-0.006581,0.023550,0.036275,0.025475,0.035708,fist,1
545.0,0.456275,0.480670,0.018763,0.127520,0.135001,-0.074751,0.002542,-0.005531,fist,1
550.0,0.520540,0.439509,0.197826,0.021053,0.000660,0.127384,0.023956,0.009472,fist,1
555.0,0.577324,0.477902,0.036066,0.010820,0.083675,0.171343,0.090792,0.151831,fist,1
560.0,0.688296,0.606081,0.183431,0.122688,0.108772,-0.013753,0.041582,0.092904,fist,1
565.0,0.471051,0.616158,-0.038299,0.052487,0.295610,0.074158,0.018380,0.019150,fist,1
570.0,0.530378,0.455550,0.096981,0.072286,-0.010185,-0.008031,0.167375,0.031084,fist,1
575.0,0.612187,0.462815,0.075552,0.051119,0.217761,-0.000279,0.040863,-0.075374,fist,1
580.0,0.584781,0.536099,-0.019524,0.076927,0.111987,0.111960,0.233967,0.081078,fist,1
585.0,0.519908,0.382347,0.064192,0.083997,0.132894,0.046917,0.057259,-0.090785,fist,1
590.0,0.539294,0.476646,0.147002,-0.104957,0.109468,0.189172,0.192825,0.110144,fist,1
595.0,0.440008,0.447931,0.024097,0.103326,0.135578,0.011421,0.078586,0.060290,fist,1
600.0,0.530946,0.475113,-0.085357,-0.028562,0.087705,0.129947,0.127037,0.240956,fist,1
605.0,0.528689,0.383330,0.048595,-0.065384,0.216324,0.057793,-0.007969,-0.038011,fist,1
610.0,0.568574,0.322835,-0.022194,0.045327,0.063482,0.113662,-0.018301,0.041787,fist,1
615.0,0.505574,0.284161,0.022613,0.056718,0.190579,0.014227,0.086776,0.193863,fist,1
620.0,0.587723,0.360609,0.043473,-0.005480,0.048451,0.046035,0.129084,0.145311,fist,1
625.0,0.631017,0.413306,-0.086452,0.116483,0.095180,0.040760,0.053221,-0.005697,fist,1
630.0,0.562434,0.426545,-0.079253,-0.057374,0.014243,-0.016885,-0.052911,0.067917,fist,1
635.0,0.578140,0.604979,0.088565,0.017445,0.136402,0.102967,-0.058821,0.050160,fist,1
640.0,0.554252,0.538479,0.008183,0.003210,0.215610,0.102020,-0.064171,0.072556,fist,1
645.0,0.550007,0.373033,-0.155180,0.046273,0.093812,0.097484,-0.091410,-0.005894,fist,1
650.0,0.492275,0.477817,0.112788,0.072309,0.084249,0.172957,0.058759,0.042854,fist,1
655.0,0.575320,0.417434,0.071790,-0.030631,0.010831,0.165948,0.140004,-0.077844,fist,1
660.0,0.542217,0.427251,-0.007110,0.107943,0.081657,0.020004,0.048927,0.060810,fist,1
665.0,0.717453,0.464826,-0.055346,0.055040,-0.027424,0.079844,-0.130833,0.086002,fist,1
670.0,0.675868,0.499534,0.116865,-0.101356,0.026970,0.000112,0.034739,0.031806,fist,1
675.0,0.580868,0.422859,0.077948,-0.106687,0.118143,0.051868,0.036976,-0.079204,fist,1
680.0,0.488955,0.535108,0.240608,0.049014,0.205521,0.002020,0.217680,0.129083,fist,1
685.0,0.461007,0.358645,0.083615,0.032323,0.324737,0.179606,-0.066571,0.079162,fist,1
690.0,0.645291,0.450507,0.081016,0.041726,0.053073,0.079096,0.018746,-0.008081,fist,1
695.0,0.571020,0.657814,0.036646,0.047761,0.214824,0.032558,0.186468,0.027552,fist,1
700.0,0.588411,0.467846,0.115342,0.068045,0.119500,0.145489,0.085998,-0.070054,fist,1
705.0,0.410433,0.564657,0.100007,0.125812,0.087900,-0.123649,0.095065,-0.032033,fist,1
710.0,0.624195,0.457322,0.150138,-0.038888,0.134608,-0.111128,0.059167,0.006975,fist,1
715.0,0.586354,0.496462,0.008294,-0.043758,0.104953,0.113667,0.076395,0.148274,fist,1
720.0,0.461166,0.445457,0.015167,-0.037466,0.108832,0.054837,0.112209,-0.001160,fist,1
725.0,0.512278,0.436367,0.011672,0.073113,0.067333,0.070036,-0.014759,0.101217,fist,1
730.0,0.571097,0.387641,0.113264,0.149596,-0.011849,-0.056112,0.120245,0.006935,fist,1
735.0,0.554197,0.484424,0.169870,0.015493,-0.023490,0.048141,-0.059840,0.069836,fist,1
740.0,0.526626,0.381877,0.013293,-0.150136,0.152260,0.210281,0.076269,0.038688,fist,1
745.0,0.541721,0.503247,0.016018,-0.086319,0.077864,0.115936,0.064299,0.119845,fist,1
750.0,0.529842,0.536823,0.075126,-0.016643,0.052313,0.063577,0.000697,0.007215,fist,1
755.0,0.562205,0.479323,0.030339,0.005382,0.100680,0.014876,0.048185,-0.075802,fist,1
760.0,0.667719,0.427100,0.126164,0.017329,0.163595,0.018434,0.000197,-0.060556,fist,1
765.0,0.344667,0.486317,-0.130142,0.053086,0.114429,-0.120336,-0.035736,0.007450,fist,1
770.0,0.531052,0.425306,-0.016136,0.025060,0.047516,0.070611,0.021711,-0.049925,fist,1
775.0,0.564121,0.524844,-0.012593,0.133947,0.198103,0.117639,-0.038319,0.082817,fist,1
780.0,0.573680,0.303488,-0.135628,-0.004081,0.226335,-0.076050,0.075824,0.012739,fist,1
785.0,0.520247,0.423151,-0.027091,-0.018985,0.139565,-0.002913,-0.042007,0.239969,fist,1
790.0,0.409462,0.290735,-0.023212,0.088310,0.177893,-0.042597,0.106958,-0.089017,fist,1
795.0,0.576240,0.330395,0.033912,-0.072851,0.199357,-0.027228,-0.044518,0.066291,fist,1
800.0,0.688188,0.559109,0.139037,0.081175,0.190408,0.054279,0.004696,-0.040236,fist,1
805.0,0.427291,0.521615,0.030395,0.058204,0.149128,-0.116752,0.000032,0.010528,fist,1
810.0,0.619106,0.392442,-0.032465,0.038205,0.147868,0.099142,0.156012,0.061314,fist,1
815.0,0.523718,0.329800,0.045444,0.177062,0.141573,0.110308,0.076423,-0.136030,fist,1
820.0,0.545094,0.212838,0.133934,0.000223,0.012213,0.029912,0.033061,0.068946,fist,1
825.0,0.465768,0.406520,-0.028077,0.214824,0.156058,-0.148457,0.089898,0.202233,fist,1
830.0,0.523243,0.643633,-0.022846,0.031965,-0.008465,-0.029713,-0.118575,0.013725,fist,1
835.0,0.654004,0.484791,0.094684,-0.052161,0.036432,0.148632,0.046549,0.070785,fist,1
840.0,0.596612,0.405234,0.032277,0.055594,0.204285,-0.172240,0.209801,0.131994,fist,1
845.0,0.688585,0.487206,0.101799,-0.036100,0.167218,0.022198,0.060588,0.036884,fist,1
850.0,0.644193,0.325123,0.048908,-0.010140,0.218992,-0.044400,0.055433,0.003523,fist,1
855.0,0.585127,0.426214,0.106133,0.081763,0.078266,0.114366,0.093850,-0.132059,fist,1
860.0,0.689515,0.457958,-0.032806,0.094447,0.007820,-0.004009,0.121648,0.101279,fist,1
865.0,0.585119,0.443112,0.049033,0.000227,0.080765,0.082316,-0.109797,0.040947,fist,1
870.0,0.616239,0.513264,0.033145,0.128992,0.108163,0.095237,-0.084586,-0.031015,fist,1
875.0,0.526274,0.477572,-0.047271,0.142601,0.106319,0.196898,0.066823,0.060128,fist,1
880.0,0.555324,0.503466,-0.075078,0.164904,0.190694,0.033765,-0.007190,0.003306,fist,1
885.0,0.494206,0.394930,0.104860,0.092353,0.071098,0.080084,0.154962,0.007726,fist,1
890.0,0.629167,0.521825,0.021924,0.159074,0.128163,-0.068804,0.024786,0.098503,fist,1
895.0,0.455736,0.580315,-0.031782,-0.100464,0.020910,0.145233,-0.104762,-0.057071,fist,1
900.0,0.612588,0.372388,0.042306,0.024567,0.136025,-0.010841,-0.051441,0.133785,fist,1
905.0,0.534748,0.378984,0.140242,-0.019360,0.100249,0.005140,-0.169974,-0.061815,fist,1
910.0,0.643700,0.556863,-0.132459,0.059538,0.040015,0.048220,0.031270,-0.003016,fist,1
915.0,0.610070,0.434692,-0.069731,0.004284,0.081134,-0.075031,0.034929,0.203836,fist,1
920.0,0.695652,0.562306,-0.023831,0.036707,0.085266,0.068302,0.016043,0.140188,fist,1
925.0,0.608462,0.414597,0.166894,0.200574,0.078388,0.127397,0.136310,0.057808,fist,1
930.0,0.424237,0.566404,0.072607,0.036422,0.241707,0.073435,0.145882,-0.025242,fist,1
935.0,0.544644,0.460519,0.111385,0.083103,0.092124,-0.077112,0.036369,0.007658,fist,1
940.0,0.456239,0.470658,-0.041213,0.031418,0.080488,0.040095,-0.120775,0.055862,fist,1
945.0,0.508538,0.575177,-0.039563,0.056057,-0.067796,0.109362,0.099383,0.053002,fist,1
950.0,0.670898,0.421058,0.085825,0.050481,0.028463,-0.100239,0.094429,0.042730,fist,1
955.0,0.601003,0.374710,0.054662,0.085866,0.078954,-0.035981,0.074751,0.047533,fist,1
960.0,0.494086,0.414115,0.093899,0.143225,0.045132,0.120123,0.128518,0.032850,fist,1
965.0,0.468903,0.486187,0.034986,0.181792,0.210537,0.071608,-0.043186,-0.065358,fist,1
970.0,0.552623,0.324739,0.072251,0.074770,0.086805,0.082958,0.210700,0.008679,fist,1
975.0,0.452675,0.500998,0.062650,0.097164,0.203076,0.198760,-0.026754,0.123170,fist,1
980.0,0.496309,0.406898,0.112221,-0.042069,0.104936,0.087484,0.109938,-0.059467,fist,1
985.0,0.574961,0.541825,0.114561,0.042970,0.102978,0.102631,-0.084988,0.034836,fist,1
990.0,0.642425,0.258459,-0.079590,0.125223,0.092896,0.266860,-0.024421,-0.015580,fist,1
995.0,0.598701,0.387075,-0.129781,0.119277,0.100304,0.032896,0.171309,0.058908,fist,1
1000.0,0.366102,0.314572,0.129929,0.066820,0.237119,-0.013808,0.029081,0.018879,fist,1
1005.0,0.566005,0.378324,0.142911,0.119155,-0.084326,0.083000,0.115491,0.165748,fist,1
1010.0,0.533526,0.451016,-0.030384,0.085690,-0.057718,0.081714,0.066197,0.086905,fist,1
1015.0,0.537976,0.401939,-0.091140,0.134721,0.052169,0.007254,0.038383,-0.050691,fist,1
1020.0,0.593879,0.375694,0.050639,0.063951,0.088442,-0.028494,0.139101,0.090659,fist,1
1025.0,0.314198,0.356906,0.101593,0.017585,0.126685,0.191639,0.025358,-0.009772,fist,1
1030.0,0.377034,0.349703,0.145356,0.057650,0.103385,0.057111,-0.069344,0.002880,fist,1
1035.0,0.404534,0.250139,0.061840,-0.124927,0.046910,-0.005813,-0.009658,0.050869,fist,1
1040.0,0.254089,0.303935,0.012158,0.048380,0.108916,0.073966,0.056458,0.006396,fist,1
1045.0,0.347488,0.261634,-0.011157,-0.125806,0.094880,0.021465,0.042464,0.063159,fist,1
1050.0,0.254811,0.211424,0.022389,-0.038642,0.050448,0.013091,-0.033140,-0.005260,fist,1
1055.0,0.222932,0.178469,0.009404,0.031088,0.063882,0.034278,-0.002868,0.000175,fist,1
1060.0,0.144062,0.135318,-0.008914,0.025195,0.034796,-0.015240,0.000989,-0.000717,fist,1
1065.0,0.132842,0.132346,0.046196,-0.009285,0.011896,0.016891,0.004484,0.001026,fist,1
1070.0,0.097633,0.068067,0.029623,-0.001071,0.023941,0.031194,-0.009229,0.021192,fist,1
1075.0,0.057021,0.042662,0.014128,0.016009,0.010915,0.008754,-0.000027,0.010058,fist,1
1080.0,0.032574,0.022320,-0.001356,0.000646,0.005733,0.001140,-0.000475,0.010698,fist,1
1085.0,0.014709,0.009454,0.003047,0.005904,0.005605,0.000243,0.002875,0.005955,fist,1
1090.0,0.003114,0.002269,0.000655,0.000323,-0.000622,0.000111,0.000743,-0.000210,fist,1
1095.0,0.000000,0.000000,0.000000,0.000000,-0.000000,0.000000,0.000000,0.000000,fist,1
1100.0,-0.000000,-0.000000,-0.000000,-0.000000,-0.000000,-0.000000,-0.000000,0.000000,rest,0
1105.0,-0.000497,0.001522,-0.000245,0.000039,-0.000702,0.000924,0.000607,0.000161,rest,0
1110.0,-0.002840,0.000444,-0.002365,0.003084,0.001706,0.000201,-0.005137,-0.002074,rest,0
1115.0,0.003116,0.005495,0.005025,-0.007213,0.001366,0.004601,-0.007513,-0.000036,rest,0
1120.0,0.002066,-0.002269,-0.013975,-0.002457,-0.002470,-0.001117,-0.004251,-0.003343,rest,0
1125.0,-0.000430,0.004790,-0.003296,-0.004435,0.001000,-0.020795,0.005164,-0.000006,rest,0
1130.0,0.000556,0.013467,-0.027373,-0.027667,0.003838,-0.000100,0.002385,-0.006478,rest,0
1135.0,0.011143,0.015643,0.008118,-0.004375,-0.035352,0.012902,0.020492,0.010811,rest,0
1140.0,-0.016533,0.012664,0.016173,0.029298,-0.016466,-0.004256,0.014045,0.001079,rest,0
1145.0,-0.022194,0.008236,0.011494,0.001747,0.004362,-0.005139,0.029364,-0.017891,rest,0
1150.0,-0.011666,0.000218,0.017459,-0.029743,-0.026027,-0.040477,0.000649,-0.022214,rest,0
1155.0,-0.007228,0.012430,-0.012058,0.004347,-0.005626,0.012632,0.008930,-0.013005,rest,0
1160.0,-0.002829,0.017507,0.006598,-0.023431,0.010997,-0.018192,0.023692,0.017177,rest,0
1165.0,0.004063,0.002204,-0.002930,0.009511,-0.005197,0.003302,0.012222,-0.007875,rest,0
1170.0,-0.006671,-0.012930,-0.011524,-0.019794,0.007901,0.019583,0.015430,-0.017604,rest,0
1175.0,0.005469,0.010730,-0.003447,0.000765,-0.015150,0.002013,-0.008025,0.001506,rest,0
1180.0,-0.007073,0.002459,0.004642,-0.003548,-0.005151,-0.009768,-0.001207,-0.002635,rest,0
1185.0,-0.003270,0.000955,-0.000949,-0.002268,-0.001169,0.002259,0.001271,-0.000274,rest,0
1190.0,0.000335,-0.000629,0.000018,0.000080,-0.000255,0.000236,-0.000423,0.000276,rest,0
1195.0,0.000000,-0.000000,0.000000,-0.000000,-0.000000,0.000000,-0.000000,-0.000000,rest,0
1200.0,-0.000000,0.000000,0.000000,0.000000,0.000000,0.000000,0.000000,-0.000000,open_hand,2
1205.0,0.000856,0.000347,0.004213,0.003837,0.000992,0.002706,0.000420,0.000162,open_hand,2
1210.0,-0.002669,-0.000379,0.016500,0.011139,-0.002284,0.007672,0.002702,0.001627,open_hand,2
1215.0,0.008036,0.003174,0.031553,0.017523,0.003687,0.019956,0.005366,0.006432,open_hand,2
1220.0,0.004572,0.004789,0.036033,0.060312,0.000318,0.034686,0.006960,0.012315,open_hand,2
1225.0,-0.006974,0.010056,0.090852,0.077524,0.003125,0.072499,0.014523,0.011171,open_hand,2
1230.0,0.000724,0.048921,0.080435,0.095976,-0.004834,0.100221,0.010061,0.020910,open_hand,2
1235.0,-0.008963,0.002313,0.190701,0.120056,0.010408,0.120587,0.023718,0.015748,open_hand,2
1240.0,0.043054,0.030237,0.203383,0.193650,0.071204,0.105368,-0.002920,-0.001410,open_hand,2
1245.0,0.047752,0.059574,0.277020,0.178813,-0.022494,0.164930,0.034992,0.012796,open_hand,2
1250.0,-0.045529,0.030085,0.248536,0.281840,-0.022662,0.177007,0.053820,0.026797,open_hand,2
1255.0,0.010628,0.142220,0.255485,0.296032,-0.032494,0.281750,-0.002145,0.028336,open_hand,2
1260.0,-0.012906,0.013381,0.386645,0.318044,0.127464,0.334760,0.036674,-0.068303,open_hand,2
1265.0,0.115111,0.056945,0.410484,0.346231,0.009760,0.363383,0.000084,0.013651,open_hand,2
1270.0,-0.047347,-0.011349,0.416826,0.355875,0.039137,0.277175,0.006431,0.044481,open_hand,2
1275.0,0.155913,0.019127,0.486762,0.466547,0.015542,0.158098,-0.034965,0.024034,open_hand,2
1280.0,0.043672,0.064503,0.711685,0.351299,-0.023576,0.238623,0.139554,0.027912,open_hand,2
1285.0,-0.041236,0.112995,0.592085,0.307433,0.029940,0.493176,0.129843,0.085477,open_hand,2
1290.0,-0.004121,0.074430,0.624749,0.491903,0.243076,0.362554,0.091644,-0.035789,open_hand,2
1295.0,-0.014107,0.150485,0.616514,0.499688,0.161104,0.339391,0.207439,-0.080113,open_hand,2
1300.0,-0.051969,0.042403,0.668357,0.488419,-0.018235,0.531413,0.034860,0.022146,open_hand,2
1305.0,0.057586,0.023427,0.534794,0.482618,0.101806,0.501213,0.292541,0.111129,open_hand,2
1310.0,-0.048233,0.266319,0.385619,0.424357,-0.016522,0.401956,0.031798,0.185004,open_hand,2
1315.0,-0.124429,0.081539,0.534913,0.512999,-0.092109,0.376528,0.070415,0.112570,open_hand,2
1320.0,0.019626,-0.007559,0.614939,0.446355,0.131561,0.389432,0.018178,-0.067461,open_hand,2
1325.0,-0.094228,-0.005541,0.472416,0.411031,0.142807,0.418173,0.079786,0.031411,open_hand,2
1330.0,-0.010173,-0.025414,0.535891,0.425049,0.133684,0.528004,0.116849,0.070531,open_hand,2
1335.0,-0.022728,0.124926,0.494658,0.611651,0.012411,0.433797,0.040887,0.064207,open_hand,2
1340.0,-0.019697,0.020850,0.670162,0.311202,0.036658,0.458082,0.192138,0.093144,open_hand,2
1345.0,0.210077,0.060189,0.609957,0.489983,0.109981,0.493542,0.069132,-0.023364,open_hand,2
1350.0,0.054513,0.044919,0.602123,0.315671,0.081320,0.306426,0.071639,0.055195,open_hand,2
1355.0,0.069630,0.108519,0.599728,0.441341,0.018509,0.460389,-0.022720,0.083626,open_hand,2
1360.0,-0.092112,-0.017740,0.547020,0.415310,-0.079526,0.376435,0.083480,0.116054,open_hand,2
1365.0,-0.002317,-0.036046,0.565804,0.283198,0.059110,0.198712,0.039278,-0.014457,open_hand,2
1370.0,0.067224,0.067944,0.455185,0.481123,0.136321,0.229746,0.001341,0.022387,open_hand,2
1375.0,-0.031962,0.098077,0.375085,0.419597,-0.045807,0.318551,-0.012118,-0.166305,open_hand,2
1380.0,0.122645,0.076603,0.562006,0.282063,0.101101,0.442498,0.263741,0.000283,open_hand,2
1385.0,-0.046216,-0.014756,0.575919,0.517165,0.076523,0.409104,0.028922,0.008047,open_hand,2
1390.0,0.027091,0.104199,0.646741,0.564801,0.110012,0.414749,-0.066559,-0.031567,open_hand,2
1395.0,0.003116,-0.009509,0.675707,0.569210,0.119758,0.556075,-0.005858,0.063249,open_hand,2
1400.0,0.063146,0.008277,0.675600,0.478717,-0.005557,0.298473,0.045875,0.045524,open_hand,2
1405.0,-0.001239,-0.025516,0.470158,0.453685,-0.079357,0.397805,0.093733,-0.130737,open_hand,2
1410.0,0.028329,0.154093,0.521819,0.556253,0.007318,0.424355,0.094384,0.067241,open_hand,2
1415.0,0.031110,0.100674,0.588427,0.584591,0.121130,0.341098,0.104129,-0.024266,open_hand,2
1420.0,-0.008751,0.098399,0.752552,0.540685,0.006640,0.402266,-0.001589,0.088855,open_hand,2
1425.0,0.088808,0.149777,0.668408,0.374677,-0.005523,0.272004,0.077235,-0.052548,open_hand,2
1430.0,0.069071,0.275012,0.639552,0.466108,-0.095708,0.512792,-0.020085,0.052401,open_hand,2
1435.0,0.042911,-0.086738,0.518977,0.485161,0.190212,0.345471,0.000429,0.027347,open_hand,2
1440.0,0.015563,-0.009070,0.479344,0.305231,0.116057,0.562512,-0.023417,0.074248,open_hand,2
1445.0,0.113724,0.000706,0.613113,0.487549,0.111592,0.397402,-0.045071,0.059976,open_hand,2
1450.0,0.031133,-0.018066,0.461947,0.631839,0.127418,0.482244,0.135137,0.029587,open_hand,2
1455.0,0.025464,-0.036207,0.530925,0.501195,0.096137,0.395736,0.105089,-0.072902,open_hand,2
1460.0,0.058375,0.026028,0.540818,0.567873,0.030454,0.397540,0.128133,-0.068177,open_hand,2
1465.0,0.185727,-0.047328,0.677433,0.464633,0.036899,0.353278,0.053145,0.003289,open_hand,2
1470.0,-0.057228,0.076803,0.521624,0.444143,0.015795,0.409530,0.112145,0.049338,open_hand,2
1475.0,0.111589,0.054136,0.354860,0.480502,0.260779,0.425440,-0.090903,0.001340,open_hand,2
1480.0,-0.101454,0.088482,0.590356,0.384734,0.094473,0.337259,0.119047,0.100017,open_hand,2
1485.0,0.067382,0.090618,0.494078,0.372898,0.012896,0.389996,0.064170,0.027662,open_hand,2
1490.0,0.176007,0.098241,0.553410,0.551304,0.087240,0.351192,0.100169,-0.027201,open_hand,2
1495.0,0.089093,0.020127,0.543064,0.559787,-0.030870,0.583973,0.080402,0.027752,open_hand,2
1500.0,0.063650,0.219691,0.528104,0.370712,0.170361,0.392822,-0.028964,0.068069,open_hand,2
1505.0,0.005164,0.068754,0.613227,0.527440,-0.002886,0.523619,-0.069843,0.075991,open_hand,2
1510.0,0.052484,-0.098999,0.427371,0.443043,0.090087,0.384350,-0.006964,0.200270,open_hand,2
1515.0,0.029835,-0.030190,0.508639,0.477185,0.135278,0.420743,0.095193,-0.003513,open_hand,2
1520.0,-0.012878,-0.089240,0.604723,0.486817,0.080781,0.294291,0.105207,0.044122,open_hand,2
1525.0,0.026810,0.051387,0.500873,0.529548,0.057558,0.364234,-0.059435,0.084090,open_hand,2
1530.0,0.065870,0.040256,0.421295,0.456617,0.050864,0.416843,-0.028488,0.048126,open_hand,2
1535.0,-0.011377,0.012526,0.603484,0.562813,0.045485,0.526880,-0.007859,0.009951,open_hand,2
1540.0,-0.014503,0.210874,0.639848,0.474753,0.003864,0.417759,0.021416,-0.073941,open_hand,2
1545.0,-0.058819,0.093919,0.546400,0.499935,0.014041,0.510698,-0.058964,0.009133,open_hand,2
1550.0,0.081258,0.108088,0.393132,0.383339,0.168367,0.451258,-0.063764,-0.035896,open_hand,2
1555.0,0.093626,-0.024486,0.606478,0.622693,0.041317,0.530192,-0.015747,-0.088129,open_hand,2
1560.0,0.068533,-0.029932,0.417209,0.487586,-0.012864,0.395277,0.056900,-0.013654,open_hand,2
1565.0,0.127214,0.052944,0.574704,0.507040,0.008696,0.591218,-0.044448,-0.033767,open_hand,2
1570.0,0.057029,0.063841,0.479003,0.321345,0.138030,0.361168,0.040736,0.096703,open_hand,2
1575.0,0.081361,-0.098505,0.457213,0.384184,0.104049,0.338683,0.134684,0.098087,open_hand,2
1580.0,0.074307,0.035575,0.514647,0.549031,0.094826,0.303196,-0.054142,-0.022310,open_hand,2
1585.0,0.042677,0.051126,0.535336,0.472951,0.029398,0.586482,0.033484,0.029182,open_hand,2
1590.0,0.007534,0.032788,0.498463,0.296898,0.095869,0.465556,0.131981,-0.098659,open_hand,2
1595.0,0.227132,-0.015071,0.597096,0.533063,-0.001485,0.373270,0.016539,0.010453,open_hand,2
1600.0,0.013844,0.006837,0.514314,0.406497,0.029231,0.499922,0.004106,0.081919,open_hand,2
1605.0,-0.003270,0.035851,0.628415,0.562905,0.127584,0.455015,0.143080,0.115995,open_hand,2
1610.0,0.084721,0.057264,0.572494,0.442973,0.119942,0.557290,0.025504,-0.007044,open_hand,2
1615.0,0.070148,0.098383,0.494195,0.466377,-0.028553,0.276173,0.138360,0.134148,open_hand,2
1620.0,-0.062383,0.136468,0.480725,0.544316,-0.018442,0.378771,0.084317,-0.071255,open_hand,2
1625.0,0.139814,0.026452,0.418200,0.378201,0.058696,0.362998,0.022572,-0.049810,open_hand,2
1630.0,0.042464,0.013508,0.573259,0.370572,0.188091,0.242105,0.088375,0.106773,open_hand,2
1635.0,-0.038874,0.085012,0.521633,0.434280,-0.103245,0.484826,0.075636,0.183690,open_hand,2
1640.0,0.145103,0.098868,0.360224,0.516174,0.072267,0.378368,0.131671,0.089475,open_hand,2
1645.0,0.100054,0.015264,0.507143,0.343530,-0.060083,0.459170,0.006132,0.046773,open_hand,2
1650.0,-0.051163,0.113231,0.477917,0.316557,-0.000746,0.588782,0.053296,-0.125615,open_hand,2
1655.0,0.192175,0.128367,0.676054,0.515898,0.020846,0.371740,0.045079,-0.111796,open_hand,2
1660.0,0.102704,0.153335,0.413778,0.401762,0.016359,0.366308,0.106332,0.060353,open_hand,2
1665.0,0.049184,0.192266,0.434692,0.418622,0.007296,0.409493,-0.032014,0.021355,open_hand,2
1670.0,0.177217,-0.019313,0.638798,0.301455,0.050577,0.478980,0.131358,-0.038467,open_hand,2
1675.0,0.062744,0.051112,0.658541,0.395682,0.007180,0.354663,0.087306,0.055243,open_hand,2
1680.0,0.047753,0.050902,0.490401,0.449395,-0.066997,0.349523,-0.055354,0.059211,open_hand,2
1685.0,-0.002824,0.042154,0.499433,0.524430,0.112390,0.484575,0.146661,0.125553,open_hand,2
1690.0,0.096548,-0.001941,0.599299,0.388302,0.110230,0.430291,0.228727,0.060928,open_hand,2
1695.0,0.088128,-0.068845,0.363832,0.582590,0.117454,0.236422,0.130147,0.148272,open_hand,2
1700.0,0.051174,0.057414,0.401105,0.395236,-0.073259,0.301969,0.164159,0.050640,open_hand,2
1705.0,-0.013199,-0.011468,0.527541,0.395353,0.073913,0.520099,0.056830,0.040773,open_hand,2
1710.0,0.060394,0.056879,0.673991,0.572989,0.104078,0.432154,-0.082920,0.135145,open_hand,2
1715.0,0.044416,-0.013523,0.515142,0.466917,-0.032496,0.339024,-0.097530,-0.028275,open_hand,2
1720.0,-0.056678,-0.037973,0.558075,0.405838,0.050734,0.386367,0.070407,0.275156,open_hand,2
1725.0,-0.067745,0.068744,0.640703,0.437589,0.040699,0.401059,0.002642,0.080021,open_hand,2
1730.0,0.095212,0.062074,0.718551,0.558246,0.197372,0.458859,-0.023166,0.080466,open_hand,2
1735.0,-0.158151,0.096343,0.503852,0.567296,0.203960,0.291339,0.044980,0.092008,open_hand,2
1740.0,0.066433,0.224869,0.548653,0.384657,-0.083149,0.332724,0.099247,0.200171,open_hand,2
1745.0,0.011753,0.072183,0.695764,0.446605,0.249514,0.421836,-0.066221,0.113401,open_hand,2
1750.0,0.154660,0.088807,0.428224,0.457213,-0.023218,0.392013,0.014090,-0.078404,open_hand,2
1755.0,0.010523,-0.036205,0.632206,0.371101,0.128454,0.445749,0.170790,0.162278,open_hand,2
1760.0,0.102759,-0.052953,0.468535,0.445545,0.127640,0.301639,-0.036023,0.022728,open_hand,2
1765.0,0.018247,0.176626,0.558198,0.450426,-0.029655,0.428570,0.119581,0.058572,open_hand,2
1770.0,0.059100,-0.023878,0.530590,0.541217,0.089461,0.487327,0.011222,-0.052340,open_hand,2
1775.0,0.108947,-0.033516,0.473359,0.546594,0.041397,0.438945,0.093663,0.092096,open_hand,2
1780.0,0.012996,0.046872,0.471352,0.423663,0.094346,0.411129,0.137786,-0.002110,open_hand,2
1785.0,0.129724,0.042785,0.572113,0.432884,0.068454,0.392329,0.109303,0.058014,open_hand,2
1790.0,-0.029496,-0.022201,0.629643,0.503143,0.145707,0.333212,0.122733,0.027272,open_hand,2
1795.0,0.073567,0.025602,0.539621,0.403185,0.056032,0.394240,-0.042127,0.204001,open_hand,2
1800.0,0.123811,0.148350,0.555609,0.497091,0.036570,0.500776,0.139093,0.208581,open_hand,2
1805.0,0.102803,-0.014479,0.595694,0.442967,0.137685,0.390478,-0.018215,0.053721,open_hand,2
1810.0,0.203316,-0.061494,0.472270,0.372448,0.096432,0.328816,0.070763,0.055118,open_hand,2
1815.0,-0.011075,0.125407,0.609175,0.373453,0.108545,0.360620,0.070660,0.020125,open_hand,2
1820.0,-0.060332,0.089384,0.615547,0.565765,-0.003167,0.416068,0.088810,0.138480,open_hand,2
1825.0,-0.029547,0.000359,0.758290,0.437486,-0.033621,0.370119,0.076957,0.023686,open_hand,2
1830.0,0.102835,-0.076573,0.519912,0.581228,0.004582,0.438824,-0.017505,0.016293,open_hand,2
1835.0,0.089834,-0.009570,0.513353,0.408909,0.000334,0.441828,-0.057989,0.128287,open_hand,2
1840.0,0.058181,0.045624,0.611517,0.473296,0.112896,0.471119,0.119788,0.006936,open_hand,2
1845.0,-0.039837,0.143254,0.615528,0.641414,0.128079,0.513885,0.064867,0.046980,open_hand,2
1850.0,0.111349,-0.032927,0.507193,0.365409,0.037590,0.479669,0.141950,-0.076505,open_hand,2
1855.0,-0.047976,0.043238,0.517747,0.298175,0.164474,0.325261,0.046421,0.106335,open_hand,2
1860.0,0.142716,0.104012,0.593290,0.552927,0.159478,0.327717,-0.062413,0.205269,open_hand,2
1865.0,0.278595,-0.140501,0.483793,0.383855,0.069472,0.393938,0.127290,0.107698,open_hand,2
1870.0,0.079316,0.132703,0.517157,0.448343,-0.015751,0.363906,0.020370,0.166944,open_hand,2
1875.0,0.096649,-0.044596,0.557167,0.403127,0.176030,0.308934,0.077360,-0.017688,open_hand,2
1880.0,0.010571,0.076560,0.629675,0.471453,0.045119,0.364665,-0.001797,0.068906,open_hand,2
1885.0,-0.094817,0.069735,0.501632,0.373957,0.060093,0.362039,0.181544,-0.025453,open_hand,2
1890.0,0.001782,0.136767,0.402609,0.435605,0.022832,0.346252,-0.020125,0.031779,open_hand,2
1895.0,-0.037432,0.094074,0.396672,0.485985,-0.021183,0.374737,0.023006,0.111777,open_hand,2
1900.0,-0.065760,-0.140183,0.449247,0.369335,-0.067491,0.494276,0.058596,0.058146,open_hand,2
1905.0,0.187789,-0.012782,0.444947,0.393993,0.100629,0.415939,-0.037375,-0.063011,open_hand,2
1910.0,0.071829,0.061056,0.537631,0.422209,-0.012672,0.597745,0.076442,-0.055202,open_hand,2
1915.0,0.080375,0.034402,0.454890,0.335695,0.294762,0.413641,0.178953,-0.060493,open_hand,2
1920.0,0.025278,0.088209,0.493780,0.416195,-0.036886,0.376795,0.010763,0.089316,open_hand,2
1925.0,0.036170,0.113149,0.488073,0.459504,-0.050591,0.400331,0.081611,0.215112,open_hand,2
1930.0,0.127164,0.098676,0.514759,0.418036,0.090811,0.420519,-0.169955,0.158997,open_hand,2
1935.0,0.047413,0.032858,0.655800,0.428290,0.172345,0.434820,0.046886,-0.101679,open_hand,2
1940.0,0.092456,-0.097707,0.602956,0.448408,0.055167,0.566137,0.024957,0.163686,open_hand,2
1945.0,0.034320,0.013562,0.551290,0.397541,0.095779,0.332374,-0.015480,0.124912,open_hand,2
1950.0,0.022628,0.083309,0.513118,0.505285,-0.097484,0.468724,0.136516,-0.073624,open_hand,2
1955.0,-0.062553,-0.037236,0.515341,0.564878,-0.004201,0.416620,0.023901,0.025744,open_hand,2
1960.0,-0.108220,0.100502,0.576220,0.412850,-0.035889,0.274312,0.035802,0.137642,open_hand,2
1965.0,0.029075,0.122671,0.596734,0.488816,-0.101604,0.461656,0.019825,0.094035,open_hand,2
1970.0,0.054520,0.060149,0.477391,0.430831,0.059358,0.501410,-0.103345,-0.054728,open_hand,2
1975.0,-0.052890,-0.195102,0.552918,0.479239,-0.129426,0.331426,-0.040559,0.098859,open_hand,2
1980.0,0.047242,-0.052247,0.387470,0.575262,-0.055776,0.399285,0.126887,-0.121000,open_hand,2
1985.0,0.054300,0.200895,0.566937,0.490693,0.007024,0.261972,-0.118796,0.032174,open_hand,2
1990.0,-0.122481,0.006277,0.610972,0.308127,-0.016503,0.299295,-0.011305,0.141037,open_hand,2
1995.0,-0.023210,-0.108731,0.527595,0.486320,0.081713,0.483842,0.018022,0.051472,open_hand,2
2000.0,0.082581,0.148820,0.695322,0.548629,0.074446,0.362687,0.189490,0.010085,open_hand,2
2005.0,0.080965,0.051068,0.479501,0.432272,0.121504,0.311296,0.111488,0.121148,open_hand,2
2010.0,-0.042294,0.138395,0.567395,0.529651,0.110191,0.418357,0.005426,0.127980,open_hand,2
2015.0,0.062676,0.072157,0.547134,0.394791,0.141265,0.358207,0.154361,0.154803,open_hand,2
2020.0,0.131793,0.086685,0.541976,0.331157,0.049847,0.362334,-0.009241,0.119947,open_hand,2
2025.0,0.112166,0.079041,0.540854,0.461294,0.074277,0.459146,0.130728,0.136510,open_hand,2
2030.0,0.042377,0.105799,0.558568,0.309482,0.090921,0.307061,-0.058710,0.108633,open_hand,2
2035.0,0.012562,0.232194,0.617837,0.430818,0.061333,0.327571,0.135861,0.071242,open_hand,2
2040.0,-0.000348,0.127681,0.660219,0.552947,0.018224,0.412326,0.017509,0.057161,open_hand,2
2045.0,0.087426,-0.076427,0.549820,0.297219,0.023405,0.477553,-0.032280,0.031019,open_hand,2
2050.0,0.065608,0.085733,0.615225,0.347640,-0.015405,0.499053,0.032629,-0.046989,open_hand,2
2055.0,0.100352,0.141318,0.493859,0.367437,0.083729,0.346795,0.072188,-0.026425,open_hand,2
2060.0,0.060550,0.146216,0.611276,0.444934,0.042479,0.474990,0.010420,0.027439,open_hand,2
2065.0,0.115501,0.015872,0.489041,0.420743,-0.003054,0.337269,0.094316,0.069316,open_hand,2
2070.0,0.057567,0.143196,0.637253,0.561931,-0.002980,0.546097,0.003360,0.165265,open_hand,2
2075.0,0.112775,0.124219,0.726851,0.526348,-0.046832,0.309298,0.099630,0.046656,open_hand,2
2080.0,0.119666,0.255801,0.540233,0.489622,0.128307,0.506278,0.085378,0.130278,open_hand,2
2085.0,-0.014362,-0.010000,0.374597,0.461650,0.056289,0.347481,0.045126,0.136345,open_hand,2
2090.0,-0.094652,0.009408,0.506154,0.481458,-0.019024,0.561060,0.014689,0.031484,open_hand,2
2095.0,0.173479,0.025510,0.648550,0.381041,0.114684,0.447306,0.062123,0.097575,open_hand,2
2100.0,0.070418,0.010765,0.593283,0.517736,0.005156,0.318202,0.093868,0.030468,open_hand,2
2105.0,-0.085893,-0.020894,0.561633,0.355791,-0.061612,0.353016,0.211821,0.153508,open_hand,2
2110.0,-0.006821,-0.164172,0.605459,0.496152,0.126429,0.443990,0.120146,0.096832,open_hand,2
2115.0,0.103100,0.014046,0.543184,0.502714,0.006488,0.446731,0.118165,-0.041737,open_hand,2
2120.0,0.024152,0.069546,0.566009,0.408163,0.015114,0.344756,0.259725,0.055010,open_hand,2
2125.0,0.007375,0.008605,0.508959,0.355794,0.043500,0.329405,0.074502,0.148429,open_hand,2
2130.0,0.121553,0.153623,0.503802,0.361519,0.106055,0.345501,0.066579,0.026626,open_hand,2
2135.0,-0.022881,0.034590,0.391957,0.149737,0.034951,0.278062,0.072012,0.058124,open_hand,2
2140.0,-0.008312,0.091971,0.373460,0.284514,-0.027558,0.177916,-0.018431,0.056203,open_hand,2
2145.0,0.034803,0.036885,0.273293,0.229343,0.048638,0.174225,0.007536,-0.017128,open_hand,2
2150.0,0.035722,0.051058,0.220694,0.196098,0.004925,0.184164,0.004180,0.039953,open_hand,2
2155.0,0.032375,0.026107,0.247767,0.182800,0.072551,0.179449,0.036742,-0.022197,open_hand,2
2160.0,0.035107,0.045563,0.162050,0.126836,0.014257,0.151190,0.010302,-0.000014,open_hand,2
2165.0,0.014229,0.011765,0.132688,0.077486,-0.027817,0.099855,0.013187,0.029384,open_hand,2
2170.0,0.013697,0.013780,0.086022,0.067399,0.012074,0.064986,0.021048,0.012067,open_hand,2
2175.0,0.002934,0.007953,0.050448,0.045667,0.020614,0.046119,0.011938,0.002571,open_hand,2
2180.0,0.003151,0.001543,0.031550,0.026299,0.010084,0.019854,0.002123,0.004909,open_hand,2
2185.0,0.001508,0.002120,0.017109,0.011913,0.005056,0.009977,-0.000093,0.001163,open_hand,2
2190.0,0.000435,0.001481,0.003849,0.003452,-0.000204,0.002163,0.000912,0.000330,open_hand,2
2195.0,0.000000,0.000000,0.000000,0.000000,0.000000,0.000000,0.000000,0.000000,open_hand,2
2200.0,-0.000000,0.000000,-0.000000,-0.000000,-0.000000,0.000000,0.000000,-0.000000,rest,0
2205.0,-0.000835,-0.000061,0.000846,-0.000101,0.000708,0.000191,0.000255,-0.000724,rest,0
2210.0,0.001977,-0.000706,0.001820,-0.001717,0.000373,0.000742,-0.000325,0.000853,rest,0
2215.0,-0.001207,-0.002941,0.007274,0.004752,-0.003447,0.002575,-0.003365,-0.005367,rest,0
2220.0,0.007800,-0.012858,0.006993,-0.001907,-0.001596,0.003092,0.004385,-0.006235,rest,0
2225.0,0.007770,0.001227,-0.013598,-0.001839,0.014953,0.018150,0.007766,-0.012886,rest,0
2230.0,0.006877,0.011926,0.010172,0.011003,0.005092,-0.001015,-0.008527,-0.026603,rest,0
2235.0,0.005697,0.003121,0.009352,-0.022434,0.010819,0.034461,0.001316,-0.001034,rest,0
2240.0,0.005808,0.038197,-0.019239,0.003819,-0.015029,-0.010281,-0.000932,0.025323,rest,0
2245.0,0.035774,0.008902,-0.007481,0.049515,-0.008493,-0.011345,-0.035257,0.027731,rest,0
2250.0,0.019233,0.048026,-0.027601,0.028965,0.001393,0.016012,-0.032731,0.029161,rest,0
2255.0,0.014782,-0.000731,0.012125,-0.014387,-0.010890,-0.008710,-0.034822,0.016197,rest,0
2260.0,0.019986,-0.011764,0.005840,-0.004454,0.005506,-0.010526,-0.014818,0.017646,rest,0
2265.0,-0.000895,0.028344,0.000649,-0.012981,0.017198,0.008842,0.010189,0.016689,rest,0
2270.0,-0.007067,-0.001378,-0.001856,-0.013973,-0.002854,0.014467,0.002569,-0.014572,rest,0
2275.0,-0.011739,0.012561,-0.000681,-0.004885,-0.002067,-0.011147,0.010737,-0.002966,rest,0
2280.0,0.006195,0.000234,0.006477,0.001163,0.003866,0.003258,0.002824,0.001576,rest,0
2285.0,-0.000491,0.004039,-0.001912,0.000009,0.000031,0.000849,-0.000906,0.000664,rest,0
2290.0,-0.000091,-0.000857,0.000005,-0.000596,-0.000940,0.000074,0.000264,0.000285,rest,0
2295.0,0.000000,-0.000000,-0.000000,0.000000,-0.000000,0.000000,-0.000000,0.000000,rest,0
2300.0,0.000000,0.000000,0.000000,0.000000,0.000000,0.000000,0.000000,-0.000000,pinch,3
2305.0,0.002557,0.001376,0.001093,-0.000992,0.003539,0.000700,0.000465,-0.000007,pinch,3
2310.0,0.009288,0.003240,0.002733,0.002929,0.015040,0.001290,-0.000007,0.001492,pinch,3
2315.0,0.017991,0.011389,0.004029,0.000739,0.032551,0.002880,0.001588,0.001852,pinch,3
2320.0,0.026673,0.003966,0.018260,0.001722,0.055627,0.004820,0.008555,0.010712,pinch,3
2325.0,0.057064,0.016054,0.015121,0.028482,0.076622,0.006650,0.003395,0.023718,pinch,3
2330.0,0.054636,0.004646,0.007459,-0.001540,0.148046,-0.000573,0.014704,-0.006062,pinch,3
2335.0,0.109748,0.019114,-0.010655,-0.001258,0.133105,-0.005723,0.050680,-0.002490,pinch,3
2340.0,0.202142,0.028522,0.023348,0.014280,0.210837,0.030459,0.013083,-0.023422,pinch,3
2345.0,0.201403,0.018439,0.070520,0.036545,0.230587,0.023115,0.063474,0.093412,pinch,3
2350.0,0.211937,0.001435,0.146742,0.007621,0.359289,0.098083,0.049282,0.038684,pinch,3
2355.0,0.205895,-0.007849,0.062959,-0.045546,0.286639,0.074069,-0.040428,0.053032,pinch,3
2360.0,0.132006,-0.059047,0.026260,-0.013042,0.332677,0.082106,-0.025853,-0.038753,pinch,3
2365.0,0.183163,0.011619,0.003902,0.114380,0.354311,0.030413,-0.012516,0.037430,pinch,3
2370.0,0.369442,0.122596,0.117664,0.045694,0.470044,0.073719,-0.015008,0.074064,pinch,3
2375.0,0.250753,-0.024374,-0.035992,0.075262,0.384809,0.112674,0.037398,0.026035,pinch,3
2380.0,0.271298,-0.008718,0.132879,0.026835,0.472108,0.145120,0.091495,0.125525,pinch,3
2385.0,0.323275,0.233539,0.158799,-0.002649,0.362694,0.088788,0.144395,0.225546,pinch,3
2390.0,0.261186,0.048367,0.132942,0.181529,0.560963,0.183623,0.073569,-0.025391,pinch,3
2395.0,0.251450,0.125480,0.082293,0.034888,0.509156,0.100476,0.014322,-0.031715,pinch,3
2400.0,0.345962,0.151385,0.145195,0.014530,0.430955,0.163428,-0.116579,-0.020220,pinch,3
2405.0,0.278678,0.153002,0.113675,0.137691,0.636849,0.060812,0.055647,0.178496,pinch,3
2410.0,0.290719,-0.021785,0.037750,-0.007789,0.445387,-0.045007,0.052062,0.133388,pinch,3
2415.0,0.287505,0.081515,0.248033,0.002422,0.613756,0.121469,0.064634,0.039158,pinch,3
2420.0,0.391789,-0.029458,0.071866,0.050820,0.493917,0.158026,0.218499,0.052925,pinch,3
2425.0,0.331430,0.295705,0.162060,0.050022,0.678126,0.146028,0.149248,-0.015323,pinch,3
2430.0,0.335714,-0.027590,-0.093489,0.070769,0.609964,0.133775,0.112805,0.121202,pinch,3
2435.0,0.397756,0.016173,0.202118,0.217334,0.469356,0.072113,-0.026966,0.019608,pinch,3
2440.0,0.338637,0.016752,0.217501,0.076900,0.476633,0.035460,0.008960,0.029194,pinch,3
2445.0,0.327740,-0.019733,0.102387,-0.140244,0.598442,0.144138,0.042412,0.098703,pinch,3
2450.0,0.387636,0.208208,0.144702,0.076104,0.529010,0.134116,-0.012033,0.034960,pinch,3
2455.0,0.403456,0.293796,0.144681,0.053030,0.536453,0.055128,0.090037,0.031203,pinch,3
2460.0,0.338234,0.061940,0.048577,0.053476,0.651779,0.188754,0.078553,0.050846,pinch,3
2465.0,0.356449,-0.005634,0.143770,0.069676,0.490105,0.029371,-0.037065,0.113628,pinch,3
2470.0,0.287457,-0.078954,0.035310,0.047706,0.557303,0.053318,0.145745,0.181719,pinch,3
2475.0,0.281145,0.080471,0.051299,0.045791,0.626370,0.230914,0.058185,0.096839,pinch,3
2480.0,0.411532,0.074691,0.190155,0.099044,0.614729,0.169487,-0.088326,0.114265,pinch,3
2485.0,0.385595,0.047896,0.177973,0.006634,0.537231,0.071359,0.045893,0.034012,pinch,3
2490.0,0.386424,0.117710,0.043490,-0.025815,0.526888,0.122990,0.072497,-0.006624,pinch,3
2495.0,0.372468,0.131614,0.041314,0.291903,0.410895,0.112383,0.127823,0.102319,pinch,3
2500.0,0.353696,0.125847,0.048352,-0.007269,0.465500,-0.119649,0.023002,0.063699,pinch,3
2505.0,0.405713,0.074710,0.158611,0.058011,0.575469,0.027482,0.116235,-0.063810,pinch,3
2510.0,0.424809,0.011870,0.020001,-0.069653,0.538969,0.095932,0.064971,0.023754,pinch,3
2515.0,0.422898,0.153267,0.128537,0.059317,0.555994,0.071471,-0.055204,0.043368,pinch,3
2520.0,0.341938,0.101001,0.159748,-0.024658,0.633140,0.119768,-0.063213,0.009163,pinch,3
2525.0,0.460959,0.171069,0.092940,0.014602,0.455014,0.190359,0.139805,0.168539,pinch,3
2530.0,0.368277,0.163206,0.180805,0.133605,0.531106,0.074277,0.145679,0.088387,pinch,3
2535.0,0.400590,-0.013741,0.075655,0.087761,0.565097,0.015388,0.075833,0.159854,pinch,3
2540.0,0.372567,-0.014738,0.082892,0.095473,0.493667,0.125988,0.169657,0.071074,pinch,3
2545.0,0.369761,0.039557,0.021820,-0.091696,0.664518,0.073870,0.134529,0.056511,pinch,3
2550.0,0.291140,0.015499,0.181374,0.196952,0.622687,0.087515,0.104690,-0.024928,pinch,3
2555.0,0.406108,0.160420,0.038678,-0.045351,0.573211,0.076658,-0.022905,0.050954,pinch,3
2560.0,0.577624,0.128105,0.127982,0.172285,0.693539,0.279347,0.188514,0.051044,pinch,3
2565.0,0.320016,0.187935,0.094295,0.131724,0.430088,-0.079256,0.092904,-0.059369,pinch,3
2570.0,0.355680,0.131719,0.015777,0.096187,0.549382,0.068933,0.019133,0.006838,pinch,3
2575.0,0.314304,0.116692,0.051272,-0.018399,0.579307,0.099705,-0.003462,0.024137,pinch,3
2580.0,0.310958,0.195978,0.210630,0.062127,0.476836,0.037509,0.070543,0.083078,pinch,3
2585.0,0.473556,0.137578,0.116133,0.012326,0.574057,0.171986,-0.083685,0.086908,pinch,3
2590.0,0.296162,0.105448,0.019268,0.052323,0.461473,0.165061,0.105974,0.003495,pinch,3
2595.0,0.312074,0.218436,0.124426,0.030010,0.605245,0.096180,-0.026286,0.087510,pinch,3
2600.0,0.223001,0.109214,0.088311,-0.113089,0.634627,0.078346,0.079649,0.035434,pinch,3
2605.0,0.289391,0.075653,0.376324,0.139743,0.571787,0.091043,0.008270,-0.179570,pinch,3
2610.0,0.213328,0.032974,0.122810,0.043511,0.401776,0.091617,0.028847,0.011224,pinch,3
2615.0,0.400544,0.156242,0.069550,0.011216,0.472657,0.093730,-0.010553,0.136319,pinch,3
2620.0,0.573976,0.198964,0.213602,0.005174,0.595177,0.084960,0.037102,-0.084544,pinch,3
2625.0,0.320666,0.095953,-0.047283,0.078677,0.551696,0.120196,0.201150,0.059015,pinch,3
2630.0,0.216659,0.204633,0.107546,-0.021501,0.334480,0.160257,0.160805,0.176821,pinch,3
2635.0,0.422000,-0.057601,0.259554,-0.130414,0.649426,0.001579,0.078358,-0.010849,pinch,3
2640.0,0.291846,0.095564,0.090704,0.082570,0.560933,0.015947,0.047976,0.050172,pinch,3
2645.0,0.453948,0.096792,-0.038664,0.091528,0.484474,-0.039881,0.117536,-0.054321,pinch,3
2650.0,0.327438,0.041840,0.068327,0.034029,0.629596,0.169312,0.140398,0.180178,pinch,3
2655.0,0.299455,0.290709,0.216361,-0.041832,0.495797,0.120026,-0.016385,0.043333,pinch,3
2660.0,0.335763,0.094705,0.130086,0.057115,0.494924,0.140421,0.043805,0.053730,pinch,3
2665.0,0.410622,0.067382,0.032892,-0.067163,0.578668,-0.014360,-0.095757,0.158344,pinch,3
2670.0,0.331806,0.102077,0.045181,-0.032178,0.692483,0.242796,0.139848,0.102918,pinch,3
2675.0,0.310262,-0.060225,0.055224,-0.010056,0.679887,0.051292,0.215202,-0.020050,pinch,3
2680.0,0.334093,0.039211,0.128896,0.117515,0.578777,0.113456,0.056407,-0.001782,pinch,3
2685.0,0.248252,0.178659,0.207056,0.020991,0.586991,0.168351,-0.120001,0.089595,pinch,3
2690.0,0.381763,0.049684,0.184194,0.014171,0.613320,0.021042,0.098711,0.000070,pinch,3
2695.0,0.207062,0.033690,0.136481,0.206375,0.449441,0.056294,-0.022327,-0.119379,pinch,3
2700.0,0.314470,0.204762,-0.006532,0.078197,0.601532,0.114334,-0.003068,0.045741,pinch,3
2705.0,0.410751,0.207220,-0.006235,0.077120,0.491274,0.328598,0.100126,-0.068417,pinch,3
2710.0,0.374244,0.141359,0.142660,0.020424,0.575478,0.124090,0.070364,0.179303,pinch,3
2715.0,0.397226,0.063591,-0.007638,0.002290,0.531803,0.228509,0.010951,0.064143,pinch,3
2720.0,0.344796,0.080842,0.081955,-0.124913,0.590097,0.196454,-0.001968,-0.022414,pinch,3
2725.0,0.443580,0.035668,0.124332,0.127499,0.559448,0.129441,0.060067,-0.005891,pinch,3
2730.0,0.423976,0.020418,0.008992,0.085865,0.304158,0.020864,0.017243,-0.101152,pinch,3
2735.0,0.385691,0.016447,0.018059,0.035667,0.564311,0.184780,-0.038739,-0.037957,pinch,3
2740.0,0.424204,0.050556,0.092470,0.039022,0.601372,-0.019849,0.023395,0.131306,pinch,3
2745.0,0.410034,0.017222,0.140292,0.108892,0.585674,0.228070,0.077167,0.228543,pinch,3
2750.0,0.314843,-0.025096,0.184922,-0.074377,0.541793,0.116000,0.035752,0.108112,pinch,3
2755.0,0.242488,0.117552,0.148564,0.002809,0.681373,-0.112018,-0.063081,0.042637,pinch,3
2760.0,0.383629,0.118768,0.105893,-0.040904,0.574910,0.072760,0.129125,0.015443,pinch,3
2765.0,0.393687,0.236063,0.040304,0.191721,0.585014,0.152316,-0.169105,-0.026520,pinch,3
2770.0,0.437238,0.046533,0.014327,0.120052,0.633559,0.081038,0.014291,0.214781,pinch,3
2775.0,0.275094,0.123688,0.059130,-0.126215,0.579007,0.157200,0.000384,0.034900,pinch,3
2780.0,0.277486,0.125017,0.132795,-0.071101,0.478159,0.031998,0.061854,0.219250,pinch,3
2785.0,0.386792,0.079693,0.126930,0.039412,0.354933,-0.004479,0.094933,0.161482,pinch,3
2790.0,0.344307,0.159547,-0.067992,0.012205,0.511830,0.094284,0.140141,-0.089264,pinch,3
2795.0,0.199139,0.162018,0.037146,-0.055951,0.610876,0.102525,-0.006992,-0.003276,pinch,3
2800.0,0.380009,0.126193,0.196361,0.205581,0.521752,0.072129,0.096927,-0.003524,pinch,3
2805.0,0.201806,0.079549,0.106337,0.075003,0.614094,0.198183,0.065665,0.043612,pinch,3
2810.0,0.274379,0.071398,-0.013361,0.087985,0.561898,0.031983,-0.086923,0.045175,pinch,3
2815.0,0.458135,-0.009420,0.288466,-0.005361,0.653045,0.125053,0.202043,0.289699,pinch,3
2820.0,0.495990,0.035527,0.097685,0.107782,0.526383,0.105438,-0.065102,-0.036178,pinch,3
2825.0,0.252747,0.050239,0.130747,0.019565,0.587409,-0.024537,0.083560,0.068318,pinch,3
2830.0,0.323649,0.010082,0.131962,0.027333,0.590471,-0.005522,0.081197,0.099321,pinch,3
2835.0,0.353410,0.135194,0.070592,0.098880,0.670128,0.100953,0.072051,0.049874,pinch,3
2840.0,0.492498,0.195730,0.041794,-0.080320,0.413469,0.258496,0.010434,0.058814,pinch,3
2845.0,0.310570,0.027355,0.269734,0.177762,0.513327,0.146342,0.116180,-0.033585,pinch,3
2850.0,0.311849,0.122675,0.180256,0.064591,0.617881,-0.038051,-0.074829,0.058519,pinch,3
2855.0,0.473898,0.017271,0.165755,0.152476,0.673672,-0.148839,0.044734,0.090912,pinch,3
2860.0,0.320017,0.075606,0.146103,-0.036034,0.569206,0.158644,0.004890,0.076208,pinch,3
2865.0,0.407776,0.044774,0.019735,-0.023853,0.526584,0.092303,-0.004184,0.095616,pinch,3
2870.0,0.231829,0.148152,0.202202,-0.042952,0.610569,0.191301,0.084300,0.163009,pinch,3
2875.0,0.336301,0.045697,0.032549,0.070024,0.619496,0.029543,0.136198,0.124957,pinch,3
2880.0,0.217232,0.180933,0.122663,0.055279,0.521227,0.128017,0.022540,0.055704,pinch,3
2885.0,0.265565,0.080342,-0.031151,0.012847,0.576425,0.167694,0.112454,-0.043741,pinch,3
2890.0,0.417136,0.048032,-0.063269,-0.031126,0.644442,0.064203,0.053979,0.002000,pinch,3
2895.0,0.346008,-0.000264,0.125463,-0.051328,0.701237,0.065913,-0.021419,0.032430,pinch,3
2900.0,0.324472,0.120256,0.035272,0.046121,0.609408,0.102021,0.029364,0.070188,pinch,3
2905.0,0.290100,0.171617,-0.059133,0.012753,0.553531,0.143414,0.026041,0.011733,pinch,3
2910.0,0.332348,0.121866,0.143249,-0.004849,0.545674,0.098853,-0.005733,-0.024859,pinch,3
2915.0,0.374089,0.279107,0.269606,0.173767,0.594592,0.177920,0.084279,-0.045056,pinch,3
2920.0,0.428633,0.214383,0.211165,0.043414,0.540746,0.063045,0.068772,-0.082094,pinch,3
2925.0,0.139988,0.075398,0.079415,0.151603,0.565171,-0.006272,-0.077252,0.031204,pinch,3
2930.0,0.283459,0.074558,0.100708,0.007340,0.465370,0.258158,-0.082122,-0.067573,pinch,3
2935.0,0.362728,0.137576,0.171016,0.069582,0.653765,0.051629,0.083975,-0.030042,pinch,3
2940.0,0.342091,0.032958,0.189770,0.045562,0.458785,0.054525,-0.015223,0.018488,pinch,3
2945.0,0.382270,0.193303,0.072517,-0.085810,0.515431,0.094736,0.074163,-0.056873,pinch,3
2950.0,0.371403,0.128928,0.102734,0.164267,0.557807,0.105374,0.112475,0.080380,pinch,3
2955.0,0.325611,0.120517,0.124049,0.039188,0.709279,0.069065,-0.051676,0.109218,pinch,3
2960.0,0.307852,0.154956,0.144310,0.109713,0.516185,0.098605,-0.062923,0.006046,pinch,3
2965.0,0.330360,0.237826,0.089354,-0.010162,0.496719,0.096819,0.183955,0.015038,pinch,3
2970.0,0.441899,0.113676,0.090393,0.036812,0.505935,0.113986,0.078126,0.092994,pinch,3
2975.0,0.291439,0.090957,0.210387,-0.019348,0.682712,-0.088599,0.016461,-0.007120,pinch,3
2980.0,0.344975,0.220698,0.196762,0.148880,0.325012,0.250470,-0.024715,-0.012619,pinch,3
2985.0,0.364667,0.177404,0.138193,0.074913,0.469781,0.088217,0.009165,0.145720,pinch,3
2990.0,0.474828,0.074322,0.237529,0.079364,0.768503,0.146450,-0.045246,0.120735,pinch,3
2995.0,0.325975,0.100415,0.069084,0.158655,0.597271,-0.010248,0.120673,0.098124,pinch,3
3000.0,0.426705,0.115630,0.229838,0.142507,0.461521,0.062320,-0.012140,0.124052,pinch,3
3005.0,0.448558,0.128945,0.143401,0.111227,0.546647,0.046215,0.137483,-0.108182,pinch,3
3010.0,0.344900,-0.008528,0.361682,-0.063738,0.555396,0.217578,0.017950,0.158307,pinch,3
3015.0,0.333142,-0.023399,0.004601,-0.005654,0.617690,0.053135,-0.033468,0.081365,pinch,3
3020.0,0.323676,0.029009,0.044852,-0.030311,0.697160,0.160646,0.015896,0.130863,pinch,3
3025.0,0.329534,0.022821,0.133504,0.108203,0.581084,0.047966,-0.159933,0.080973,pinch,3
3030.0,0.418339,0.048494,0.131779,0.063652,0.506817,0.063790,0.040339,0.053914,pinch,3
3035.0,0.368481,0.150777,0.256011,-0.061241,0.612967,0.080356,0.036390,0.027975,pinch,3
3040.0,0.368823,0.086486,0.046530,0.034900,0.494140,0.202708,0.115979,0.079372,pinch,3
3045.0,0.259982,0.115712,0.172393,-0.069529,0.467333,-0.051188,-0.100904,0.025060,pinch,3
3050.0,0.272601,0.002056,0.192997,0.045747,0.409207,-0.005253,0.142949,0.119430,pinch,3
3055.0,0.521476,0.063069,0.156372,-0.082430,0.424790,-0.055784,0.115648,-0.076917,pinch,3
3060.0,0.335774,0.146981,0.023120,0.092306,0.478284,0.013000,0.150163,0.006674,pinch,3
3065.0,0.288018,0.147596,0.212621,0.080237,0.455777,0.035072,0.045782,0.213586,pinch,3
3070.0,0.464488,0.042034,0.198346,0.202636,0.575059,-0.029159,0.131112,-0.000086,pinch,3
3075.0,0.372545,0.112933,0.147967,0.117830,0.454048,0.041268,-0.067700,0.030905,pinch,3
3080.0,0.396252,0.275908,0.116348,0.016167,0.298507,-0.061177,0.107044,-0.020606,pinch,3
3085.0,0.338956,0.098592,0.118089,0.115446,0.466487,0.018561,-0.011693,0.076868,pinch,3
3090.0,0.324506,0.044545,0.093701,-0.061813,0.512251,0.196034,-0.082112,-0.008901,pinch,3
3095.0,0.336433,0.086099,0.151263,-0.026998,0.501564,0.132287,-0.039931,0.035151,pinch,3
3100.0,0.239381,0.107374,0.102491,0.076651,0.671562,0.114997,0.050442,0.117909,pinch,3
3105.0,0.342966,0.087907,0.032118,-0.122660,0.500917,0.019778,-0.015944,-0.005901,pinch,3
3110.0,0.373683,0.097492,0.016113,0.047027,0.620474,-0.022887,0.080086,0.113089,pinch,3
3115.0,0.498037,-0.015476,0.039837,-0.031621,0.548481,0.008868,-0.094659,0.115778,pinch,3
3120.0,0.356880,0.022990,0.117771,0.058105,0.546616,0.096543,-0.120168,0.134396,pinch,3
3125.0,0.163266,0.088053,0.097844,-0.036219,0.483170,0.169454,0.159791,0.061243,pinch,3
3130.0,0.342481,0.086779,0.117228,0.083940,0.545297,0.172189,0.122304,0.309301,pinch,3
3135.0,0.569160,0.054705,0.140065,0.051546,0.488792,0.150449,-0.033944,0.134363,pinch,3
3140.0,0.419309,0.085839,0.049814,0.162029,0.563602,0.040995,0.049760,0.075990,pinch,3
3145.0,0.285129,0.104881,0.217253,0.050539,0.531100,0.101964,0.131561,-0.020074,pinch,3
3150.0,0.397289,0.171153,0.078583,-0.011491,0.474430,0.074293,0.083536,0.042235,pinch,3
3155.0,0.290639,0.092063,0.065326,0.030249,0.629352,0.083905,0.061858,0.164106,pinch,3
3160.0,0.241695,0.131928,0.138591,-0.057539,0.584147,0.262970,0.137612,0.186763,pinch,3
3165.0,0.322130,0.056672,-0.046921,0.082491,0.514155,-0.040960,-0.008457,0.168266,pinch,3
3170.0,0.357322,0.145768,0.036757,0.097188,0.561639,0.081226,0.052494,0.112815,pinch,3
3175.0,0.200228,0.130058,0.178486,0.247536,0.543294,0.196940,0.048572,-0.050453,pinch,3
3180.0,0.258067,0.169265,-0.038994,0.000253,0.480593,-0.017271,0.028179,0.088973,pinch,3
3185.0,0.350827,0.157077,0.189406,0.028576,0.555640,0.048500,0.018816,-0.049312,pinch,3
3190.0,0.317346,0.147099,0.220891,0.003939,0.500319,0.057677,0.055829,-0.068998,pinch,3
3195.0,0.381585,0.092127,0.070444,0.066969,0.474405,0.082137,0.052753,0.069133,pinch,3
3200.0,0.252417,0.119401,0.123145,0.080405,0.419497,-0.027632,-0.033819,0.091707,pinch,3
3205.0,0.401214,0.182392,0.186773,0.045066,0.513737,0.145478,0.112485,0.120494,pinch,3
3210.0,0.245085,0.045920,0.060150,0.131428,0.571537,0.147169,-0.026986,0.086179,pinch,3
3215.0,0.444155,0.045878,0.156308,0.000592,0.456156,0.129781,0.030022,0.085365,pinch,3
3220.0,0.185989,0.100115,0.040485,0.112686,0.657140,0.026551,0.023061,-0.025154,pinch,3
3225.0,0.214337,0.108739,0.050436,0.075974,0.506756,0.087271,0.064195,0.033956,pinch,3
3230.0,0.287542,0.025554,0.027040,0.036778,0.490760,0.021034,-0.089646,-0.052927,pinch,3
3235.0,0.327231,0.063679,0.086296,0.016801,0.415606,0.049709,0.082138,-0.074686,pinch,3
3240.0,0.225127,0.055489,0.115585,0.146483,0.418946,0.163370,-0.002496,0.065552,pinch,3
3245.0,0.205467,-0.040166,0.044352,-0.007990,0.253325,0.055995,0.076770,-0.005331,pinch,3
3250.0,0.154523,0.036248,-0.000748,0.032467,0.151769,0.002198,0.005165,0.052680,pinch,3
3255.0,0.096678,0.031547,0.004830,-0.003615,0.185610,0.041296,0.016634,0.050044,pinch,3
3260.0,0.088778,0.024902,0.037583,0.055088,0.169866,-0.002326,0.058017,0.000130,pinch,3
3265.0,0.054650,0.046060,0.053458,0.026120,0.121400,0.000881,0.006007,0.020997,pinch,3
3270.0,0.038057,0.000420,0.020203,-0.000656,0.087887,0.002567,0.022909,-0.000444,pinch,3
3275.0,0.038320,0.003413,0.006924,0.009126,0.065750,0.006463,0.005327,-0.009794,pinch,3
3280.0,0.014899,-0.006241,0.009238,0.004044,0.033250,0.010020,0.004767,0.003429,pinch,3
3285.0,0.009664,0.001583,0.002080,0.000223,0.015797,0.003764,0.001431,0.000317,pinch,3
3290.0,0.001592,0.000443,0.000452,0.000716,0.003074,0.000918,0.000763,0.000096,pinch,3
3295.0,0.000000,0.000000,0.000000,0.000000,0.000000,0.000000,-0.000000,0.000000,pinch,3
3300.0,-0.000000,0.000000,-0.000000,0.000000,0.000000,0.000000,-0.000000,-0.000000,rest,0
3305.0,0.000502,0.000959,0.000260,-0.000486,0.000184,0.001315,0.000055,0.000792,rest,0
3310.0,-0.001561,-0.000089,0.001306,0.000838,-0.001616,-0.001707,0.002084,0.002512,rest,0
3315.0,0.006851,0.008173,0.000610,-0.001410,0.006121,0.003231,-0.004451,-0.004683,rest,0
3320.0,0.003712,-0.001338,-0.000199,0.008092,0.005727,0.010034,-0.014574,0.001912,rest,0
3325.0,0.007521,-0.016527,-0.007090,-0.009099,0.000235,0.017623,0.021896,-0.008815,rest,0
3330.0,0.007381,0.007833,0.005433,0.005592,0.004258,0.023655,0.015453,-0.014860,rest,0
3335.0,0.013346,0.014968,0.005283,0.018977,0.003155,0.003362,0.002034,-0.033852,rest,0
3340.0,-0.001511,-0.012560,-0.022299,0.026952,0.009476,-0.000561,-0.010615,0.005566,rest,0
3345.0,0.019694,-0.016427,-0.000096,0.017243,-0.038456,-0.001144,-0.008527,-0.002658,rest,0
3350.0,-0.009964,0.002734,0.038210,-0.006434,0.005794,0.039623,-0.010925,0.036046,rest,0
3355.0,0.000100,0.033490,0.014100,0.005772,-0.001234,-0.011729,0.001424,0.016866,rest,0
3360.0,-0.000220,-0.005311,-0.004206,0.016647,0.020549,-0.011190,-0.011214,0.006363,rest,0
3365.0,0.021411,0.016063,-0.017547,-0.003702,-0.013044,-0.003750,0.022489,-0.019941,rest,0
3370.0,-0.017526,-0.008970,0.003110,0.006720,0.004736,0.012728,-0.019087,0.012865,rest,0
3375.0,-0.002355,0.005519,-0.009985,0.000037,0.001783,0.008720,-0.011961,0.000232,rest,0
3380.0,-0.004917,0.002290,0.003521,0.005832,-0.002424,0.004201,0.006166,-0.007445,rest,0
3385.0,0.001291,0.002021,-0.000546,-0.002553,0.001988,-0.002529,-0.000376,-0.000085,rest,0
3390.0,0.000388,-0.000340,-0.000371,0.000054,0.000545,0.001239,-0.000817,0.000171,rest,0
3395.0,-0.000000,0.000000,-0.000000,-0.000000,-0.000000,-0.000000,0.000000,0.000000,rest,0
3400.0,0.000000,0.000000,0.000000,0.000000,0.000000,0.000000,0.000000,0.000000,point,4
3405.0,0.001577,-0.000317,0.002769,0.001910,0.000307,0.000411,0.000199,-0.000086,point,4
3410.0,0.010504,0.003997,0.011556,0.004952,0.000289,0.003837,0.000119,0.002816,point,4
3415.0,0.019803,0.013744,0.027970,0.011020,0.008483,0.002447,-0.001919,0.002590,point,4
3420.0,0.044417,0.019090,0.056670,0.036313,0.017458,0.005281,0.000255,0.002385,point,4
3425.0,0.045074,-0.009069,0.078143,0.045357,0.023112,0.028842,0.007923,0.015454,point,4
3430.0,0.047906,-0.004577,0.113809,0.079940,-0.003941,0.038821,-0.002787,0.005629,point,4
3435.0,0.099201,0.009233,0.161591,0.073501,0.002965,0.014096,0.016478,-0.046549,point,4
3440.0,0.163728,-0.009902,0.178849,0.132249,0.070409,0.004950,-0.009829,-0.070384,point,4
3445.0,0.159568,0.045528,0.196588,0.126351,0.030470,0.073459,-0.036445,0.066749,point,4
3450.0,0.173738,0.068384,0.276050,0.125560,0.014871,0.059313,0.060103,0.077198,point,4
3455.0,0.168227,-0.008652,0.321511,0.160756,0.064482,0.045149,0.007228,0.120595,point,4
3460.0,0.332299,0.109838,0.339928,0.138329,0.088445,0.016425,-0.011489,0.032915,point,4
3465.0,0.200724,0.111066,0.250222,0.344362,0.003213,0.057402,-0.028131,-0.040058,point,4
3470.0,0.238311,0.045829,0.312355,0.238573,0.055140,0.039394,0.068434,0.013413,point,4
3475.0,0.345858,0.075359,0.374192,0.307354,0.108517,-0.002751,0.139874,0.044512,point,4
3480.0,0.185920,-0.051651,0.472710,0.237153,-0.039508,0.055654,0.016380,-0.028197,point,4
3485.0,0.433884,0.070482,0.430356,0.207210,0.048948,0.068384,0.031444,0.174609,point,4
3490.0,0.394125,0.099129,0.533090,0.277203,-0.038582,0.019678,0.133759,0.225831,point,4
3495.0,0.421254,0.113316,0.554319,0.387466,-0.028640,0.122108,-0.094682,0.088119,point,4
3500.0,0.394649,0.130310,0.545934,0.258341,0.004952,0.153107,0.207349,0.049131,point,4
3505.0,0.337110,0.119539,0.546443,0.230357,0.088170,0.127592,0.245528,-0.053597,point,4
3510.0,0.264948,0.078853,0.367040,0.312437,0.024238,0.027900,-0.166507,0.173715,point,4
3515.0,0.338794,0.122896,0.488611,0.339922,-0.001873,0.110466,0.042200,0.056105,point,4
3520.0,0.271981,0.180163,0.401398,0.431428,0.054124,0.056237,-0.007516,0.026867,point,4
3525.0,0.388892,0.092360,0.318075,0.328300,-0.041757,-0.048860,0.028818,0.088494,point,4
3530.0,0.414542,0.125408,0.427002,0.351519,0.084304,0.103818,0.016529,0.003143,point,4
3535.0,0.468145,0.085106,0.555979,0.357542,0.140511,0.061691,0.114941,0.061750,point,4
3540.0,0.379741,0.048259,0.486859,0.207759,0.043664,0.257484,0.040994,-0.065397,point,4
3545.0,0.423966,0.141830,0.611425,0.222933,0.033788,0.166582,-0.022873,0.136967,point,4
3550.0,0.326228,0.055582,0.464178,0.213288,0.079875,0.106892,0.036225,0.041647,point,4
3555.0,0.311738,0.130892,0.645824,0.193428,-0.112278,0.069934,0.091183,0.142704,point,4
3560.0,0.387894,0.102260,0.464202,0.363637,0.092945,0.063098,-0.044698,0.033909,point,4
3565.0,0.319082,0.075685,0.451798,0.323204,0.298151,-0.030295,-0.081699,0.039104,point,4
3570.0,0.371535,0.073749,0.347649,0.306360,0.040186,-0.089119,0.209419,-0.046985,point,4
3575.0,0.265105,0.059350,0.538845,0.092583,0.040470,-0.019805,-0.001394,0.110781,point,4
3580.0,0.279470,-0.031664,0.409830,0.464438,0.109489,0.046183,0.039012,-0.020067,point,4
3585.0,0.400833,0.130632,0.398236,0.228458,0.181627,-0.118443,0.018176,0.011086,point,4
3590.0,0.420935,0.118524,0.552498,0.464145,0.127997,0.006454,0.093847,0.050084,point,4
3595.0,0.271148,0.167974,0.542658,0.184061,-0.122449,0.030191,0.191823,0.059698,point,4
3600.0,0.403649,0.057483,0.540564,0.235008,0.095072,0.032766,0.096395,-0.086488,point,4
3605.0,0.307381,0.251631,0.421025,0.123772,0.255754,-0.002938,-0.071469,0.031536,point,4
3610.0,0.351320,0.069621,0.445922,0.328970,0.099795,0.022679,-0.060730,0.113618,point,4
3615.0,0.463356,0.029991,0.445212,0.211899,-0.042368,0.187912,0.018083,0.019733,point,4
3620.0,0.414599,0.020505,0.512601,0.214160,0.072546,0.102972,0.028541,0.032021,point,4
3625.0,0.413670,-0.038714,0.574285,0.190199,-0.052455,0.005176,-0.087756,0.062992,point,4
3630.0,0.502703,0.222610,0.479452,0.362188,0.148624,0.044532,0.115547,0.039923,point,4
3635.0,0.293690,0.209685,0.607991,0.356917,-0.026471,0.047735,-0.036906,-0.032441,point,4
3640.0,0.271130,0.148060,0.521776,0.444963,0.055939,-0.011436,0.169464,0.047092,point,4
3645.0,0.292230,0.028313,0.431216,0.245143,-0.018622,-0.011530,0.195651,0.129526,point,4
3650.0,0.329640,0.244901,0.516297,0.317506,0.006284,0.130842,0.030140,-0.034094,point,4
3655.0,0.161636,0.071862,0.586475,0.196853,0.168892,0.016417,0.085118,0.020041,point,4
3660.0,0.333406,0.078478,0.609863,0.273197,0.058277,-0.037576,-0.048556,-0.060531,point,4
3665.0,0.306434,0.214981,0.544951,0.258492,0.005264,0.046549,0.099894,0.125311,point,4
3670.0,0.412701,0.152713,0.452054,0.337156,-0.041618,0.059441,0.010145,0.042611,point,4
3675.0,0.378194,0.276088,0.432665,0.381362,-0.099736,-0.107816,-0.036979,-0.018016,point,4
3680.0,0.301944,0.119898,0.496086,0.379285,-0.050102,0.046740,0.026853,0.057381,point,4
3685.0,0.397197,0.068238,0.583918,0.232575,0.058957,0.119438,0.012740,-0.046288,point,4
3690.0,0.407861,0.051056,0.484702,0.379877,0.128419,0.086098,0.023987,-0.032680,point,4
3695.0,0.288516,-0.047760,0.486363,0.296473,0.005172,0.228384,0.125974,-0.066811,point,4
3700.0,0.310558,0.077712,0.454112,0.274032,0.175643,0.150089,-0.012825,-0.035342,point,4
3705.0,0.171971,0.191567,0.423769,0.243319,-0.007400,0.165915,0.188802,0.158587,point,4
3710.0,0.262747,0.147907,0.437029,0.255205,0.030959,0.274007,-0.056005,-0.008649,point,4
3715.0,0.290602,0.101625,0.460834,0.439385,-0.036366,0.110652,0.179234,0.087298,point,4
3720.0,0.355933,0.020405,0.587448,0.324593,0.129261,0.063046,-0.031321,-0.016904,point,4
3725.0,0.274369,0.118150,0.430823,0.313969,0.217801,0.127899,0.049919,0.110763,point,4
3730.0,0.308924,0.181025,0.454209,0.279020,-0.090945,0.005261,0.010784,-0.032087,point,4
3735.0,0.251974,0.134458,0.380770,0.495678,0.022307,0.058615,0.022502,0.053138,point,4
3740.0,0.363689,0.113339,0.507330,0.404401,0.151182,-0.001818,0.114109,0.054228,point,4
3745.0,0.384057,0.036243,0.559334,0.242315,-0.065756,0.081839,0.169986,0.236224,point,4
3750.0,0.382189,0.169375,0.579960,0.278111,0.095335,-0.002153,0.145242,0.100434,point,4
3755.0,0.350989,-0.150552,0.466269,0.282860,0.147718,-0.004954,0.017611,0.002568,point,4
3760.0,0.226714,0.130628,0.495948,0.311670,0.056258,0.083078,0.064740,0.104804,point,4
3765.0,0.300404,0.305626,0.437716,0.243902,0.094021,0.038983,-0.012566,0.221054,point,4
3770.0,0.317415,-0.020670,0.492242,0.335105,0.190872,-0.104202,-0.029324,-0.080371,point,4
3775.0,0.317736,0.080690,0.475117,0.416167,0.205874,-0.066445,-0.041704,-0.017399,point,4
3780.0,0.355998,0.099367,0.454661,0.194910,0.045043,-0.041781,0.014994,0.031048,point,4
3785.0,0.464043,0.062993,0.461020,0.209748,0.007410,-0.020638,0.069968,0.016633,point,4
3790.0,0.414968,0.182910,0.486154,0.261347,-0.023598,0.083154,-0.102945,0.023379,point,4
3795.0,0.270999,0.137796,0.426468,0.265056,0.128157,0.067515,0.046292,-0.054339,point,4
3800.0,0.404272,0.112184,0.430600,0.459877,-0.059742,0.135222,0.171282,0.162316,point,4
3805.0,0.401224,0.163782,0.586589,0.380137,0.029794,0.110224,0.139753,-0.063809,point,4
3810.0,0.285515,0.101340,0.666844,0.375546,0.058215,0.135752,0.003185,0.033983,point,4
3815.0,0.417909,0.354389,0.353651,0.278851,0.009760,0.098672,-0.061750,0.133666,point,4
3820.0,0.337170,0.112108,0.349242,0.277095,0.072386,0.066774,0.086786,0.047585,point,4
3825.0,0.237204,0.115623,0.373428,0.183864,0.255161,0.137948,-0.135394,-0.028352,point,4
3830.0,0.386416,-0.036837,0.441737,0.362539,0.040272,0.123553,0.138812,-0.057894,point,4
3835.0,0.367357,0.056524,0.521662,0.339284,0.015168,0.080088,0.032913,0.031600,point,4
3840.0,0.331786,0.191790,0.497300,0.402880,0.131227,0.151686,0.196504,-0.010562,point,4
3845.0,0.347004,-0.006837,0.463762,0.283134,0.069167,-0.137663,-0.088157,0.066418,point,4
3850.0,0.292473,-0.072605,0.492315,0.288658,0.165147,0.026763,0.123452,-0.062116,point,4
3855.0,0.398810,0.102585,0.394633,0.313604,0.063175,0.025537,0.041959,0.115043,point,4
3860.0,0.346524,0.209660,0.430470,0.371352,0.030126,0.142215,0.023516,0.059244,point,4
3865.0,0.363316,0.103390,0.448392,0.182383,-0.092698,0.175712,-0.059587,0.065187,point,4
3870.0,0.378571,0.073110,0.323263,0.358884,-0.079579,-0.066014,0.097660,0.165286,point,4
3875.0,0.257633,-0.048679,0.357095,0.298360,-0.096856,0.162893,0.104091,0.014976,point,4
3880.0,0.278457,0.136180,0.360275,0.215309,0.080347,-0.043716,0.192810,-0.008065,point,4
3885.0,0.173204,0.152902,0.511129,0.133232,-0.058980,-0.041297,0.130644,0.006179,point,4
3890.0,0.395179,-0.042539,0.469628,0.289082,0.150446,0.031257,0.002488,0.034598,point,4
3895.0,0.253023,0.190763,0.498885,0.415817,0.052420,0.024543,-0.030309,0.042723,point,4
3900.0,0.360606,0.161256,0.302828,0.433975,0.030465,-0.074673,-0.059479,-0.016456,point,4
3905.0,0.379679,0.190585,0.331315,0.328430,-0.017508,0.101990,0.167858,-0.111847,point,4
3910.0,0.398188,0.146682,0.503057,0.456960,0.099781,0.104352,-0.012254,0.005126,point,4
3915.0,0.253679,0.152295,0.227706,0.296565,-0.014360,0.134323,0.168418,0.078786,point,4
3920.0,0.344787,0.141658,0.547970,0.376264,-0.028830,0.015324,0.092006,0.060901,point,4
3925.0,0.483622,0.169478,0.304135,0.263902,0.145068,0.046833,0.076392,0.145964,point,4
3930.0,0.487145,-0.045501,0.517468,0.258832,0.078370,0.047566,0.025451,0.206439,point,4
3935.0,0.428986,-0.020085,0.378913,0.245799,0.031206,0.185040,0.102854,0.110747,point,4
3940.0,0.376999,0.041119,0.533912,0.135158,0.101315,-0.176740,0.048762,0.160602,point,4
3945.0,0.269591,0.089614,0.706653,0.402967,0.050715,-0.026556,0.020463,0.111342,point,4
3950.0,0.407490,0.131051,0.268146,0.248669,0.080641,0.050443,0.105680,0.186792,point,4
3955.0,0.337358,0.125975,0.505630,0.235885,-0.015348,-0.036846,0.038482,0.198068,point,4
3960.0,0.394842,0.189368,0.305347,0.205602,0.215632,0.029334,-0.013867,0.126093,point,4
3965.0,0.299373,0.191880,0.484142,0.283651,0.003630,0.039914,0.097986,0.106510,point,4
3970.0,0.336165,0.030209,0.433458,0.441079,0.174481,-0.002615,0.044881,0.033581,point,4
3975.0,0.363132,0.119086,0.460383,0.467502,0.034890,0.055158,0.089113,0.046693,point,4
3980.0,0.369702,0.032173,0.377065,0.167131,0.114568,0.100252,0.013691,0.022973,point,4
3985.0,0.389498,0.084940,0.512443,0.271644,0.108738,0.031099,-0.046730,0.099700,point,4
3990.0,0.303664,0.125743,0.334131,0.217251,0.141748,0.013744,0.188806,-0.007628,point,4
3995.0,0.242537,-0.172697,0.549331,0.379067,-0.017250,0.036739,0.173729,0.034712,point,4
4000.0,0.479983,0.292900,0.417260,0.322927,0.136051,0.049405,0.120703,-0.138414,point,4
4005.0,0.549140,0.145313,0.337785,0.249074,0.197715,-0.089226,0.018975,0.187847,point,4
4010.0,0.385794,0.052344,0.577595,0.305806,0.029305,0.086924,0.025975,0.032362,point,4
4015.0,0.244081,0.254190,0.444613,0.261807,0.052776,0.013920,0.160586,0.086446,point,4
4020.0,0.288144,0.072206,0.602611,0.429140,0.008124,0.150923,0.021694,0.166623,point,4
4025.0,0.390729,0.110602,0.547709,0.343757,0.022285,0.097284,-0.000604,0.074023,point,4
4030.0,0.457289,0.061031,0.386148,0.353586,0.186914,0.143605,0.199779,0.165547,point,4
4035.0,0.252969,0.232159,0.443201,0.086647,-0.030339,-0.030880,0.046186,-0.049339,point,4
4040.0,0.340053,0.091601,0.459683,0.294657,-0.025370,0.020289,0.191474,0.241790,point,4
4045.0,0.365675,0.111959,0.572104,0.466657,0.178872,-0.049397,-0.061871,0.136969,point,4
4050.0,0.419166,0.196303,0.485001,0.406090,0.099964,-0.006415,0.091455,0.066736,point,4
4055.0,0.322512,0.146811,0.464103,0.152233,0.219630,0.150168,0.215687,0.164006,point,4
4060.0,0.224895,0.095652,0.434010,0.274926,0.013965,0.168999,0.052380,-0.043491,point,4
4065.0,0.399696,0.188831,0.445955,0.203878,0.060102,-0.041851,0.028880,0.026911,point,4
4070.0,0.439984,0.303079,0.554367,0.436888,-0.002854,0.013338,-0.043420,0.165540,point,4
4075.0,0.343393,0.125393,0.450296,0.319542,0.061464,0.043904,0.136587,-0.099365,point,4
4080.0,0.382419,0.109341,0.418400,0.238576,-0.091928,0.096848,-0.011610,0.094837,point,4
4085.0,0.312041,0.113650,0.404839,0.302733,0.104796,-0.090785,0.042415,0.092574,point,4
4090.0,0.282338,0.204834,0.405699,0.091411,0.075878,-0.078240,-0.048760,0.207538,point,4
4095.0,0.432114,0.052064,0.337832,0.213203,0.045396,0.089170,0.174552,-0.076636,point,4
4100.0,0.381000,0.077735,0.389970,0.302915,0.018771,-0.105923,0.142391,0.178770,point,4
4105.0,0.389229,-0.022995,0.569874,0.367654,-0.021580,0.014256,0.047473,0.005242,point,4
4110.0,0.470169,0.005291,0.433472,0.144695,0.108217,0.062967,-0.042332,0.014239,point,4
4115.0,0.265613,0.058576,0.506353,0.269508,-0.043687,0.083253,0.172873,-0.047760,point,4
4120.0,0.305838,0.095525,0.251699,0.380775,0.090952,0.038663,0.020725,-0.037028,point,4
4125.0,0.362635,0.241527,0.495465,0.183884,0.215956,0.020739,-0.038416,0.082282,point,4
4130.0,0.304855,0.142879,0.437092,0.318335,0.168842,0.117566,-0.090969,-0.038987,point,4
4135.0,0.412651,0.027034,0.411485,0.305278,-0.070410,0.072816,-0.001677,0.109223,point,4
4140.0,0.335008,0.041762,0.464477,0.437150,0.007061,-0.001761,-0.066371,-0.003037,point,4
4145.0,0.270597,0.209980,0.410334,0.281589,0.083716,0.053018,0.000174,-0.047043,point,4
4150.0,0.355262,0.190129,0.280090,0.286272,0.044377,0.080654,0.109553,0.007775,point,4
4155.0,0.363627,0.102252,0.523780,0.368397,-0.061952,0.187459,0.019968,0.076937,point,4
4160.0,0.424775,0.064598,0.469441,0.193892,0.080825,0.112906,0.078455,0.027812,point,4
4165.0,0.381451,0.189995,0.424885,0.282329,0.049199,0.147165,-0.007867,0.052737,point,4
4170.0,0.386892,0.020534,0.372705,0.263542,0.203146,0.001151,0.055214,0.105697,point,4
4175.0,0.375623,0.131362,0.332411,0.288887,0.029742,0.008065,0.203672,0.136594,point,4
4180.0,0.334942,0.281813,0.467911,0.367873,0.143440,0.031170,0.022121,0.025192,point,4
4185.0,0.292702,0.116428,0.579075,0.344333,-0.051367,0.038514,0.080754,-0.033538,point,4
4190.0,0.373107,0.037951,0.466253,0.240105,-0.032241,-0.030642,-0.075242,0.056088,point,4
4195.0,0.323350,0.132830,0.339379,0.310936,0.107733,0.151275,0.171608,0.087652,point,4
4200.0,0.485186,0.062399,0.468009,0.419235,0.136698,0.120668,0.011823,-0.066858,point,4
4205.0,0.457375,-0.011529,0.445733,0.233491,-0.026591,0.025546,0.134043,-0.021249,point,4
4210.0,0.400627,0.156083,0.519123,0.311613,0.051926,0.101337,0.040146,-0.007535,point,4
4215.0,0.380277,0.189427,0.498539,0.284547,-0.060526,0.067832,0.098926,0.033374,point,4
4220.0,0.342963,0.075127,0.211134,0.294960,0.035502,0.107586,0.103681,-0.010883,point,4
4225.0,0.249110,0.069821,0.493619,0.169547,0.116954,-0.057545,0.013805,0.106563,point,4
4230.0,0.332706,0.023075,0.369722,0.412861,0.015203,0.038347,0.137353,-0.078411,point,4
4235.0,0.358112,0.088005,0.336262,0.238052,0.030077,0.045357,-0.010719,-0.076377,point,4
4240.0,0.368357,0.055011,0.434922,0.382086,-0.040384,0.099891,0.112235,0.023289,point,4
4245.0,0.387563,0.019117,0.482878,0.250290,-0.001869,-0.000275,0.018784,0.035948,point,4
4250.0,0.423706,0.251373,0.318741,0.249960,0.190649,-0.149994,0.077965,-0.066372,point,4
4255.0,0.294628,0.137319,0.506366,0.397050,0.055834,-0.036536,0.013041,0.001460,point,4
4260.0,0.295354,0.145792,0.511067,0.379511,-0.030185,0.045116,0.053998,0.017916,point,4
4265.0,0.466069,0.170672,0.453758,0.316693,0.024818,0.055111,-0.035975,0.018536,point,4
4270.0,0.411679,0.161683,0.380590,0.360892,-0.077794,0.184700,0.069805,0.062151,point,4
4275.0,0.318738,0.066951,0.371650,0.276916,-0.031133,0.096620,0.053535,-0.002926,point,4
4280.0,0.341423,0.121804,0.532075,0.299331,0.158827,0.056522,0.006788,0.168227,point,4
4285.0,0.341783,0.078478,0.329102,0.247070,0.038601,0.047409,0.045598,0.089056,point,4
4290.0,0.352526,0.135077,0.535158,0.372325,0.201258,0.138335,0.060720,-0.014569,point,4
4295.0,0.387815,0.127335,0.436784,0.244527,0.042372,0.002791,0.000691,0.057561,point,4
4300.0,0.551903,0.069275,0.441616,0.418133,0.047045,0.038714,0.039635,0.059824,point,4
4305.0,0.359875,-0.006252,0.308800,0.270742,0.099800,-0.036601,-0.030002,0.145039,point,4
4310.0,0.386883,0.107230,0.420728,0.289572,-0.157253,0.156970,0.228150,0.001891,point,4
4315.0,0.198433,0.077183,0.460455,0.332778,0.061256,0.075099,0.124301,0.102765,point,4
4320.0,0.272075,-0.044788,0.299946,0.263946,0.040287,-0.005772,0.062813,0.046640,point,4
4325.0,0.365917,0.114771,0.399860,0.225414,0.137846,0.033337,0.117348,0.138207,point,4
4330.0,0.286639,0.132921,0.342841,0.223199,0.095381,0.068079,-0.081255,0.114953,point,4
4335.0,-0.000765,0.204727,0.269905,0.251622,-0.027563,0.020280,-0.104721,0.044538,point,4
4340.0,0.242358,0.041223,0.311031,0.148186,0.089625,0.004346,0.010834,0.017411,point,4
4345.0,0.261863,0.029597,0.142423,0.150787,0.015092,-0.001218,-0.031356,0.047087,point,4
4350.0,0.083693,0.004945,0.210075,0.132281,-0.009831,0.033911,0.013663,0.015639,point,4
4355.0,0.170179,0.042113,0.209156,0.133229,0.023735,0.007707,0.023982,0.066557,point,4
4360.0,0.036633,0.033189,0.161450,0.083414,0.009649,0.003913,0.035316,0.016076,point,4
4365.0,0.091795,0.007580,0.103920,0.096033,0.037379,-0.012285,-0.008868,0.003790,point,4
4370.0,0.053667,0.013214,0.065429,0.044167,0.011868,0.008636,0.012594,0.002033,point,4
4375.0,0.016245,-0.005846,0.040025,0.028177,0.006664,0.003560,0.005129,-0.004717,point,4
4380.0,0.022089,0.009972,0.024384,0.016398,0.006990,0.001390,0.004456,0.005414,point,4
4385.0,0.011375,0.000987,0.012699,0.005009,0.003536,0.001696,0.000217,-0.000401,point,4
4390.0,0.002455,0.000630,0.002496,0.001405,0.000730,0.000711,0.001040,0.000893,point,4
4395.0,0.000000,-0.000000,0.000000,0.000000,0.000000,0.000000,0.000000,-0.000000,point,4
4400.0,0.000000,0.000000,-0.000000,0.000000,-0.000000,0.000000,0.000000,0.000000,rest,0
4405.0,0.000148,0.000540,0.000281,0.000954,0.000283,0.001064,0.000488,-0.000978,rest,0
4410.0,0.005506,-0.001211,0.003153,0.000056,0.002237,-0.001452,0.001319,-0.000534,rest,0
4415.0,0.007154,0.001987,0.004240,-0.009804,-0.000388,0.001860,0.001013,0.004355,rest,0
4420.0,-0.002761,0.000368,0.008913,-0.017193,0.004447,-0.002519,-0.006884,0.002539,rest,0
4425.0,0.013288,0.011250,-0.001463,0.009481,0.009398,-0.000946,-0.007503,-0.006877,rest,0
4430.0,0.011744,-0.000591,-0.014664,-0.023617,0.011660,-0.007664,0.004631,0.017377,rest,0
4435.0,-0.021954,-0.000757,-0.002863,0.006369,0.020784,-0.022299,0.009557,0.017302,rest,0
4440.0,-0.003503,-0.002583,0.007865,0.006481,0.010945,0.010549,-0.018456,0.018612,rest,0
4445.0,0.023177,0.003696,-0.029679,-0.002279,0.003862,-0.022736,-0.007154,-0.027995,rest,0
4450.0,0.012063,0.003296,-0.032691,0.006981,-0.001122,0.010258,-0.007777,-0.015920,rest,0
4455.0,-0.014488,-0.010115,0.000354,0.002781,-0.003585,-0.007956,-0.006605,0.047132,rest,0
4460.0,-0.012927,-0.009359,0.055247,0.007062,-0.023146,0.014134,-0.015264,0.015248,rest,0
4465.0,-0.002957,-0.006165,0.022556,0.007939,0.013638,0.006096,-0.006230,0.008569,rest,0
4470.0,0.013091,0.001459,0.019504,0.009207,0.002295,0.002723,0.001486,-0.013546,rest,0
4475.0,-0.000680,0.001669,-0.003139,0.002548,0.000161,0.005838,0.005003,0.001261,rest,0
4480.0,-0.006194,0.008113,-0.000643,-0.000366,-0.001552,-0.002213,0.006995,0.006279,rest,0
4485.0,0.000937,-0.000227,0.001305,0.000156,-0.000401,0.000713,-0.000930,0.000532,rest,0
4490.0,0.000111,0.000327,-0.000335,0.000385,-0.000491,-0.000310,-0.000287,-0.000581,rest,0
4495.0,0.000000,-0.000000,-0.000000,0.000000,-0.000000,-0.000000,-0.000000,0.000000,rest,0
4500.0,0.000000,0.000000,0.000000,0.000000,0.000000,0.000000,0.000000,0.000000,thumbs_up,5
4505.0,0.000707,0.001125,-0.000444,0.000826,0.004202,0.001708,0.000924,0.000752,thumbs_up,5
4510.0,0.002393,-0.001763,0.003039,0.000986,0.016655,0.011316,0.000478,0.000142,thumbs_up,5
4515.0,0.003201,-0.001311,0.002831,-0.003445,0.029433,0.019154,0.005759,0.002591,thumbs_up,5
4520.0,0.000807,0.027512,0.000664,-0.005930,0.056710,0.050377,0.006454,0.014335,thumbs_up,5
4525.0,-0.002335,0.004325,0.016859,0.018249,0.061589,0.057129,0.016825,-0.005872,thumbs_up,5
4530.0,0.033085,-0.021873,0.007909,-0.010981,0.120494,0.066974,0.012698,0.041979,thumbs_up,5
4535.0,0.031760,0.000970,-0.012355,0.023241,0.138965,0.115994,-0.023730,-0.016320,thumbs_up,5
4540.0,-0.001972,-0.061896,0.071393,0.021346,0.193109,0.117904,0.047170,0.008073,thumbs_up,5
4545.0,0.023388,0.030462,0.021378,0.035254,0.182563,0.220532,0.018902,-0.011440,thumbs_up,5
4550.0,0.013519,0.059702,0.022620,0.045630,0.302920,0.208075,0.058859,0.117048,thumbs_up,5
4555.0,-0.024155,-0.013760,0.010555,-0.014817,0.248570,0.232725,0.063133,0.005839,thumbs_up,5
4560.0,0.043491,0.008359,0.097801,-0.018993,0.380551,0.302987,-0.008035,0.006727,thumbs_up,5
4565.0,0.012570,0.092919,0.006007,0.080396,0.338910,0.239703,-0.017388,0.015255,thumbs_up,5
4570.0,-0.021387,-0.073474,-0.060073,-0.000284,0.393443,0.242310,0.083604,0.047054,thumbs_up,5
4575.0,-0.059738,-0.048718,-0.003754,-0.148634,0.561603,0.378262,0.022503,0.020741,thumbs_up,5
4580.0,-0.069291,0.029293,0.144056,0.094013,0.550820,0.287874,0.115245,0.036322,thumbs_up,5
4585.0,0.019474,-0.009779,0.111907,-0.031585,0.616252,0.299516,0.034314,-0.223041,thumbs_up,5
4590.0,0.042565,0.026106,0.029169,0.086101,0.664974,0.460156,0.129957,0.053780,thumbs_up,5
4595.0,-0.019992,-0.051017,0.159601,0.161164,0.487381,0.441288,0.083728,0.051341,thumbs_up,5
4600.0,0.102059,0.067145,0.109835,0.051341,0.669918,0.299694,0.073038,0.133086,thumbs_up,5
4605.0,0.044756,0.038061,0.028673,0.129661,0.432760,0.350469,0.020079,0.154725,thumbs_up,5
4610.0,0.096151,0.093935,0.036727,0.062304,0.609688,0.327701,0.068594,0.034983,thumbs_up,5
4615.0,0.035367,0.066032,0.076345,0.176994,0.510533,0.542106,0.145428,0.115298,thumbs_up,5
4620.0,-0.012969,0.066535,-0.016551,-0.034969,0.475576,0.472481,0.045663,-0.038126,thumbs_up,5
4625.0,0.059129,-0.065705,0.050360,0.049343,0.599158,0.366332,0.092494,0.111387,thumbs_up,5
4630.0,-0.051014,0.089407,0.074681,0.103853,0.625596,0.446096,0.053709,0.004202,thumbs_up,5
4635.0,0.093155,0.023531,-0.084957,0.034767,0.623221,0.291505,0.059968,-0.044776,thumbs_up,5
4640.0,-0.024972,0.036672,0.034854,0.142178,0.567189,0.346188,0.187873,0.035153,thumbs_up,5
4645.0,0.123459,0.133861,0.025756,0.015437,0.560557,0.408389,0.146138,0.162038,thumbs_up,5
4650.0,0.022924,-0.007555,0.132245,0.215550,0.592149,0.436178,0.056352,0.064480,thumbs_up,5
4655.0,0.135003,0.158095,-0.097560,0.219776,0.574301,0.392203,0.067156,0.169719,thumbs_up,5
4660.0,-0.039810,0.165558,0.019480,0.072566,0.593308,0.419841,-0.006150,-0.009899,thumbs_up,5
4665.0,-0.004222,0.110223,0.011460,0.094208,0.566320,0.406267,0.036162,0.133828,thumbs_up,5
4670.0,0.080475,-0.028450,0.126806,0.145334,0.617423,0.386914,0.074752,-0.002173,thumbs_up,5
4675.0,0.143640,-0.124903,0.046516,-0.044976,0.419823,0.376308,0.118049,0.068026,thumbs_up,5
4680.0,0.183329,0.136307,0.193688,-0.054960,0.539498,0.365899,0.109938,0.067335,thumbs_up,5
4685.0,0.053309,0.058911,0.102977,0.150514,0.439292,0.418555,-0.038741,0.102919,thumbs_up,5
4690.0,0.197020,-0.009616,0.017182,0.071919,0.572136,0.432865,0.128159,0.070059,thumbs_up,5
4695.0,0.026827,0.143885,0.069173,0.031880,0.681354,0.415869,0.042898,-0.009135,thumbs_up,5
4700.0,0.137901,-0.018925,0.021674,0.050890,0.512073,0.305712,-0.028959,0.120425,thumbs_up,5
4705.0,-0.025374,0.016068,0.118752,-0.140883,0.560180,0.320086,0.156911,0.188533,thumbs_up,5
4710.0,0.083616,0.091991,-0.056576,0.034755,0.610519,0.431911,0.167062,0.003296,thumbs_up,5
4715.0,-0.137335,-0.039088,-0.015896,-0.010244,0.384582,0.517734,0.071100,-0.096819,thumbs_up,5
4720.0,-0.039727,0.041242,0.086455,0.123446,0.508231,0.412193,0.106703,0.089946,thumbs_up,5
4725.0,0.087334,0.137131,0.148061,0.129602,0.579161,0.367067,0.111396,0.023506,thumbs_up,5
4730.0,-0.054995,0.066889,-0.126157,0.096134,0.318240,0.417947,0.161662,0.039512,thumbs_up,5
4735.0,0.084156,0.149794,0.159958,0.081637,0.471855,0.309054,0.108245,0.094494,thumbs_up,5
4740.0,0.122517,0.140688,0.038789,-0.069788,0.638069,0.504715,-0.056215,0.013489,thumbs_up,5
4745.0,0.009894,0.050619,-0.100710,0.097251,0.630240,0.414928,0.210785,0.028492,thumbs_up,5
4750.0,-0.027516,-0.136939,-0.190138,0.100352,0.579945,0.346443,0.135253,0.041990,thumbs_up,5
4755.0,0.012065,-0.038462,-0.072351,0.149615,0.620576,0.386656,0.009238,0.167580,thumbs_up,5
4760.0,-0.027265,0.111067,0.048424,0.219457,0.567208,0.357837,-0.032370,0.052406,thumbs_up,5
4765.0,0.041903,-0.074020,0.044728,-0.085405,0.594432,0.504934,0.090385,-0.048854,thumbs_up,5
4770.0,0.058167,0.023865,0.100656,0.018922,0.524748,0.383821,0.027739,-0.045670,thumbs_up,5
4775.0,0.025519,0.077078,0.006041,-0.009381,0.559265,0.412429,0.076400,0.061138,thumbs_up,5
4780.0,0.183949,0.167566,-0.038643,0.063801,0.499410,0.445898,0.109473,-0.040354,thumbs_up,5
4785.0,-0.007552,0.003998,0.016953,0.051072,0.651079,0.340739,0.004685,-0.074984,thumbs_up,5
4790.0,0.161315,-0.001479,0.052689,0.031273,0.671725,0.415497,-0.039289,0.100843,thumbs_up,5
4795.0,-0.033299,0.045804,0.068462,0.132208,0.660393,0.421955,0.080865,0.104760,thumbs_up,5
4800.0,0.055822,0.078073,-0.013133,-0.038113,0.517351,0.275674,0.007329,0.020549,thumbs_up,5
4805.0,0.144648,0.037660,0.122116,-0.033290,0.473698,0.420216,0.061688,0.073493,thumbs_up,5
4810.0,0.140509,0.133941,0.000288,-0.031938,0.652158,0.396339,-0.057466,0.065050,thumbs_up,5
4815.0,0.016379,-0.013932,-0.019577,0.021174,0.593513,0.410397,0.029825,0.098194,thumbs_up,5
4820.0,0.094406,0.059613,0.006609,-0.048287,0.576287,0.402850,0.107196,0.098380,thumbs_up,5
4825.0,0.083694,0.085617,0.135987,0.046114,0.499309,0.420734,0.098475,-0.158463,thumbs_up,5
4830.0,0.006805,0.017981,0.039376,0.036761,0.584053,0.506987,-0.013069,0.030760,thumbs_up,5
4835.0,0.099276,0.117177,-0.005561,-0.012921,0.463178,0.305639,-0.043461,0.091432,thumbs_up,5
4840.0,0.198999,0.061917,0.124089,0.119901,0.600725,0.372628,0.051261,0.017163,thumbs_up,5
4845.0,0.087736,0.113108,0.221420,0.045240,0.660311,0.453330,0.094883,0.052896,thumbs_up,5
4850.0,0.095309,0.065528,0.066775,0.135012,0.680484,0.438474,0.082414,0.110056,thumbs_up,5
4855.0,0.103772,0.080112,0.148707,0.034396,0.606682,0.436752,0.009027,0.056474,thumbs_up,5
4860.0,-0.066878,-0.000591,0.132886,0.048064,0.439438,0.620286,0.073826,0.170634,thumbs_up,5
4865.0,0.086818,-0.000462,0.001549,0.004977,0.565786,0.449131,0.170188,0.140159,thumbs_up,5
4870.0,-0.031341,0.147952,0.052131,0.049436,0.721175,0.490475,0.066412,0.040515,thumbs_up,5
4875.0,0.002809,0.100841,-0.052604,0.106979,0.480511,0.375434,-0.080652,0.034156,thumbs_up,5
4880.0,0.222955,-0.031837,0.033605,0.017093,0.545265,0.320567,0.066256,-0.178026,thumbs_up,5
4885.0,0.029739,0.064469,-0.000095,0.091473,0.663082,0.374855,0.213517,0.023880,thumbs_up,5
4890.0,-0.009214,-0.139902,0.017769,-0.015020,0.599371,0.456957,-0.052991,-0.058262,thumbs_up,5
4895.0,0.142207,0.004085,-0.009992,0.110724,0.748412,0.432546,0.052378,0.067698,thumbs_up,5
4900.0,-0.025814,0.126882,0.027032,0.003608,0.491370,0.432260,0.031893,0.062230,thumbs_up,5
4905.0,0.014206,0.039988,0.092579,0.118134,0.470820,0.382852,0.057671,0.105668,thumbs_up,5
4910.0,0.149924,0.059433,0.040441,0.054878,0.647930,0.370096,0.065540,0.161734,thumbs_up,5
4915.0,0.053421,-0.191310,-0.099150,0.171676,0.454330,0.385611,0.141198,0.047898,thumbs_up,5
4920.0,-0.074928,0.018620,-0.009690,-0.042325,0.534259,0.457958,0.056783,0.232433,thumbs_up,5
4925.0,0.093519,0.077062,-0.071552,-0.068094,0.544748,0.467258,0.152181,0.068596,thumbs_up,5
4930.0,0.018283,0.087223,0.069525,0.000703,0.632879,0.319501,0.040588,-0.054817,thumbs_up,5
4935.0,0.173188,0.126988,0.090265,-0.060769,0.599141,0.460987,0.021989,0.005034,thumbs_up,5
4940.0,0.001505,0.033179,0.070524,-0.060619,0.586565,0.347942,-0.003535,0.020180,thumbs_up,5
4945.0,0.134098,0.036748,-0.012992,0.099724,0.517806,0.437514,-0.095367,0.097370,thumbs_up,5
4950.0,0.192056,-0.056569,0.069748,0.049666,0.647200,0.384643,0.072063,-0.025780,thumbs_up,5
4955.0,-0.018075,0.033638,0.012391,0.011626,0.872066,0.525263,0.214320,0.026162,thumbs_up,5
4960.0,0.034543,-0.050926,-0.041058,0.019043,0.605303,0.366554,0.086659,0.037117,thumbs_up,5
4965.0,0.081090,-0.097830,0.109354,0.002221,0.557974,0.414289,0.104940,0.014150,thumbs_up,5
4970.0,-0.018588,-0.036814,0.115442,0.182030,0.446171,0.448527,0.016957,0.114913,thumbs_up,5
4975.0,0.071624,0.170695,0.125912,-0.008840,0.499001,0.330083,0.030453,0.101306,thumbs_up,5
4980.0,0.032006,0.028355,0.001332,-0.055771,0.532903,0.394171,0.128771,0.143325,thumbs_up,5
4985.0,0.030395,0.067590,0.144349,0.113684,0.507232,0.378673,0.210695,0.023518,thumbs_up,5
4990.0,0.053915,0.008920,0.010513,0.032740,0.548714,0.358895,0.169036,0.146202,thumbs_up,5
4995.0,0.055701,-0.093244,0.102280,0.213102,0.692241,0.364822,0.114420,-0.059120,thumbs_up,5
5000.0,0.063110,0.124889,0.009127,0.007904,0.649773,0.488961,0.052812,-0.061071,thumbs_up,5
5005.0,0.002094,-0.123776,0.032081,0.117679,0.537293,0.352116,0.066778,-0.047104,thumbs_up,5
5010.0,0.005586,0.005617,-0.143694,0.136576,0.453338,0.445313,-0.010281,0.050737,thumbs_up,5
5015.0,0.040513,0.045631,0.025847,0.008293,0.656989,0.425168,-0.065853,0.146190,thumbs_up,5
5020.0,0.046419,0.068439,0.057287,-0.009434,0.546076,0.288242,-0.040144,0.001829,thumbs_up,5
5025.0,0.014892,-0.008118,0.017196,0.109309,0.411880,0.441534,0.053984,0.011865,thumbs_up,5
5030.0,0.075915,-0.097037,0.190495,0.095991,0.606994,0.286919,0.026641,0.032719,thumbs_up,5
5035.0,-0.095181,-0.014087,-0.042997,-0.062849,0.632055,0.450247,-0.067555,0.095826,thumbs_up,5
5040.0,-0.008437,-0.009901,0.004914,-0.040275,0.355927,0.359425,0.047014,0.011790,thumbs_up,5
5045.0,0.027606,-0.011847,-0.022390,-0.152914,0.484036,0.400669,0.024526,0.007327,thumbs_up,5
5050.0,-0.018489,0.127605,0.004898,0.097631,0.541164,0.296458,-0.043828,-0.057632,thumbs_up,5
5055.0,0.180336,-0.047088,0.132513,0.029054,0.608761,0.409791,0.020386,0.004262,thumbs_up,5
5060.0,0.051509,0.074078,0.168243,0.037028,0.508740,0.474156,0.024324,0.144197,thumbs_up,5
5065.0,0.064142,0.062664,-0.006063,-0.085316,0.483429,0.335443,0.000669,0.057274,thumbs_up,5
5070.0,0.011342,0.126836,-0.007841,-0.037848,0.608174,0.351427,0.124134,-0.009188,thumbs_up,5
5075.0,0.048738,0.039349,-0.042570,0.011763,0.512534,0.436370,-0.102232,0.148892,thumbs_up,5
5080.0,-0.047220,0.113290,0.154503,-0.003786,0.593364,0.438369,-0.108864,0.003183,thumbs_up,5
5085.0,0.036415,0.036222,0.139680,0.059427,0.461079,0.205266,0.050263,0.163596,thumbs_up,5
5090.0,-0.024961,0.084751,0.041521,0.096677,0.441813,0.561233,0.057690,0.162289,thumbs_up,5
5095.0,0.027808,-0.070235,-0.061688,0.231569,0.610422,0.442284,0.082337,0.054481,thumbs_up,5
5100.0,-0.154793,-0.161062,-0.054533,0.048399,0.570202,0.455754,0.006882,-0.069884,thumbs_up,5
5105.0,-0.040240,0.080204,0.063650,0.139232,0.623796,0.388517,-0.023434,0.233160,thumbs_up,5
5110.0,0.167114,0.084495,0.093947,-0.016398,0.507393,0.251572,0.049415,0.080982,thumbs_up,5
5115.0,0.116432,0.088040,-0.115292,-0.083996,0.486392,0.453978,0.014674,0.024089,thumbs_up,5
5120.0,0.155523,0.008005,0.024295,0.021816,0.658858,0.354785,0.174086,0.126490,thumbs_up,5
5125.0,0.161018,0.169178,0.179464,-0.077818,0.428163,0.443515,0.024062,0.106184,thumbs_up,5
5130.0,0.103839,0.013210,0.032599,0.051174,0.650117,0.382496,0.045745,0.154875,thumbs_up,5
5135.0,0.013771,0.083670,0.169171,-0.012436,0.655640,0.419043,0.248033,-0.002988,thumbs_up,5
5140.0,-0.032980,0.097571,0.101924,-0.106342,0.618807,0.338000,0.034419,0.075478,thumbs_up,5
5145.0,0.141740,0.187499,-0.036742,0.188882,0.494975,0.469151,0.094493,-0.044870,thumbs_up,5
5150.0,0.055165,0.024638,0.026586,0.006995,0.484678,0.304930,0.101705,0.103307,thumbs_up,5
5155.0,0.249522,-0.002255,0.039704,-0.081010,0.533196,0.579646,0.108512,0.048164,thumbs_up,5
5160.0,0.020792,-0.069852,-0.026201,0.121854,0.446397,0.579036,0.073159,0.072481,thumbs_up,5
5165.0,0.207832,0.174189,-0.027589,-0.008289,0.473064,0.530616,0.065507,0.038292,thumbs_up,5
5170.0,0.037457,0.083713,0.170541,0.137213,0.601579,0.502038,0.058027,0.029921,thumbs_up,5
5175.0,0.156884,0.086245,-0.028189,-0.008672,0.601948,0.393236,0.003920,-0.019458,thumbs_up,5
5180.0,0.185735,0.299336,0.136275,0.006728,0.466034,0.493324,0.076042,0.113234,thumbs_up,5
5185.0,-0.031836,0.076004,0.015081,0.077587,0.604090,0.392306,0.212292,0.169176,thumbs_up,5
5190.0,0.011200,-0.054186,0.047949,0.097458,0.586344,0.275719,0.146855,0.005467,thumbs_up,5
5195.0,-0.032638,0.034328,0.094948,0.111479,0.670791,0.520256,0.074313,0.094283,thumbs_up,5
5200.0,-0.048396,-0.027983,0.002115,0.042821,0.595531,0.490306,0.118466,0.084575,thumbs_up,5
5205.0,0.103365,0.018331,0.095432,0.092289,0.634686,0.397493,-0.019534,0.050648,thumbs_up,5
5210.0,0.034270,0.017793,-0.113714,0.109650,0.588166,0.301985,0.029159,-0.072128,thumbs_up,5
5215.0,0.054189,0.003038,0.085177,0.066046,0.628394,0.353104,0.125828,-0.054128,thumbs_up,5
5220.0,0.094499,-0.061463,-0.147482,0.038587,0.447031,0.254308,0.168973,-0.012479,thumbs_up,5
5225.0,-0.098591,0.177400,0.031852,-0.065624,0.540260,0.475606,-0.011669,-0.121120,thumbs_up,5
5230.0,0.152941,0.073908,0.118339,0.097934,0.546881,0.271735,0.011313,0.162642,thumbs_up,5
5235.0,0.022072,0.031962,0.099784,0.053374,0.530500,0.422946,0.224510,0.079416,thumbs_up,5
5240.0,0.092592,0.110611,-0.053873,0.016911,0.585511,0.332505,0.057701,0.047603,thumbs_up,5
5245.0,0.099657,0.087685,-0.043573,0.152221,0.600750,0.285864,0.195869,-0.125219,thumbs_up,5
5250.0,0.159664,0.072055,-0.005094,-0.064227,0.581381,0.419068,0.066549,-0.095910,thumbs_up,5
5255.0,0.041611,0.104800,0.064897,0.181523,0.535845,0.373296,0.069694,0.049813,thumbs_up,5
5260.0,-0.119891,0.060715,-0.112555,0.048218,0.491142,0.467055,0.025561,0.207639,thumbs_up,5
5265.0,0.054570,0.103618,0.048942,0.075401,0.637775,0.298592,0.125404,-0.005892,thumbs_up,5
5270.0,0.066057,0.110249,0.074914,0.018396,0.577979,0.339415,0.158622,0.119104,thumbs_up,5
5275.0,-0.032741,0.063018,0.027357,-0.083366,0.468511,0.208989,-0.032800,0.011608,thumbs_up,5
5280.0,0.061799,0.032368,0.092026,0.038831,0.534505,0.225252,0.021804,0.054419,thumbs_up,5
5285.0,0.021119,0.172432,0.067898,0.076780,0.410536,0.543855,0.123206,0.147175,thumbs_up,5
5290.0,-0.057420,0.011768,0.006668,0.104098,0.552830,0.566688,0.039636,0.022324,thumbs_up,5
5295.0,0.103719,0.081305,-0.104895,0.034157,0.534130,0.407418,0.010529,-0.005208,thumbs_up,5
5300.0,0.004902,0.083113,0.060673,-0.125403,0.504043,0.334094,0.130763,0.163446,thumbs_up,5
5305.0,0.017490,0.001235,-0.026246,-0.073333,0.676768,0.376124,0.138276,0.053645,thumbs_up,5
5310.0,0.012994,-0.014626,0.003733,0.214162,0.457508,0.469886,0.014029,0.137296,thumbs_up,5
5315.0,0.148838,0.021692,0.088330,-0.037403,0.606511,0.358849,0.066989,-0.004820,thumbs_up,5
5320.0,0.046727,0.010623,0.163387,0.164164,0.724937,0.419011,-0.046678,0.162534,thumbs_up,5
5325.0,0.056328,-0.066650,0.046955,-0.024727,0.636181,0.398980,-0.021638,0.071890,thumbs_up,5
5330.0,0.014749,-0.002120,0.094325,0.035404,0.547477,0.354495,0.059933,0.084783,thumbs_up,5
5335.0,0.087029,0.071298,-0.065558,0.100017,0.459275,0.357905,0.052513,0.060530,thumbs_up,5
5340.0,0.157945,0.151275,0.069642,-0.015616,0.441035,0.423466,-0.027350,0.009562,thumbs_up,5
5345.0,0.101829,0.094351,0.045208,0.177377,0.517076,0.321849,-0.007278,0.049865,thumbs_up,5
5350.0,0.104949,-0.157963,0.148338,0.056058,0.495040,0.436138,-0.035204,0.014593,thumbs_up,5
5355.0,0.098498,0.101304,0.006763,0.086868,0.492436,0.362274,0.086405,0.126764,thumbs_up,5
5360.0,-0.060419,0.005348,0.030669,0.028591,0.523895,0.410189,-0.107411,0.033755,thumbs_up,5
5365.0,-0.020090,0.086246,0.134705,0.102698,0.541820,0.510717,-0.030926,-0.069721,thumbs_up,5
5370.0,0.033601,0.048869,0.042637,0.176303,0.588817,0.386545,-0.099035,-0.084354,thumbs_up,5
5375.0,-0.008069,0.034585,-0.038707,0.039497,0.450976,0.473584,0.083522,-0.088137,thumbs_up,5
5380.0,-0.035163,0.041821,0.254131,0.188377,0.495420,0.256637,-0.094219,0.099438,thumbs_up,5
5385.0,-0.099774,0.048206,-0.036287,0.001072,0.537226,0.362371,0.052538,-0.042120,thumbs_up,5
5390.0,-0.057722,0.157552,0.044824,0.111128,0.534361,0.402215,0.181162,0.074007,thumbs_up,5
5395.0,0.029478,0.048427,0.077735,0.089129,0.696914,0.553866,0.183875,0.060926,thumbs_up,5
5400.0,0.044374,0.136621,0.071294,-0.035429,0.567658,0.242810,-0.094319,0.044751,thumbs_up,5
5405.0,-0.013249,0.123374,0.034315,0.066130,0.414797,0.386603,0.072799,0.083836,thumbs_up,5
5410.0,0.054061,0.099228,0.033810,0.048565,0.560110,0.495868,-0.027953,0.060157,thumbs_up,5
5415.0,0.014110,-0.085736,0.028790,-0.016842,0.547701,0.311098,-0.041933,-0.153869,thumbs_up,5
5420.0,0.119988,0.121811,-0.034336,0.068752,0.472089,0.334816,0.035777,0.021078,thumbs_up,5
5425.0,0.030257,0.010911,0.181216,0.050364,0.369690,0.348151,0.121016,0.068569,thumbs_up,5
5430.0,0.079280,0.080444,0.024301,0.033145,0.517983,0.311071,0.073480,0.135917,thumbs_up,5
5435.0,0.044876,-0.018831,0.066209,0.030149,0.314546,0.355761,-0.004884,0.125244,thumbs_up,5
5440.0,-0.037300,-0.026884,0.013937,0.025680,0.361725,0.261532,0.063843,-0.035432,thumbs_up,5
5445.0,0.022234,0.108245,0.011245,0.010706,0.294397,0.263303,-0.067355,0.011454,thumbs_up,5
5450.0,-0.021481,-0.011679,0.005965,0.026906,0.262988,0.163228,-0.004501,-0.033107,thumbs_up,5
5455.0,0.014923,0.051134,-0.026702,-0.000546,0.247769,0.122977,-0.005742,0.061926,thumbs_up,5
5460.0,-0.002745,0.016989,0.010612,0.074997,0.169944,0.109103,0.016072,0.037429,thumbs_up,5
5465.0,0.017398,0.003540,0.003766,-0.013551,0.109130,0.066361,0.007294,0.016856,thumbs_up,5
5470.0,-0.008817,0.007131,0.022081,0.000495,0.098095,0.067398,0.005943,0.009723,thumbs_up,5
5475.0,0.005132,-0.005424,-0.004586,0.000957,0.050090,0.037016,0.003612,0.016090,thumbs_up,5
5480.0,0.005486,0.002801,0.000219,0.012213,0.032249,0.019831,0.002966,0.008414,thumbs_up,5
5485.0,0.003155,-0.000942,-0.000563,-0.001431,0.011491,0.011319,0.002398,0.003670,thumbs_up,5
5490.0,-0.000072,0.000119,0.001071,0.000544,0.003026,0.001998,0.000401,0.000560,thumbs_up,5
5495.0,0.000000,0.000000,-0.000000,0.000000,0.000000,0.000000,0.000000,0.000000,thumbs_up,5
5500.0,0.000000,0.000000,-0.000000,-0.000000,0.000000,0.000000,-0.000000,-0.000000,rest,0
5505.0,0.000190,0.000264,-0.000283,0.001021,0.000229,0.000288,0.000953,-0.000243,rest,0
5510.0,-0.000186,-0.002643,-0.000363,-0.003140,0.001577,0.000886,-0.000584,-0.000212,rest,0
5515.0,0.003450,-0.005146,0.000925,0.003169,-0.008075,0.003103,-0.007584,-0.000533,rest,0
5520.0,-0.008778,0.010799,-0.008731,-0.012451,0.001006,-0.003121,-0.011352,0.003967,rest,0
5525.0,-0.021560,-0.011218,-0.006227,0.008685,0.014024,0.011938,-0.001659,-0.026278,rest,0
5530.0,0.005479,0.020613,0.017294,0.006489,-0.016673,-0.007363,0.027106,-0.019858,rest,0
5535.0,-0.019253,0.015809,-0.007232,-0.019821,0.025628,0.007733,-0.006404,-0.019218,rest,0
5540.0,0.038480,-0.000460,0.026262,0.016796,-0.009790,-0.009641,0.027183,0.027488,rest,0
5545.0,-0.037282,0.010921,-0.002408,-0.020526,0.005199,-0.026808,-0.009265,-0.015861,rest,0
5550.0,-0.009928,-0.001420,-0.020173,0.031249,0.009798,0.035647,-0.003180,-0.010901,rest,0
5555.0,0.033049,-0.010864,-0.003351,0.013533,-0.023263,0.013369,0.010964,0.023857,rest,0
5560.0,0.014929,0.021804,-0.001852,-0.014469,0.035390,-0.025607,-0.023927,0.009479,rest,0
5565.0,0.022777,0.002657,0.014007,-0.027975,-0.007002,-0.026267,0.010939,-0.021687,rest,0
5570.0,-0.013833,0.005565,0.011495,-0.001721,0.006173,0.005822,-0.002332,-0.011851,rest,0
5575.0,0.004262,0.004626,0.006746,0.002355,-0.008817,0.005209,-0.000010,-0.003642,rest,0
5580.0,-0.001335,-0.003127,0.004027,-0.006425,-0.004501,-0.001490,0.007311,0.004776,rest,0
5585.0,-0.003460,0.002849,0.002845,-0.002476,-0.005317,-0.000152,0.002367,0.003355,rest,0
5590.0,-0.000472,0.000949,-0.001207,-0.000199,-0.000226,0.000624,0.000703,0.000517,rest,0
5595.0,-0.000000,0.000000,0.000000,-0.000000,-0.000000,0.000000,-0.000000,-0.000000,rest,0
5600.0,0.000000,-0.000000,0.000000,0.000000,0.000000,0.000000,-0.000000,-0.000000,peace,6
5605.0,0.002131,0.000898,0.003267,0.000553,-0.001273,0.000181,-0.000048,-0.000091,peace,6
5610.0,0.007549,0.003826,0.020244,0.005190,0.000885,0.002632,0.001177,-0.000472,peace,6
5615.0,0.010071,0.001521,0.028464,0.005752,0.007913,0.007789,-0.005115,0.003531,peace,6
5620.0,0.045210,0.018339,0.038558,-0.000038,0.012431,0.004314,0.011653,-0.004771,peace,6
5625.0,0.058434,0.013447,0.064836,0.012191,-0.007310,0.004723,-0.004153,0.028359,peace,6
5630.0,0.058996,-0.004359,0.131901,-0.014532,0.005724,0.019830,0.002652,0.011550,peace,6
5635.0,0.078953,0.005732,0.187651,0.000893,-0.043679,0.008425,0.009409,0.011469,peace,6
5640.0,0.118646,0.050749,0.178806,0.054437,0.029968,0.008229,0.019179,0.064028,peace,6
5645.0,0.092181,0.054459,0.286844,0.035272,-0.044266,0.058471,0.009897,0.021422,peace,6
5650.0,0.169467,-0.018019,0.316931,0.090399,0.073047,0.078427,0.023203,0.042664,peace,6
5655.0,0.116127,0.023316,0.320912,-0.034412,0.086773,0.082032,0.027138,-0.006038,peace,6
5660.0,0.199369,0.044893,0.358404,0.054593,0.008162,0.024750,0.009643,-0.040394,peace,6
5665.0,0.154886,0.007044,0.423352,0.046469,0.068777,-0.090887,-0.008892,0.000878,peace,6
5670.0,0.171858,0.194770,0.506218,0.144037,0.026635,0.031134,0.111429,0.183616,peace,6
5675.0,0.377379,0.060055,0.508627,0.134479,0.060632,-0.009301,-0.103470,0.087987,peace,6
5680.0,0.281150,0.041568,0.457474,0.139663,-0.038547,0.036555,0.030946,0.066393,peace,6
5685.0,0.303926,0.139456,0.514615,0.214378,0.095806,-0.003540,0.011988,-0.026985,peace,6
5690.0,0.137069,0.020481,0.698207,0.069528,-0.080114,0.047638,0.082290,0.121114,peace,6
5695.0,0.251831,0.130382,0.569173,0.206471,-0.096238,-0.033088,-0.066236,-0.058520,peace,6
5700.0,0.336897,-0.083419,0.619546,0.016464,0.040246,-0.052457,0.010017,-0.075365,peace,6
5705.0,0.315531,0.013708,0.593191,0.013530,0.033101,0.147815,0.041811,0.005289,peace,6
5710.0,0.127678,0.133926,0.571869,0.160220,0.071784,-0.027573,0.135606,0.206359,peace,6
5715.0,0.316571,0.175616,0.558696,-0.020379,-0.001961,0.050027,0.076575,0.201832,peace,6
5720.0,0.329325,-0.011864,0.621791,0.145821,0.200855,0.126361,-0.044679,0.013901,peace,6
5725.0,0.402701,-0.021186,0.607491,0.108105,0.062848,0.123144,0.011002,-0.003936,peace,6
5730.0,0.247582,0.095396,0.571112,0.185748,0.068631,0.113588,0.120884,-0.081229,peace,6
5735.0,0.120635,0.000157,0.494499,0.095244,0.065779,0.074229,-0.046062,0.056242,peace,6
5740.0,0.220258,0.028514,0.580845,0.104484,0.130233,0.107920,0.043708,0.062961,peace,6
5745.0,0.212235,0.120112,0.544639,0.140741,0.096081,0.159847,0.049270,0.113164,peace,6
5750.0,0.358937,0.006472,0.525340,0.046988,0.085361,0.084002,0.019137,0.122857,peace,6
5755.0,0.082661,-0.107234,0.764302,0.043503,0.108879,-0.096976,0.265660,0.034206,peace,6
5760.0,0.264131,-0.054087,0.426876,0.137954,-0.095969,0.007717,0.016981,0.094482,peace,6
5765.0,0.414064,0.050796,0.626681,0.097657,-0.092948,0.105710,0.085981,-0.006051,peace,6
5770.0,0.300577,-0.099074,0.480986,0.067415,0.043915,-0.000168,-0.011304,0.092963,peace,6
5775.0,0.371705,0.026227,0.560496,0.093377,0.034186,0.179608,0.092220,0.009421,peace,6
5780.0,0.168656,-0.061368,0.755487,0.227565,0.096385,0.044946,0.119663,0.086757,peace,6
5785.0,0.171841,0.181195,0.473010,0.064559,0.051601,0.056820,0.002963,0.080280,peace,6
5790.0,0.414979,0.223211,0.492090,0.062238,0.096549,0.139980,0.045624,0.055504,peace,6
5795.0,0.308097,-0.034656,0.548599,-0.036596,-0.049648,0.035372,-0.021622,0.113563,peace,6
5800.0,0.308262,0.070541,0.482223,0.096612,0.049140,0.064102,-0.041552,-0.075632,peace,6
5805.0,0.210548,-0.026832,0.620724,0.152551,-0.057285,0.121930,0.132944,-0.035193,peace,6
5810.0,0.308063,0.025255,0.507238,0.166896,0.080949,-0.067782,0.005680,0.028395,peace,6
5815.0,0.208325,0.194278,0.602321,0.108657,-0.100263,0.027176,-0.143089,-0.065461,peace,6
5820.0,0.394950,0.012665,0.443665,0.176467,0.077865,0.116332,0.191228,0.017451,peace,6
5825.0,0.518226,0.027117,0.405453,0.158498,-0.067520,0.055248,-0.014168,0.020030,peace,6
5830.0,0.338715,-0.025402,0.531681,0.189036,0.019318,0.167387,0.030290,0.154775,peace,6
5835.0,0.249204,0.141695,0.424519,0.178744,0.121594,-0.076074,0.181273,0.061403,peace,6
5840.0,0.097307,-0.211061,0.671462,0.225598,0.068190,-0.085200,0.038661,0.132354,peace,6
5845.0,0.165243,0.014576,0.427616,0.086425,-0.081653,0.111575,0.036933,0.074134,peace,6
5850.0,0.424389,0.046329,0.466985,-0.006165,-0.003792,0.119265,-0.048254,0.007147,peace,6
5855.0,0.217665,-0.002886,0.583090,0.153097,-0.070110,0.034540,-0.080787,0.060697,peace,6
5860.0,0.270333,0.119084,0.503091,0.162444,-0.085581,0.082032,0.036689,0.108354,peace,6
5865.0,0.352426,0.146162,0.428529,0.225600,0.059413,0.109617,0.079025,0.145472,peace,6
5870.0,0.418583,-0.062963,0.713197,0.202503,0.094824,-0.015109,0.074442,0.039415,peace,6
5875.0,0.284033,0.217479,0.469869,0.255638,0.085248,-0.006548,0.011499,-0.081801,peace,6
5880.0,0.267627,-0.063861,0.534299,0.149588,0.098210,0.065178,0.051621,-0.087424,peace,6
5885.0,0.305730,0.153090,0.533265,0.118305,0.049047,0.122327,-0.096977,0.023887,peace,6
5890.0,0.249789,0.061986,0.606825,-0.010799,0.028129,-0.043277,0.086813,-0.137032,peace,6
5895.0,0.254094,0.009704,0.586988,0.124648,-0.035846,0.034164,0.062912,0.193608,peace,6
5900.0,0.332950,0.017251,0.483856,0.055800,0.014794,0.030461,0.207893,0.097755,peace,6
5905.0,0.314823,0.047319,0.523934,0.116921,-0.055708,0.083437,0.050598,-0.000853,peace,6
5910.0,0.470528,0.066673,0.531846,0.104361,-0.017613,0.049304,-0.025414,-0.038772,peace,6
5915.0,0.335108,-0.023612,0.609917,0.137739,0.057114,0.006329,0.045942,0.132250,peace,6
5920.0,0.392092,0.031285,0.456534,0.092214,0.040576,0.149885,0.023776,-0.039091,peace,6
5925.0,0.214297,-0.011654,0.711449,0.174802,0.295178,0.006859,0.084777,-0.031458,peace,6
5930.0,0.342013,-0.047204,0.489265,-0.117852,-0.057664,0.026632,0.052151,-0.011276,peace,6
5935.0,0.242161,-0.015385,0.549300,0.115199,0.039992,-0.077320,-0.050796,0.059127,peace,6
5940.0,0.331636,-0.041998,0.457201,0.196199,-0.063899,-0.007090,-0.080859,0.099664,peace,6
5945.0,0.355081,0.016388,0.446147,0.249604,0.018977,0.091286,0.071033,0.145414,peace,6
5950.0,0.303989,0.084598,0.480046,0.158557,0.022233,0.075648,0.160649,0.133598,peace,6
5955.0,0.492586,0.059657,0.472358,0.234791,0.117590,0.097961,0.056348,0.050062,peace,6
5960.0,0.414238,0.207948,0.516859,0.113515,0.014027,0.094079,0.115064,0.131642,peace,6
5965.0,0.394180,-0.126836,0.471683,0.100229,0.034694,0.217017,0.131025,-0.003680,peace,6
5970.0,0.361143,0.087547,0.605644,0.142353,0.015575,-0.009829,0.071343,-0.095669,peace,6
5975.0,0.441069,0.050514,0.487361,0.099744,-0.062084,-0.079554,-0.015159,-0.003690,peace,6
5980.0,0.185042,0.115254,0.478495,0.037411,-0.002168,-0.034044,0.065625,-0.014501,peace,6
5985.0,0.409623,0.107317,0.518562,0.058781,0.019445,-0.006292,0.146566,-0.000559,peace,6
5990.0,0.220700,0.036801,0.629427,0.011028,0.055906,-0.027946,0.092391,-0.026750,peace,6
5995.0,0.254853,0.063812,0.567190,0.142270,0.094716,0.057493,0.109860,0.013111,peace,6
6000.0,0.344911,-0.009526,0.542025,0.100911,0.031232,0.150212,0.012996,0.099601,peace,6
6005.0,0.398658,0.099094,0.435356,0.071177,0.029826,0.173173,0.033812,0.187221,peace,6
6010.0,0.207714,-0.100310,0.458583,0.054665,-0.087665,0.090345,0.040502,-0.088028,peace,6
6015.0,0.258996,0.112146,0.447727,0.140405,0.093179,0.221302,0.045893,-0.053019,peace,6
6020.0,0.307803,0.048146,0.654548,0.162436,-0.005672,0.021490,0.143437,-0.013316,peace,6
6025.0,0.285091,0.011035,0.592445,0.009559,0.109770,-0.080602,-0.137774,0.111259,peace,6
6030.0,0.368323,0.031397,0.481070,-0.003015,0.155315,0.134254,0.052443,0.033604,peace,6
6035.0,0.574874,0.037264,0.504850,0.176361,0.034967,-0.097088,0.043640,-0.007929,peace,6
6040.0,0.333546,0.153784,0.483977,-0.010011,-0.031865,-0.010400,-0.059720,0.107339,peace,6
6045.0,0.241184,0.308679,0.479131,0.143799,0.048664,0.091609,0.103741,0.126511,peace,6
6050.0,0.196279,0.147590,0.586824,0.229353,0.077896,0.041809,-0.007960,0.048499,peace,6
6055.0,0.273980,0.004774,0.526997,0.229539,0.024758,0.034724,0.021437,-0.015298,peace,6
6060.0,0.224780,0.100383,0.716493,0.159030,0.004877,-0.044463,0.197903,0.071622,peace,6
6065.0,0.337404,0.103866,0.650029,0.156705,0.095083,0.049136,0.130798,0.031339,peace,6
6070.0,0.336162,-0.024013,0.654758,0.280153,0.089806,0.130293,0.095959,0.030719,peace,6
6075.0,0.262947,-0.050864,0.603709,-0.086752,0.022297,0.051597,0.080462,0.009008,peace,6
6080.0,0.458796,0.044938,0.516187,0.062853,-0.082325,-0.016418,0.036826,0.123999,peace,6
6085.0,0.241164,0.114617,0.597823,0.167879,0.086510,-0.049803,0.209950,0.069990,peace,6
6090.0,0.290446,-0.078945,0.522093,0.073017,-0.011386,-0.014768,0.114173,0.132856,peace,6
6095.0,0.351133,-0.007672,0.680422,0.199182,0.067147,0.081387,-0.009964,0.156906,peace,6
6100.0,0.371364,0.095812,0.582342,0.096852,0.062093,0.077488,-0.062008,0.086718,peace,6
6105.0,0.402206,0.053338,0.570989,0.110540,-0.101116,-0.014041,0.095347,0.009482,peace,6
6110.0,0.334280,0.163302,0.560166,0.078026,0.056487,-0.126861,0.045530,0.133226,peace,6
6115.0,0.384073,-0.062909,0.689221,0.058199,0.091163,0.083601,-0.064315,0.087253,peace,6
6120.0,0.246791,0.238173,0.435300,0.056231,0.100972,-0.021817,0.084287,0.258269,peace,6
6125.0,0.373447,-0.073039,0.697063,0.121693,0.059389,0.105125,0.028478,0.074808,peace,6
6130.0,0.372378,-0.112333,0.535108,0.038035,-0.108175,-0.010489,0.092453,0.105815,peace,6
6135.0,0.421031,0.045287,0.437508,0.176256,0.152166,-0.029032,0.085339,0.073234,peace,6
6140.0,0.166525,-0.040757,0.489823,0.152258,0.082882,0.062254,0.001339,0.042072,peace,6
6145.0,0.227425,0.046900,0.417935,0.187953,-0.046266,0.238616,0.100628,0.029297,peace,6
6150.0,0.365851,0.044102,0.602293,0.009686,-0.013021,0.109922,0.010168,0.073540,peace,6
6155.0,0.087891,0.034338,0.466937,-0.035958,0.068498,0.060898,0.015369,0.091694,peace,6
6160.0,0.339361,-0.017393,0.563493,0.099665,0.104383,0.078708,0.007418,0.142351,peace,6
6165.0,0.384784,0.084612,0.640737,0.331904,0.010963,-0.090089,0.140478,0.074708,peace,6
6170.0,0.253890,0.024613,0.496239,0.201297,0.116042,-0.039787,0.027554,0.012969,peace,6
6175.0,0.265585,0.138293,0.528552,0.055644,-0.093421,-0.150874,0.159795,0.023852,peace,6
6180.0,0.214069,0.035570,0.445731,0.133961,-0.033397,0.188390,0.192679,-0.055835,peace,6
6185.0,0.258276,-0.027172,0.518931,0.158207,-0.115149,0.172191,-0.009098,0.182897,peace,6
6190.0,0.260595,-0.085017,0.755922,-0.009471,-0.021792,0.081425,-0.183680,0.006706,peace,6
6195.0,0.245373,0.036231,0.612235,0.209570,0.170646,0.060809,0.133561,0.127395,peace,6
6200.0,0.240986,-0.051536,0.528822,0.086606,0.214624,-0.074127,0.022642,0.072124,peace,6
6205.0,0.278320,-0.057997,0.501065,0.092746,0.068767,0.032456,-0.019295,0.074299,peace,6
6210.0,0.277352,0.092197,0.546589,0.101903,-0.001074,0.193391,0.002903,0.040604,peace,6
6215.0,0.449931,-0.092214,0.560404,0.191563,0.032269,0.060513,0.016815,-0.013024,peace,6
6220.0,0.268465,0.162975,0.516474,0.039585,0.087867,0.004828,0.153775,-0.027483,peace,6
6225.0,0.327532,0.062777,0.592405,-0.036558,-0.075038,-0.090646,0.062793,0.188277,peace,6
6230.0,0.253849,0.046493,0.473724,0.125836,0.004200,0.160424,0.152688,0.059117,peace,6
6235.0,0.252832,-0.032781,0.473329,-0.063493,0.164791,0.044393,0.089538,0.140021,peace,6
6240.0,0.163650,0.111150,0.579616,0.075912,-0.033657,-0.090539,0.025262,0.160793,peace,6
6245.0,0.174291,0.049768,0.456509,0.194950,-0.009922,-0.023941,0.018771,0.017132,peace,6
6250.0,0.203440,-0.004888,0.608321,0.146328,0.051055,-0.052203,0.094929,0.083880,peace,6
6255.0,0.314696,0.065986,0.548858,0.183388,0.072651,0.039461,0.115634,0.053601,peace,6
6260.0,0.386094,-0.084623,0.403767,0.149628,-0.000000,0.066587,0.129743,-0.042577,peace,6
6265.0,0.157067,-0.080826,0.558760,0.292827,0.056157,0.009743,0.029077,0.035162,peace,6
6270.0,0.256074,-0.039615,0.415188,0.052941,0.098635,0.112164,0.064016,0.097001,peace,6
6275.0,0.190649,0.077962,0.605469,0.131851,0.206916,0.056304,0.096723,0.010078,peace,6
6280.0,0.278858,0.049739,0.530103,0.064950,0.039900,0.134985,0.019283,0.024013,peace,6
6285.0,0.386062,0.133918,0.698087,0.176544,0.046696,0.021424,-0.040795,0.036131,peace,6
6290.0,0.264249,-0.023599,0.635705,0.095074,0.172196,0.293626,-0.014502,0.218922,peace,6
6295.0,0.296199,0.095973,0.465145,0.237508,0.006067,0.004841,0.030717,-0.096724,peace,6
6300.0,0.416418,0.040890,0.388341,0.057535,-0.055948,-0.022266,0.102977,0.090131,peace,6
6305.0,0.336632,-0.025444,0.489592,0.212570,0.070020,-0.032104,0.150718,0.029733,peace,6
6310.0,0.239193,0.080825,0.452299,0.147451,0.136094,0.033125,-0.058484,-0.001252,peace,6
6315.0,0.312713,0.044719,0.696059,0.097403,0.078884,-0.087563,0.002212,0.027770,peace,6
6320.0,0.233796,-0.000330,0.549175,0.143395,0.042239,0.073565,0.021371,0.103390,peace,6
6325.0,0.333639,0.053360,0.624673,0.120901,-0.065871,-0.102424,0.113577,0.107962,peace,6
6330.0,0.341227,0.039638,0.527198,0.128476,0.045330,0.062934,0.007751,0.064881,peace,6
6335.0,0.190627,0.037705,0.535627,0.083450,0.148652,-0.058100,0.015621,0.137419,peace,6
6340.0,0.314012,0.016993,0.547390,0.043873,-0.048729,0.019497,-0.062959,0.151507,peace,6
6345.0,0.290594,-0.054396,0.638523,0.073194,0.030420,0.098363,0.088673,0.115310,peace,6
6350.0,0.343574,0.055981,0.574930,-0.034652,0.019001,0.234323,0.037088,0.006305,peace,6
6355.0,0.366508,-0.014217,0.465413,0.167356,-0.005816,-0.036240,-0.002324,0.089555,peace,6
6360.0,0.338196,-0.031626,0.679801,0.001187,0.069834,0.037975,0.029239,0.089936,peace,6
6365.0,0.275745,0.030744,0.526575,0.082588,0.085464,-0.007901,0.140160,-0.015251,peace,6
6370.0,0.374666,0.108722,0.513558,0.151844,0.084626,-0.019590,-0.030391,-0.075555,peace,6
6375.0,0.230155,0.064849,0.323640,0.167152,-0.028145,-0.007198,-0.017333,-0.111822,peace,6
6380.0,0.194358,0.007509,0.600752,-0.041972,-0.081679,0.115925,0.150180,0.055588,peace,6
6385.0,0.044377,0.004292,0.558081,0.092652,0.070991,0.010956,0.056062,0.073843,peace,6
6390.0,0.294389,0.100865,0.557994,0.136780,0.009526,0.229945,0.103580,-0.044543,peace,6
6395.0,0.234276,-0.141739,0.517774,0.104161,0.197065,0.083278,0.082140,0.133683,peace,6
6400.0,0.331820,0.113789,0.503983,0.207526,0.200761,-0.030801,0.047173,0.062177,peace,6
6405.0,0.142302,-0.099921,0.520434,0.034255,0.209255,0.020664,0.022136,0.157956,peace,6
6410.0,0.248226,-0.063233,0.587053,-0.063923,-0.025209,-0.014148,0.116525,0.079643,peace,6
6415.0,0.337622,0.008859,0.601129,0.164826,0.095550,0.114005,0.142987,-0.035307,peace,6
6420.0,0.217613,0.223610,0.531517,0.057033,0.119676,-0.081102,0.136735,0.086662,peace,6
6425.0,0.332741,0.184194,0.625915,-0.040683,0.110668,-0.057276,-0.044838,0.103609,peace,6
6430.0,0.255438,0.106519,0.543682,0.087319,0.021648,0.002676,0.154393,0.006190,peace,6
6435.0,0.297375,0.078523,0.509662,0.198445,0.152333,0.104636,0.021365,-0.065367,peace,6
6440.0,0.347613,-0.098982,0.565873,-0.001060,0.050038,0.148645,-0.010402,0.058024,peace,6
6445.0,0.376224,0.062541,0.441249,0.286880,0.060248,0.160443,0.036454,-0.030068,peace,6
6450.0,0.307399,0.006062,0.568617,0.032969,-0.073027,0.092384,0.116490,0.139671,peace,6
6455.0,0.234879,-0.015334,0.426625,0.106961,0.101581,0.043369,0.093237,0.017426,peace,6
6460.0,0.263357,0.062384,0.467782,0.002469,0.029167,0.113570,0.029569,0.187968,peace,6
6465.0,0.350956,0.012311,0.388505,0.103329,0.087182,-0.041560,0.117013,-0.119933,peace,6
6470.0,0.218300,0.119544,0.535991,0.089300,0.068809,-0.097573,0.061189,0.060784,peace,6
6475.0,0.285755,-0.104876,0.678771,-0.019160,0.064475,0.084931,0.004162,0.164351,peace,6
6480.0,0.269129,0.056001,0.540634,0.326066,0.046343,-0.030454,-0.006643,-0.021224,peace,6
6485.0,0.291731,-0.020328,0.601487,0.060373,0.112928,0.044775,0.082819,0.037264,peace,6
6490.0,0.219257,0.017229,0.738185,0.060443,0.034089,0.059570,0.043399,0.017757,peace,6
6495.0,0.151844,0.074370,0.582324,0.177523,-0.066416,0.069850,-0.060040,-0.004701,peace,6
6500.0,0.341105,-0.039321,0.487991,0.244743,0.095362,0.124821,0.117582,0.069457,peace,6
6505.0,0.371651,0.062221,0.492533,0.187353,-0.014507,0.114872,0.011410,-0.052854,peace,6
6510.0,0.150359,0.031692,0.528045,0.003749,-0.053703,0.062975,0.170273,0.039477,peace,6
6515.0,0.304008,-0.002627,0.460715,0.108048,-0.029320,0.013506,-0.057422,0.084214,peace,6
6520.0,0.338035,0.010801,0.441808,-0.044158,0.063529,0.051250,0.031074,0.028669,peace,6
6525.0,0.283778,0.030719,0.513257,0.140502,0.034509,0.001880,-0.004896,-0.024500,peace,6
6530.0,0.200000,-0.008570,0.474069,-0.023111,-0.090461,0.025714,-0.021025,0.099311,peace,6
6535.0,0.152068,0.034250,0.283281,0.024209,0.013077,0.175729,0.007489,0.073434,peace,6
6540.0,0.183891,0.016648,0.290734,0.059848,0.086125,0.038746,0.114990,-0.019977,peace,6
6545.0,0.166350,0.000571,0.266766,0.070530,0.007228,0.044742,0.031972,-0.027842,peace,6
6550.0,0.135290,0.077915,0.262927,0.034794,0.016165,-0.002831,-0.005865,-0.011501,peace,6
6555.0,0.103067,0.030033,0.231492,0.079947,0.048157,0.047495,-0.034750,0.033787,peace,6
6560.0,0.060955,0.005537,0.218856,0.045093,0.032461,0.031657,-0.025054,0.020580,peace,6
6565.0,0.072093,0.013318,0.110737,0.032736,0.028452,0.024056,0.001530,0.024449,peace,6
6570.0,0.051879,-0.004939,0.079391,0.000253,-0.026396,0.010323,-0.000107,0.003673,peace,6
6575.0,0.031695,0.001510,0.059875,0.023661,0.018921,0.013311,0.003217,-0.002405,peace,6
6580.0,0.017690,0.001397,0.028374,0.002048,0.005779,0.008690,-0.007547,0.007074,peace,6
6585.0,0.011176,-0.001280,0.013862,0.006150,0.006354,0.001869,0.001098,0.000147,peace,6
6590.0,0.001619,0.000524,0.003346,0.001695,-0.000081,0.000264,0.000856,0.000420,peace,6
6595.0,0.000000,0.000000,0.000000,0.000000,-0.000000,0.000000,0.000000,-0.000000,peace,6
6600.0,-0.000000,0.000000,-0.000000,0.000000,-0.000000,-0.000000,-0.000000,0.000000,rest,0
6605.0,-0.000789,0.000453,0.000714,-0.000487,-0.000252,0.000096,-0.001000,-0.000307,rest,0
6610.0,0.003331,0.001364,-0.000409,0.000295,0.001516,0.002016,-0.001452,0.004005,rest,0
6615.0,0.007296,0.003754,-0.004672,-0.005655,-0.001810,0.000337,-0.009802,0.002742,rest,0
6620.0,0.011687,0.005233,-0.006137,-0.007211,0.002722,-0.001392,0.004022,0.005462,rest,0
6625.0,0.013907,-0.014419,0.002823,-0.004629,-0.001256,0.011010,0.012394,0.017811,rest,0
6630.0,0.006821,-0.001763,-0.004053,-0.027802,0.021471,-0.005159,0.008108,0.010882,rest,0
6635.0,-0.023041,-0.017084,0.028623,0.005374,-0.010742,-0.002338,0.020098,0.017287,rest,0
6640.0,-0.029072,0.032407,0.019158,-0.003024,-0.023632,0.020901,0.009447,-0.028908,rest,0
6645.0,-0.004642,0.062523,0.000330,-0.014839,-0.020170,0.035442,0.016955,0.028149,rest,0
6650.0,0.004921,0.024867,-0.016822,0.003224,0.005692,0.027414,0.006323,-0.012404,rest,0
6655.0,0.001186,-0.031017,-0.042943,0.015382,-0.006934,-0.004837,0.015374,0.025848,rest,0
6660.0,0.008566,0.030900,0.008056,0.004843,0.003853,-0.020602,0.015321,-0.039192,rest,0
6665.0,-0.007467,0.000292,-0.010059,-0.005754,0.023427,0.014062,-0.008735,-0.005981,rest,0
6670.0,-0.011592,0.006399,-0.002267,-0.017850,0.000915,0.003985,0.008743,-0.000666,rest,0
6675.0,-0.002066,0.011009,0.000037,0.003988,-0.002990,0.003824,-0.008068,-0.002561,rest,0
6680.0,-0.003153,-0.001579,0.003264,-0.001598,0.001875,0.003960,-0.000072,0.002594,rest,0
6685.0,0.000359,0.000079,0.000507,0.001242,-0.000430,-0.000648,-0.000687,0.000672,rest,0
6690.0,0.000000,-0.000000,-0.000000,-0.000000,0.000000,-0.000000,0.000000,-0.000000,rest,0
6695.0,0.000000,0.000000,0.000000,-0.000000,0.000000,0.000000,-0.000000,0.000000,ok,7
6700.0,0.002444,0.000942,0.001175,0.000415,0.003335,0.000361,0.000144,0.000073,ok,7
6705.0,0.010213,0.004892,0.005031,-0.001467,0.012662,0.002314,0.001788,0.001871,ok,7
6710.0,0.020774,0.000187,0.015496,0.002269,0.028904,0.000387,0.003308,-0.000675,ok,7
6715.0,0.039304,0.009010,0.029240,-0.015266,0.043038,-0.000222,0.001716,-0.008732,ok,7
6720.0,0.059410,0.030368,0.021023,-0.011592,0.083897,0.031191,0.006631,0.003447,ok,7
6725.0,0.059554,0.006259,0.045284,0.005230,0.115205,-0.022318,-0.002748,0.023283,ok,7
6730.0,0.108504,0.050623,0.076973,0.068560,0.172197,0.020650,0.014530,0.020864,ok,7
6735.0,0.149164,0.057261,0.064248,-0.033945,0.180156,-0.016933,0.019722,0.029678,ok,7
6740.0,0.194542,0.053638,0.125197,-0.021761,0.205378,0.007739,-0.009683,0.029597,ok,7
6745.0,0.199361,0.038336,0.117241,0.035027,0.292910,-0.000545,0.037146,0.042839,ok,7
6750.0,0.163671,0.012658,0.115278,0.114935,0.261884,-0.017327,0.042551,0.055418,ok,7
6755.0,0.193095,0.163928,0.172209,0.044820,0.397440,0.035786,0.024859,0.018982,ok,7
6760.0,0.236391,0.112912,0.211037,0.079629,0.439971,-0.116582,0.182763,0.042473,ok,7
6765.0,0.298050,0.103864,0.148649,0.018766,0.490209,0.020210,0.031624,0.154642,ok,7
6770.0,0.297440,0.058551,0.201595,0.008000,0.463469,0.037398,0.024183,0.053646,ok,7
6775.0,0.239968,0.095055,0.265167,0.052196,0.425390,-0.054195,0.014954,0.049271,ok,7
6780.0,0.249235,0.108649,0.181470,-0.002557,0.488380,0.164213,-0.026568,0.055901,ok,7
6785.0,0.179472,0.130072,0.115674,0.106373,0.522699,0.002408,0.103348,0.032094,ok,7
6790.0,0.100279,0.158490,0.126868,-0.078374,0.454451,0.030951,-0.004892,0.015147,ok,7
6795.0,0.339457,0.037402,0.216556,0.121199,0.606649,0.002622,0.004564,0.066694,ok,7
6800.0,0.535618,-0.017328,0.144527,0.053145,0.546407,0.043475,0.006941,0.009543,ok,7
6805.0,0.493742,0.106742,0.222182,0.032822,0.428622,0.154652,-0.028795,0.038359,ok,7
6810.0,0.271741,-0.039777,0.383195,-0.081439,0.650630,0.247841,-0.090087,-0.013241,ok,7
6815.0,0.361992,0.074107,0.139712,-0.028383,0.507791,0.109651,0.012965,0.058641,ok,7
6820.0,0.232834,0.059265,0.227392,0.145892,0.412472,0.137039,0.119867,0.096736,ok,7
6825.0,0.245031,0.139340,0.420584,0.033312,0.433580,0.187314,0.065758,0.033047,ok,7
6830.0,0.254202,0.258608,0.282650,0.072272,0.619023,0.069910,0.174846,-0.110670,ok,7
6835.0,0.331960,-0.055567,0.220582,-0.020363,0.645999,0.175620,0.110077,0.097230,ok,7
6840.0,0.335403,0.281935,0.237449,0.047676,0.580759,0.113392,0.091917,0.059615,ok,7
6845.0,0.370216,0.081354,0.284349,-0.059772,0.605545,0.061519,0.200612,-0.029459,ok,7
6850.0,0.403057,0.127825,0.385662,0.057991,0.597329,0.078027,0.042228,0.111862,ok,7
6855.0,0.323050,-0.013187,0.207532,0.079651,0.544553,-0.095713,0.055046,-0.061874,ok,7
6860.0,0.352896,0.179750,0.189391,0.075649,0.526323,0.073370,0.049083,0.133633,ok,7
6865.0,0.262495,0.103318,0.139695,-0.022287,0.543189,-0.073500,0.173503,0.045411,ok,7
6870.0,0.242440,0.095083,0.258248,0.022636,0.558881,-0.080022,0.050201,-0.131509,ok,7
6875.0,0.230082,-0.054991,0.137545,0.092976,0.440672,0.065430,-0.001862,0.064266,ok,7
6880.0,0.401940,0.105904,0.212897,0.033085,0.558557,-0.039126,0.097014,0.017505,ok,7
6885.0,0.322967,0.167666,0.177305,0.027016,0.616689,0.049431,-0.015301,0.005452,ok,7
6890.0,0.200310,0.081098,0.335930,0.202277,0.483490,0.061075,0.092678,-0.009018,ok,7
6895.0,0.344953,0.193936,0.209328,-0.026079,0.474940,0.064644,0.083107,0.039823,ok,7
6900.0,0.250094,0.190632,0.281754,0.136433,0.538124,-0.022330,0.034848,0.011185,ok,7
6905.0,0.482830,0.048712,0.121673,-0.042374,0.448027,0.121895,0.095265,-0.098535,ok,7
6910.0,0.303694,0.227609,0.260521,0.102382,0.394655,0.042861,-0.069023,0.151765,ok,7
6915.0,0.404520,0.103624,0.153747,0.106652,0.591817,0.085286,0.063037,0.030451,ok,7
6920.0,0.437117,0.103980,0.215948,0.009171,0.463924,-0.045715,0.012979,-0.008555,ok,7
6925.0,0.273606,0.107919,0.426896,-0.047398,0.501476,0.035734,0.278981,-0.040274,ok,7
6930.0,0.356084,0.105545,0.324574,-0.107635,0.451190,0.137784,0.062466,0.111659,ok,7
6935.0,0.394277,-0.110411,0.239727,0.000791,0.602140,0.127614,0.002289,-0.053875,ok,7
6940.0,0.359244,0.085159,0.505915,0.092097,0.568254,-0.013783,-0.060264,0.060719,ok,7
6945.0,0.378888,-0.009116,0.176786,-0.036210,0.480741,0.006355,0.154432,0.003308,ok,7
6950.0,0.243630,0.230107,0.343217,0.057756,0.405608,-0.029095,0.021997,0.007966,ok,7
6955.0,0.394323,0.226887,0.127386,-0.068114,0.472246,-0.002513,-0.013308,-0.038285,ok,7
6960.0,0.311107,0.168155,0.230486,0.031289,0.545612,-0.061925,0.076904,0.000374,ok,7
6965.0,0.377956,0.080923,0.142177,-0.041764,0.515091,0.038946,0.101978,0.050705,ok,7
6970.0,0.423599,0.019359,0.270582,0.043762,0.508728,0.100651,0.100716,0.068825,ok,7
6975.0,0.403505,0.047394,0.254478,0.009914,0.516936,-0.012804,0.051580,-0.012847,ok,7
6980.0,0.377898,0.255411,0.225387,-0.045229,0.560704,0.042751,0.062735,0.042725,ok,7
6985.0,0.401370,0.044624,0.337365,-0.002710,0.496651,0.032360,0.068563,0.121076,ok,7
6990.0,0.405073,-0.088448,0.204632,-0.024733,0.536001,0.134410,0.076912,-0.083010,ok,7
6995.0,0.469640,0.182413,0.276148,-0.055114,0.421046,0.001073,0.083991,0.049498,ok,7
7000.0,0.347276,0.220040,0.315644,0.136620,0.704308,0.003983,0.137556,-0.026063,ok,7
7005.0,0.363117,0.232737,0.131342,0.021186,0.477291,-0.017682,0.054513,-0.034215,ok,7
7010.0,0.424565,0.183068,0.190127,-0.126178,0.516287,-0.041001,-0.015344,0.070881,ok,7
7015.0,0.310769,0.196122,0.254309,0.000138,0.545317,0.092335,0.038457,0.006380,ok,7
7020.0,0.243179,0.104235,0.300412,0.123177,0.467137,0.039191,0.110302,-0.047344,ok,7
7025.0,0.389458,-0.066104,0.363699,-0.010909,0.500626,0.054385,-0.092922,0.155943,ok,7
7030.0,0.333518,0.102230,0.232730,0.169820,0.499654,0.151971,-0.092460,0.123607,ok,7
7035.0,0.253398,0.149726,0.224682,-0.018533,0.426877,0.156566,0.123462,-0.104584,ok,7
7040.0,0.390043,0.089178,0.180192,0.090273,0.535087,-0.081699,0.171610,-0.067954,ok,7
7045.0,0.464491,0.085533,0.276399,0.132931,0.368062,0.101827,-0.051216,0.097477,ok,7
7050.0,0.219621,0.022871,0.226231,0.086016,0.640217,0.068052,0.058037,0.027210,ok,7
7055.0,0.431786,0.019861,0.228077,-0.059960,0.563438,0.013073,0.018036,0.170046,ok,7
7060.0,0.147035,0.247052,0.242489,-0.025397,0.551130,0.076215,0.029134,0.099307,ok,7
7065.0,0.317977,0.249948,0.294130,0.143606,0.361069,-0.088111,0.074442,0.073957,ok,7
7070.0,0.497241,0.099788,0.204902,-0.014369,0.436598,0.167011,-0.053430,-0.031749,ok,7
7075.0,0.323734,0.122522,0.188227,0.128054,0.611148,0.091196,-0.038577,0.089315,ok,7
7080.0,0.357195,0.021531,0.284538,0.015577,0.832099,-0.019216,0.025900,-0.052061,ok,7
7085.0,0.411029,0.151406,0.007942,0.061315,0.595575,0.003167,0.038370,0.154420,ok,7
7090.0,0.212682,0.240772,0.201706,-0.060889,0.582955,-0.086252,-0.040076,0.083771,ok,7
7095.0,0.355768,-0.022338,0.157895,0.001339,0.541998,0.024883,0.113172,-0.015986,ok,7
7100.0,0.355137,0.137111,0.346261,-0.020025,0.432200,0.011381,0.016595,0.114374,ok,7
7105.0,0.498986,0.143122,0.214725,0.068048,0.579614,-0.056009,0.016255,0.229322,ok,7
7110.0,0.251141,0.142209,0.205143,0.057456,0.411903,0.112136,0.072613,0.032591,ok,7
7115.0,0.319477,0.231425,0.246110,0.087012,0.403153,0.152144,0.039687,0.094033,ok,7
7120.0,0.275732,0.262881,0.202370,0.010758,0.398118,0.047811,0.116998,0.015454,ok,7
7125.0,0.267247,0.081321,0.217788,-0.024418,0.578058,0.025548,-0.024674,0.056828,ok,7
7130.0,0.440192,0.153854,0.257769,0.064618,0.495407,0.084799,-0.061791,-0.070579,ok,7
7135.0,0.352132,0.106739,0.216237,-0.032367,0.508069,0.048429,0.025217,0.049958,ok,7
7140.0,0.305555,0.049431,0.215663,0.136274,0.498768,-0.036574,0.054819,0.053486,ok,7
7145.0,0.308572,0.121665,0.169187,0.040838,0.409943,-0.002214,-0.049260,0.193920,ok,7
7150.0,0.304942,0.153720,0.157697,0.023909,0.446342,0.026285,-0.061020,-0.093600,ok,7
7155.0,0.312096,0.117354,0.254851,0.086974,0.450366,0.069855,0.064584,0.027529,ok,7
7160.0,0.248844,0.029506,0.274528,0.043891,0.387578,0.050747,-0.010622,0.153049,ok,7
7165.0,0.329302,0.062915,0.135747,-0.082644,0.459663,0.066830,-0.066201,0.030658,ok,7
7170.0,0.321263,0.063527,0.310795,-0.034914,0.413495,-0.071986,0.127227,0.036293,ok,7
7175.0,0.289376,0.032604,0.311124,0.134617,0.546214,0.103217,-0.000544,-0.016661,ok,7
7180.0,0.362404,0.125083,0.327975,0.056711,0.552878,0.050273,0.141985,-0.024608,ok,7
7185.0,0.369191,0.133449,0.273991,-0.084525,0.396509,0.254217,0.052278,-0.096068,ok,7
7190.0,0.305468,0.178361,0.300967,0.078169,0.476269,0.018989,0.073581,-0.000337,ok,7
7195.0,0.338469,0.031390,0.424802,0.005259,0.648485,0.075877,0.033080,-0.029148,ok,7
7200.0,0.522690,0.053802,0.225878,-0.019960,0.421539,0.276338,-0.162413,0.059443,ok,7
7205.0,0.519635,0.224366,0.166345,-0.041590,0.534131,0.065527,-0.040943,-0.013013,ok,7
7210.0,0.265673,0.086840,0.127275,0.129994,0.508442,0.044590,0.039943,0.011633,ok,7
7215.0,0.276844,0.102410,0.390454,-0.107240,0.587431,-0.028954,0.079178,0.013824,ok,7
7220.0,0.265248,0.085992,0.391503,-0.017003,0.523637,0.172261,-0.093174,0.046147,ok,7
7225.0,0.434564,0.190642,0.176032,0.059610,0.465496,-0.042728,0.045712,0.007718,ok,7
7230.0,0.318118,0.193745,0.191814,0.176269,0.505341,0.084170,-0.039781,-0.034943,ok,7
7235.0,0.369174,0.189057,0.224081,0.094309,0.506510,0.012116,0.068770,0.056861,ok,7
7240.0,0.509757,0.102125,0.347941,-0.017682,0.492664,0.034853,0.048448,0.135399,ok,7
7245.0,0.349163,0.030205,0.147016,0.172348,0.394471,-0.063915,0.109480,0.060277,ok,7
7250.0,0.406500,0.254017,0.092670,-0.058410,0.599447,0.157450,0.135346,0.001214,ok,7
7255.0,0.391634,0.168505,0.423401,0.071227,0.585315,0.027776,0.086719,0.040148,ok,7
7260.0,0.302943,0.063467,0.274990,0.089023,0.416465,-0.047207,0.118831,-0.114051,ok,7
7265.0,0.434733,0.213906,0.286353,-0.020489,0.475942,0.150215,0.021973,0.038848,ok,7
7270.0,0.282024,0.057151,0.233592,0.105807,0.481993,0.009669,0.275849,0.017972,ok,7
7275.0,0.457190,0.212856,0.287263,0.008889,0.407478,0.076769,-0.047506,-0.024677,ok,7
7280.0,0.303004,0.218263,0.128864,0.105611,0.350656,0.117313,0.007780,-0.010168,ok,7
7285.0,0.311763,0.026281,0.182726,-0.097168,0.446353,0.087923,0.122109,0.017181,ok,7
7290.0,0.262921,0.146541,0.258413,0.076798,0.471488,-0.125731,0.110218,0.129397,ok,7
7295.0,0.276059,0.162575,0.068329,0.017031,0.384701,0.105629,0.088991,0.137365,ok,7
7300.0,0.315859,0.309193,0.225799,0.141976,0.514158,0.041951,0.104025,-0.024250,ok,7
7305.0,0.155492,0.040616,0.220867,0.046482,0.593028,0.023678,-0.116685,0.008554,ok,7
7310.0,0.331333,0.214603,0.225785,0.149938,0.567369,0.041274,0.177144,0.010593,ok,7
7315.0,0.309362,0.101388,0.205913,0.090609,0.489865,-0.078803,0.033689,0.114764,ok,7
7320.0,0.413201,0.000691,0.170329,0.039799,0.352767,0.065374,0.149672,0.061641,ok,7
7325.0,0.383838,0.090401,0.104237,0.113014,0.557256,-0.059151,-0.112682,0.057423,ok,7
7330.0,0.293389,0.100197,0.261580,0.113525,0.511711,0.027133,0.070525,0.092901,ok,7
7335.0,0.313316,0.015289,0.225990,0.087753,0.533948,0.062501,0.004920,0.002287,ok,7
7340.0,0.331231,0.124974,0.139977,-0.133384,0.654888,0.135923,0.095770,0.159111,ok,7
7345.0,0.468877,0.176625,0.255003,-0.028605,0.434015,-0.015569,0.075366,0.049860,ok,7
7350.0,0.284216,0.119056,0.226404,0.160728,0.270015,0.166127,0.079284,-0.018473,ok,7
7355.0,0.292419,0.056652,0.213118,-0.050476,0.415724,0.125748,-0.034715,0.031629,ok,7
7360.0,0.259713,0.088122,0.077448,0.120597,0.538884,0.015647,0.045442,0.148554,ok,7
7365.0,0.231437,0.099637,0.304621,0.106516,0.502154,-0.038700,0.035587,0.015989,ok,7
7370.0,0.374560,0.117386,0.151356,-0.008060,0.402749,-0.065505,0.089625,0.125965,ok,7
7375.0,0.366232,0.188786,0.255062,-0.109619,0.386423,0.071740,0.129144,-0.000028,ok,7
7380.0,0.452621,0.121755,0.185339,0.004487,0.471631,-0.008983,0.062038,-0.011253,ok,7
7385.0,0.433313,-0.012216,0.218902,0.216241,0.400312,0.145949,-0.052094,0.102768,ok,7
7390.0,0.541769,0.055014,0.342183,-0.019062,0.541651,-0.004362,0.058606,-0.019918,ok,7
7395.0,0.344090,0.113282,0.292529,-0.013541,0.467086,-0.022054,0.258886,0.115803,ok,7
7400.0,0.329158,0.189930,0.340403,-0.029807,0.449831,0.068690,0.181680,0.078130,ok,7
7405.0,0.245982,0.203828,0.276431,0.147183,0.439338,-0.004884,-0.187952,-0.019888,ok,7
7410.0,0.405726,0.241975,0.281691,0.030567,0.521050,0.050684,0.055067,0.044285,ok,7
7415.0,0.359483,0.110449,0.107509,-0.000072,0.503409,0.128879,0.124570,0.006098,ok,7
7420.0,0.402101,0.161065,0.224598,0.163078,0.516157,0.059378,0.035414,0.077918,ok,7
7425.0,0.258870,-0.016357,0.232007,0.096360,0.514410,0.059677,0.013193,0.201024,ok,7
7430.0,0.378128,0.134391,0.347893,-0.023543,0.494224,0.066412,0.028643,0.020344,ok,7
7435.0,0.366416,0.013979,0.209502,-0.047887,0.417350,-0.085448,0.094175,0.092702,ok,7
7440.0,0.361123,0.094997,0.271189,0.142654,0.441570,0.081347,-0.041878,0.051955,ok,7
7445.0,0.295339,0.342387,0.268061,0.051343,0.468426,0.062795,0.145095,0.051925,ok,7
7450.0,0.445146,0.124284,0.342614,-0.073925,0.665216,0.121432,0.045521,0.036784,ok,7
7455.0,0.514025,0.030895,0.239300,-0.092649,0.392093,0.098465,-0.024802,-0.018593,ok,7
7460.0,0.261172,0.132623,0.316223,-0.039283,0.466482,0.033844,0.139948,0.076811,ok,7
7465.0,0.407636,0.058634,0.113611,-0.049159,0.507861,0.132591,-0.073610,0.026901,ok,7
7470.0,0.119772,0.023140,0.120878,-0.113686,0.475733,0.026590,0.005583,-0.022384,ok,7
7475.0,0.403489,0.268251,0.067332,-0.037961,0.585918,0.069773,0.004266,0.131134,ok,7
7480.0,0.200388,0.185345,0.312879,-0.023526,0.475320,0.025108,0.221515,0.057921,ok,7
7485.0,0.308003,0.127643,0.303893,0.012985,0.481237,0.086941,-0.004802,0.031752,ok,7
7490.0,0.244958,0.068654,0.321746,0.185433,0.565170,0.019881,-0.122397,0.157205,ok,7
7495.0,0.332751,0.075137,0.195811,0.028653,0.644857,0.181804,0.003455,-0.096887,ok,7
7500.0,0.417103,0.223399,0.204916,0.036594,0.612600,0.211389,0.086444,0.151826,ok,7
7505.0,0.201415,0.124526,0.240316,0.090740,0.489068,0.119915,0.112727,-0.020415,ok,7
7510.0,0.321242,-0.146624,0.365496,0.031015,0.496039,0.173304,0.232123,0.066923,ok,7
7515.0,0.308930,0.293675,0.385506,0.082012,0.503738,-0.073137,0.162552,0.002955,ok,7
7520.0,0.476484,0.114645,0.313505,0.072449,0.511760,-0.063710,0.065034,-0.023840,ok,7
7525.0,0.384541,0.127470,0.276482,0.059807,0.432212,0.024275,-0.021313,0.155111,ok,7
7530.0,0.255823,0.186936,0.356831,0.271317,0.574928,0.053298,0.179922,0.198497,ok,7
7535.0,0.312296,0.137232,0.229533,0.122890,0.516529,0.034143,0.020515,0.032302,ok,7
7540.0,0.474488,0.159753,0.218725,-0.036538,0.496412,-0.081371,-0.002653,0.076838,ok,7
7545.0,0.407149,0.066102,0.239678,0.079618,0.398308,0.142127,0.016634,0.054559,ok,7
7550.0,0.276541,0.001616,0.171703,-0.013339,0.504983,0.222336,-0.050183,0.188441,ok,7
7555.0,0.328634,0.122419,0.235999,0.085700,0.348543,0.152479,0.012798,-0.119052,ok,7
7560.0,0.331191,0.214529,0.160607,-0.060015,0.453468,0.136842,0.031351,0.080170,ok,7
7565.0,0.306961,0.048176,0.332001,-0.038622,0.454952,0.068090,0.108453,-0.008170,ok,7
7570.0,0.213183,0.041758,0.293495,0.077513,0.522960,-0.017440,0.018953,-0.138477,ok,7
7575.0,0.295790,0.197682,0.364365,0.129814,0.650388,0.055802,-0.051397,0.021158,ok,7
7580.0,0.461136,0.063420,0.119657,0.090212,0.545753,0.218447,-0.078302,0.197844,ok,7
7585.0,0.319508,0.067155,0.402136,0.118329,0.615872,0.021841,0.066766,-0.002484,ok,7
7590.0,0.341740,0.070148,0.124202,0.079905,0.551617,0.013603,0.055810,0.113261,ok,7
7595.0,0.360656,0.094648,0.153885,0.063696,0.589048,0.138360,0.005646,0.145657,ok,7
7600.0,0.519788,-0.025515,0.197424,0.009564,0.639147,0.141804,0.012420,0.048273,ok,7
7605.0,0.336678,0.054578,0.340429,0.110437,0.423790,-0.017119,0.077835,0.057250,ok,7
7610.0,0.403650,0.109262,0.247298,0.121774,0.402465,0.026830,0.148763,-0.080546,ok,7
7615.0,0.264152,0.103039,0.201510,0.039298,0.483905,0.008609,-0.010851,-0.006376,ok,7
7620.0,0.268740,0.157237,0.152299,0.033176,0.407871,0.045362,0.046616,0.100037,ok,7
7625.0,0.263253,0.185364,0.104944,0.132984,0.388221,0.103721,0.094996,0.041141,ok,7
7630.0,0.195110,0.149683,0.230696,0.032759,0.325177,-0.009700,-0.008188,0.053769,ok,7
7635.0,0.200226,0.103906,0.188339,0.033634,0.271385,0.082306,0.029250,0.036392,ok,7
7640.0,0.218999,0.045824,0.186310,0.046156,0.327508,0.030236,0.024426,0.117217,ok,7
7645.0,0.125750,0.022055,0.123892,0.018546,0.181174,0.103819,-0.024143,0.006842,ok,7
7650.0,0.126315,0.036605,0.013942,-0.005640,0.200263,0.027250,0.022909,0.064395,ok,7
7655.0,0.116175,0.041947,0.042972,0.022920,0.154807,0.012068,0.015004,0.017334,ok,7
7660.0,0.061344,0.035798,0.062024,0.010129,0.080703,0.020728,0.020389,0.040070,ok,7
7665.0,0.067237,0.023022,0.033865,0.030325,0.066608,0.003538,-0.006906,-0.007374,ok,7
7670.0,0.035682,0.009056,0.020586,0.011339,0.044823,-0.009388,0.005094,0.006495,ok,7
7675.0,0.019289,0.009332,0.009263,0.000135,0.031223,0.001762,0.009194,0.001060,ok,7
7680.0,0.004872,0.005169,0.008384,0.002787,0.012110,0.000759,0.005563,0.001574,ok,7
7685.0,0.002073,0.001103,0.001855,0.000483,0.003193,-0.000501,0.000987,0.000957,ok,7
7690.0,0.000000,0.000000,0.000000,0.000000,0.000000,0.000000,-0.000000,0.000000,ok,7
7695.0,0.000000,-0.000000,-0.000000,0.000000,-0.000000,-0.000000,-0.000000,0.000000,rest,0
7700.0,-0.000047,0.000185,0.000002,0.000084,0.000072,-0.000107,0.000048,0.000250,rest,0
7705.0,0.000129,0.000464,0.000357,0.000158,0.000096,0.000282,0.000393,-0.000696,rest,0
7710.0,0.000283,-0.000211,-0.000448,0.001484,-0.000840,-0.001598,0.000911,-0.001627,rest,0
7715.0,-0.003867,0.001822,0.000318,0.000948,-0.000887,-0.002777,-0.002378,-0.000546,rest,0
7720.0,-0.003910,0.000943,-0.001421,0.000569,0.000477,0.001189,0.001535,-0.001057,rest,0
7725.0,0.000795,0.001019,-0.010491,0.002793,0.000648,0.002436,-0.005558,-0.001364,rest,0
7730.0,-0.006236,0.004254,-0.008028,-0.005305,0.003053,-0.003596,-0.005304,0.005180,rest,0
7735.0,0.006840,0.005212,0.006126,-0.001671,-0.001477,-0.004678,0.001211,-0.003810,rest,0
7740.0,-0.003809,0.005276,0.010418,0.003503,0.015780,-0.006205,-0.016164,0.006285,rest,0
7745.0,-0.008029,-0.002847,-0.018411,-0.009354,-0.015627,-0.004518,-0.004104,0.000936,rest,0
7750.0,0.014877,0.008123,-0.019466,0.007296,0.001341,-0.001174,-0.000272,0.002455,rest,0
7755.0,-0.009372,-0.002470,0.016038,-0.009535,-0.013951,-0.000836,-0.015315,-0.023337,rest,0
7760.0,-0.005167,0.021729,-0.000579,0.002679,-0.031952,0.006572,0.001400,-0.009974,rest,0
7765.0,0.002939,0.002777,-0.017296,0.005417,0.019543,-0.003721,-0.014163,-0.002899,rest,0
7770.0,0.014943,-0.021442,0.010116,-0.011855,0.004232,-0.009867,-0.009914,0.026631,rest,0
7775.0,-0.026000,0.008956,0.031946,0.012649,-0.024561,-0.023648,-0.013869,0.002914,rest,0
7780.0,0.004338,-0.024416,-0.016757,-0.015580,-0.003470,0.038106,-0.017917,-0.018757,rest,0
7785.0,-0.022334,0.012526,-0.000815,-0.017664,-0.007150,-0.015600,0.005832,0.052908,rest,0
7790.0,0.010999,-0.001857,-0.013278,-0.026824,0.014650,0.013565,-0.009307,0.024227,rest,0
7795.0,0.000422,0.015495,0.005924,-0.003543,-0.019098,-0.002911,0.016841,-0.010163,rest,0
7800.0,0.008795,-0.021655,0.015601,0.006259,-0.024042,-0.004480,0.018629,-0.025181,rest,0
7805.0,-0.021419,-0.001390,0.042667,-0.013452,0.009905,0.005203,-0.011790,0.003223,rest,0
7810.0,-0.008957,-0.007156,-0.033225,-0.000489,0.017982,0.001149,0.021810,0.011607,rest,0
7815.0,-0.001191,-0.012559,-0.009725,-0.029410,-0.005342,0.002920,0.034308,0.010566,rest,0
7820.0,-0.017297,-0.028787,-0.004131,0.016235,-0.004412,0.010840,-0.003623,0.014340,rest,0
7825.0,-0.031945,0.032084,-0.022250,0.015875,-0.005444,-0.002317,-0.004822,0.005112,rest,0
7830.0,0.009150,0.021167,0.028159,0.006636,0.034273,0.001859,0.021549,0.008574,rest,0
7835.0,-0.010984,0.003625,0.010063,-0.000644,0.008257,0.017307,-0.000467,-0.058878,rest,0
7840.0,0.033565,-0.005952,-0.016466,-0.022482,-0.006729,-0.011255,-0.014740,-0.013643,rest,0
7845.0,0.010595,0.040607,0.016411,0.022452,-0.007548,0.002093,0.008530,-0.013191,rest,0
7850.0,-0.008515,0.017091,0.021806,0.001348,-0.023903,-0.005912,-0.028827,0.001504,rest,0
7855.0,0.005108,-0.005414,0.004834,0.008338,0.005137,-0.024031,-0.005065,0.008197,rest,0
7860.0,0.031574,-0.005439,0.011017,0.017563,-0.003933,0.022968,0.024043,0.027608,rest,0
7865.0,0.009169,0.047203,-0.012306,0.042482,0.015366,0.026808,-0.006401,0.016889,rest,0
7870.0,0.028539,-0.021747,-0.003267,-0.042825,-0.003567,-0.016320,-0.004355,0.058473,rest,0
7875.0,0.034356,-0.028789,0.011115,0.015979,-0.006758,0.003566,0.005520,-0.026932,rest,0
7880.0,-0.020627,0.003446,0.001988,-0.014171,-0.015888,-0.001796,0.017723,-0.001530,rest,0
7885.0,0.032455,-0.013916,0.003862,-0.007086,0.011759,-0.015632,0.038548,-0.033812,rest,0
7890.0,0.034310,0.001800,0.011048,0.026690,0.017153,-0.014601,0.012002,0.037349,rest,0
7895.0,-0.017746,0.042369,0.007714,-0.008665,-0.017866,-0.004466,-0.039106,-0.008305,rest,0
7900.0,-0.005259,-0.021488,0.014957,-0.004375,-0.012716,-0.006507,0.007102,0.001464,rest,0
7905.0,-0.014020,0.002513,-0.001014,-0.022789,-0.005770,0.011587,0.011443,-0.004599,rest,0
7910.0,0.013535,-0.019599,-0.018980,-0.005025,0.029951,0.003265,-0.005507,0.030883,rest,0
7915.0,-0.005739,0.044695,-0.010226,-0.020235,-0.003327,-0.004982,-0.016154,0.052039,rest,0
7920.0,0.006373,0.009285,-0.009238,-0.011553,0.020511,-0.033517,-0.022857,-0.004946,rest,0
7925.0,0.027021,-0.007490,0.008323,0.000555,0.025925,-0.031694,0.014719,-0.003978,rest,0
7930.0,0.018498,-0.016386,0.000488,-0.002050,-0.020049,-0.025608,-0.011608,0.002599,rest,0
7935.0,-0.015138,-0.006601,-0.037716,-0.007413,0.020472,0.014104,-0.001738,0.004873,rest,0
7940.0,-0.016565,0.032489,0.041355,0.003296,0.051814,-0.013604,-0.025022,-0.014192,rest,0
7945.0,-0.004390,0.046241,-0.005623,-0.017193,-0.017969,0.022800,0.019946,-0.009710,rest,0
7950.0,-0.037516,-0.022572,0.034425,0.013776,0.001309,0.037377,0.039167,-0.000719,rest,0
7955.0,-0.000351,-0.011641,-0.005692,-0.029726,-0.029808,-0.034453,0.021687,-0.031228,rest,0
7960.0,0.038999,-0.014608,0.034747,-0.007301,-0.031324,0.025676,0.028037,-0.018121,rest,0
7965.0,-0.006633,-0.018116,-0.002411,0.002157,-0.007028,-0.036378,-0.011618,0.014070,rest,0
7970.0,-0.004178,-0.006549,-0.018616,-0.012201,0.028179,-0.022796,0.014416,0.000941,rest,0
7975.0,0.004896,-0.014647,-0.007036,-0.000114,-0.010413,0.006629,0.009149,0.043454,rest,0
7980.0,0.005564,-0.038245,0.023260,-0.004077,0.040239,0.029418,-0.010105,0.014438,rest,0
7985.0,-0.011879,0.000054,0.013520,0.022260,0.017904,0.001500,0.049668,-0.007300,rest,0
7990.0,-0.032144,-0.028294,0.029480,-0.001533,0.003181,-0.010850,-0.009054,-0.015742,rest,0
7995.0,0.009423,-0.001948,0.008700,0.006789,-0.008518,-0.029175,-0.030916,0.060533,rest,0
8000.0,0.029563,0.026804,-0.013492,0.000190,-0.016307,-0.026242,-0.011775,0.026524,rest,0
8005.0,0.016815,-0.019401,-0.006296,0.014982,-0.011419,0.001592,0.008037,0.007819,rest,0
8010.0,0.005083,-0.013074,-0.011019,-0.022673,-0.031227,-0.002295,0.016325,-0.027606,rest,0
8015.0,0.005459,0.015693,-0.036735,-0.005412,0.032924,0.011039,-0.037409,0.013167,rest,0
8020.0,-0.014955,0.013826,-0.013802,-0.001061,-0.010751,0.000063,-0.011346,-0.004471,rest,0
8025.0,-0.023512,0.009813,0.003506,-0.032331,0.019858,-0.003526,0.003235,0.015291,rest,0
8030.0,0.006565,0.023304,-0.005866,0.020689,0.002458,0.010153,0.008073,0.024815,rest,0
8035.0,0.014428,-0.008859,-0.012825,-0.000995,-0.015202,-0.021044,-0.042561,-0.030985,rest,0
8040.0,0.039708,-0.013130,0.038069,0.008063,-0.000995,-0.030012,0.000093,0.037844,rest,0
8045.0,0.031153,0.005485,-0.022973,-0.019143,-0.017052,0.025563,0.032634,0.003918,rest,0
8050.0,-0.006062,0.030974,-0.019571,0.001036,0.009259,-0.017256,-0.012718,-0.014275,rest,0
8055.0,0.028335,0.038287,0.002296,-0.005364,-0.011997,0.000035,-0.011004,-0.001941,rest,0
8060.0,0.008265,-0.008106,-0.003792,-0.003709,-0.006351,-0.008829,0.015244,-0.035415,rest,0
8065.0,0.031486,0.002711,0.012200,0.014502,-0.014161,-0.018287,-0.020645,-0.004941,rest,0
8070.0,0.013984,-0.011675,0.012159,-0.047358,-0.007711,0.023343,-0.003419,-0.016583,rest,0
8075.0,-0.013137,-0.060560,-0.020236,0.021145,-0.011652,-0.009291,-0.046636,-0.032617,rest,0
8080.0,0.023801,0.012346,-0.025949,-0.012611,-0.000583,-0.023923,-0.040083,-0.003184,rest,0
8085.0,0.011452,0.011837,0.017505,-0.031071,0.001158,-0.005369,-0.001744,-0.004236,rest,0
8090.0,-0.013209,-0.060356,0.023237,0.006600,-0.029686,0.009463,-0.008946,-0.008379,rest,0
8095.0,-0.015368,0.010739,-0.015996,-0.021937,0.022635,-0.003578,-0.002950,0.013849,rest,0
8100.0,-0.013352,-0.009363,0.006114,-0.030828,0.004422,-0.015114,0.017109,0.010933,rest,0
8105.0,0.008291,-0.032139,-0.002068,-0.023545,-0.000737,-0.046306,-0.030817,0.023781,rest,0
8110.0,0.007381,-0.007076,-0.018175,-0.021685,0.004003,-0.006873,0.030933,-0.003695,rest,0
8115.0,0.001174,-0.027770,-0.007214,0.003540,-0.007456,-0.009713,0.006538,0.030296,rest,0
8120.0,0.002899,0.022884,0.012432,0.021687,-0.012194,-0.004139,-0.004055,0.010926,rest,0
8125.0,0.015848,0.002501,0.017534,-0.011267,0.017708,0.020316,0.013550,0.002683,rest,0
8130.0,0.014266,-0.017880,0.003967,0.006010,-0.026590,0.009492,-0.024976,-0.008558,rest,0
8135.0,0.000795,-0.014615,0.001651,0.001331,-0.016404,0.011359,-0.015283,0.045759,rest,0
8140.0,-0.002190,-0.023426,-0.019687,0.022952,-0.008183,-0.027275,0.017074,-0.008311,rest,0
8145.0,0.013068,0.018711,0.005489,0.047918,-0.034495,-0.016359,-0.005119,0.045223,rest,0
8150.0,0.035960,0.025774,-0.015882,-0.013550,-0.016571,-0.015669,0.029854,-0.004875,rest,0
8155.0,-0.002230,0.015488,-0.033271,0.001053,-0.021937,-0.005888,-0.011728,-0.012760,rest,0
8160.0,0.004512,0.004424,-0.004396,0.007414,-0.017372,0.013632,-0.004124,-0.009673,rest,0
8165.0,-0.015895,-0.004828,0.037413,-0.001266,-0.022888,0.018376,-0.009439,0.005675,rest,0
8170.0,-0.012113,0.025615,-0.011815,0.027957,-0.020985,-0.005858,0.028000,0.003363,rest,0
8175.0,0.045429,-0.005383,0.005141,0.038103,-0.030278,-0.032755,-0.015910,0.016267,rest,0
8180.0,-0.032197,0.011941,0.010534,0.040288,0.020910,0.007281,0.027183,0.010778,rest,0
8185.0,-0.009201,-0.022892,-0.011387,-0.000801,0.003500,-0.042704,-0.004391,0.000572,rest,0
8190.0,0.010951,0.032536,0.003713,-0.018191,-0.036362,0.013740,-0.017382,0.017337,rest,0
8195.0,0.027948,-0.030881,0.011078,0.025852,0.020381,-0.041928,-0.017073,-0.025604,rest,0
8200.0,0.010469,0.008267,-0.053958,-0.006017,0.016014,0.002960,0.002925,-0.007300,rest,0
8205.0,-0.021179,-0.000341,0.001042,0.012305,0.013930,0.001717,0.021898,-0.007498,rest,0
8210.0,-0.028880,0.009541,0.002528,0.009939,-0.025289,0.035816,0.014210,-0.005760,rest,0
8215.0,-0.018709,0.021543,-0.022035,0.045227,-0.012264,0.034410,-0.003689,0.031615,rest,0
8220.0,-0.014697,0.000377,0.016095,0.013242,0.022015,-0.009749,0.001696,0.024968,rest,0
8225.0,-0.014105,0.011451,-0.004383,0.004117,0.001691,-0.015766,-0.005214,0.002899,rest,0
8230.0,-0.002054,0.031455,0.020199,0.005800,-0.015263,-0.016480,0.039476,-0.020198,rest,0
8235.0,0.002277,0.007219,-0.006226,-0.020044,-0.015698,-0.010930,-0.014190,0.026554,rest,0
8240.0,-0.000183,-0.010476,0.002139,0.013359,-0.006892,0.018040,-0.025423,0.023426,rest,0
8245.0,-0.000179,-0.000960,-0.013860,-0.024557,-0.033333,-0.015256,0.011753,-0.019226,rest,0
8250.0,-0.030969,-0.018181,-0.007697,-0.006910,-0.002578,0.020652,0.024985,0.040109,rest,0
8255.0,-0.032498,-0.017118,0.013970,-0.009081,0.017216,0.004142,0.031584,0.020854,rest,0
8260.0,0.021220,-0.008237,-0.001949,-0.006105,-0.030118,0.029435,0.014908,-0.006901,rest,0
8265.0,0.026092,-0.012607,-0.036763,0.020147,-0.025571,-0.003916,0.004122,0.007709,rest,0
8270.0,0.016968,0.011617,0.010998,-0.015815,0.005885,-0.030111,0.031243,-0.028051,rest,0
8275.0,-0.006929,-0.026377,-0.014603,0.000269,-0.010575,0.022885,0.004538,-0.009258,rest,0
8280.0,-0.002672,0.024394,0.018177,-0.022775,-0.013613,0.009496,0.007067,-0.021008,rest,0
8285.0,0.014983,-0.017817,0.026077,0.010589,-0.022638,-0.010582,-0.010929,0.003198,rest,0
8290.0,-0.004080,-0.022910,-0.027885,0.010980,0.005725,0.002111,0.005415,-0.012378,rest,0
8295.0,0.003680,0.050770,0.023491,-0.005768,-0.010467,-0.057209,0.021374,0.015732,rest,0
8300.0,-0.010877,-0.028634,-0.023105,0.008888,-0.001787,0.013832,0.001729,0.019335,rest,0
8305.0,0.007392,0.016576,-0.041794,-0.024687,-0.007287,0.021591,0.037611,-0.003285,rest,0
8310.0,-0.012232,-0.039099,0.017271,-0.011004,0.059167,-0.014788,0.042106,0.014967,rest,0
8315.0,-0.020565,0.004643,0.015428,-0.004505,0.016760,0.016319,0.011927,-0.000329,rest,0
8320.0,-0.023499,-0.001536,0.003521,-0.037521,0.003385,-0.001936,-0.025933,-0.006660,rest,0
8325.0,-0.006237,0.038602,0.004402,0.020721,-0.002356,-0.037478,0.013447,-0.013164,rest,0
8330.0,-0.006712,-0.021059,0.001455,0.021304,0.018655,0.031724,0.034559,-0.040917,rest,0
8335.0,-0.023872,-0.036164,0.012639,-0.013862,-0.009784,-0.004332,0.007651,-0.029706,rest,0
8340.0,-0.025177,0.000026,0.023975,-0.000508,-0.015833,-0.042964,0.019054,-0.014719,rest,0
8345.0,-0.022949,-0.034307,-0.028782,-0.019224,-0.004777,-0.024175,0.003714,-0.004929,rest,0
8350.0,0.044440,-0.034089,0.003230,0.003480,-0.020611,0.001905,0.015392,0.001930,rest,0
8355.0,0.027689,-0.043554,-0.016845,0.029501,0.018241,0.010810,0.024664,-0.038331,rest,0
8360.0,0.015912,0.021287,-0.013174,0.052585,0.003927,-0.043855,0.007625,-0.014397,rest,0
8365.0,0.023300,0.010959,-0.011958,0.030049,0.018789,-0.016558,-0.003041,0.010338,rest,0
8370.0,-0.007285,-0.006688,0.000735,-0.021316,-0.044655,0.004783,-0.039778,-0.019861,rest,0
8375.0,-0.035432,-0.032969,0.008527,-0.004446,-0.005168,-0.026318,-0.013117,0.007529,rest,0
8380.0,-0.001042,0.016453,0.019302,-0.005044,-0.037045,-0.015133,-0.001954,-0.015530,rest,0
8385.0,-0.021092,0.001395,0.048606,-0.009764,-0.000056,-0.026241,0.024868,0.017495,rest,0
8390.0,0.016115,0.027196,-0.008547,-0.006048,0.034198,0.012655,-0.044384,0.009096,rest,0
8395.0,-0.011634,0.017963,0.008164,-0.034811,0.005377,0.004213,0.007269,0.011511,rest,0
8400.0,0.029919,0.008278,0.000458,0.022959,0.044855,0.018301,0.004124,0.008651,rest,0
8405.0,0.005121,0.000370,0.043303,-0.014981,0.023098,-0.002517,-0.029608,-0.003766,rest,0
8410.0,-0.010936,0.011552,0.001826,-0.020441,0.029420,0.021803,0.031721,0.004739,rest,0
8415.0,-0.000715,0.014071,-0.011550,0.002601,-0.003514,-0.029221,0.002549,-0.008819,rest,0
8420.0,-0.004851,0.007276,0.025451,-0.016975,-0.006731,-0.015302,-0.016604,-0.011891,rest,0
8425.0,-0.003929,0.011717,0.006409,-0.021137,0.025883,0.018888,-0.018024,0.024482,rest,0
8430.0,0.006539,-0.003129,0.007162,-0.000515,0.010902,0.003746,-0.006749,-0.040517,rest,0
8435.0,0.010544,-0.007473,0.015559,0.009634,-0.006953,0.020460,0.004097,0.003273,rest,0
8440.0,-0.002762,0.033671,-0.014265,-0.006453,-0.024747,0.014535,-0.011643,-0.009401,rest,0
8445.0,-0.010339,0.001254,-0.025015,-0.044865,0.009154,-0.042271,0.017083,0.031171,rest,0
8450.0,-0.003284,0.025990,-0.000485,0.031985,-0.009124,-0.047298,-0.001598,0.034159,rest,0
8455.0,0.010699,-0.010306,0.006578,0.019422,-0.001712,0.052528,-0.010348,0.020050,rest,0
8460.0,0.015239,-0.013997,-0.008489,0.020362,0.002896,0.006761,-0.032719,0.013120,rest,0
8465.0,0.005746,-0.001278,0.007218,-0.008184,-0.011838,-0.004838,-0.009284,0.043611,rest,0
8470.0,0.018237,-0.019369,0.040726,-0.008657,0.000589,0.017948,-0.039400,-0.004741,rest,0
8475.0,-0.011467,0.004102,0.007401,-0.001545,-0.002473,0.021303,0.006030,0.000829,rest,0
8480.0,0.002957,0.036718,0.003453,-0.010289,-0.038180,-0.028679,-0.009341,-0.002168,rest,0
8485.0,-0.011112,0.007023,-0.011370,-0.018290,0.012253,0.027388,-0.022143,0.004874,rest,0
8490.0,-0.038100,-0.029491,-0.011775,0.022698,-0.015574,-0.016322,0.000722,0.000742,rest,0
8495.0,-0.015703,0.039724,-0.005307,0.002272,-0.008036,0.008799,0.024699,0.033273,rest,0
8500.0,-0.015245,0.022016,0.010994,0.019491,-0.001838,-0.003741,0.018714,0.019094,rest,0
8505.0,0.031314,0.003971,-0.002138,-0.049197,-0.032225,-0.007885,-0.022021,0.016283,rest,0
8510.0,-0.026200,-0.010026,-0.009241,0.024095,-0.012165,0.009048,0.003914,0.018066,rest,0
8515.0,0.017004,-0.000669,-0.033926,-0.004635,-0.000399,0.005720,-0.014751,0.022818,rest,0
8520.0,0.000272,-0.018410,-0.009165,0.038571,0.013288,0.020969,-0.020832,-0.013777,rest,0
8525.0,-0.013628,0.003688,-0.003480,-0.009790,-0.007281,-0.015881,-0.003597,0.022264,rest,0
8530.0,-0.030263,0.006930,0.027602,-0.003664,-0.010578,0.018485,-0.019684,-0.000454,rest,0
8535.0,-0.020797,-0.037402,-0.003040,-0.025268,-0.000233,0.022301,0.037085,0.001871,rest,0
8540.0,0.020384,0.007979,-0.007662,-0.038496,0.032530,-0.020982,0.027655,0.010736,rest,0
8545.0,-0.019520,0.006240,0.042658,0.030713,-0.010254,-0.014240,0.002004,-0.003310,rest,0
8550.0,0.023995,0.014792,-0.033845,0.009174,-0.003582,0.000742,0.004979,0.023975,rest,0
8555.0,0.019556,-0.014995,-0.001172,-0.008970,-0.033637,-0.002187,0.036895,-0.034241,rest,0
8560.0,-0.000481,-0.001123,0.005755,-0.019255,-0.028502,-0.027572,0.026619,-0.019654,rest,0
8565.0,-0.009991,0.042093,-0.014685,0.006848,0.021276,0.020314,-0.026632,-0.014267,rest,0
8570.0,0.006047,0.038580,-0.015230,-0.009872,0.008391,0.012393,0.013605,-0.016927,rest,0
8575.0,-0.010641,0.004310,0.025246,-0.004770,-0.000446,-0.020519,0.037265,0.003085,rest,0
8580.0,0.021555,0.000598,0.001705,-0.030006,-0.043015,0.025038,0.001561,0.004129,rest,0
8585.0,-0.024981,-0.018061,0.021246,0.034803,-0.012425,0.013430,0.003800,-0.002411,rest,0
8590.0,0.037039,-0.009064,0.024814,0.007628,-0.000338,0.027440,0.005803,-0.001929,rest,0
8595.0,0.027589,0.024985,0.024039,-0.077756,0.008804,0.004242,-0.000697,0.012196,rest,0
8600.0,0.005211,0.013556,-0.005359,0.029964,0.015579,0.010851,0.009874,0.023146,rest,0
8605.0,0.020434,-0.002255,0.019806,0.003481,0.038339,0.021955,-0.012512,0.046614,rest,0
8610.0,-0.042041,0.012747,-0.013925,0.037644,0.005056,-0.015876,-0.005330,-0.014279,rest,0
8615.0,-0.006116,-0.006573,-0.015023,0.005401,0.007824,-0.019926,-0.033165,0.006219,rest,0
8620.0,0.010638,0.014604,0.011023,0.031454,0.019941,0.053597,0.062013,-0.035162,rest,0
8625.0,-0.043943,-0.000148,0.010085,-0.001518,0.014072,-0.005405,-0.013879,-0.010858,rest,0
8630.0,-0.004003,0.016870,-0.009735,-0.005779,0.011404,-0.003976,0.022334,-0.018390,rest,0
8635.0,-0.022727,0.006093,0.008086,-0.017299,0.026872,0.038499,-0.012557,0.029746,rest,0
8640.0,-0.047643,0.021522,-0.017155,0.019521,-0.019226,-0.001370,-0.016202,-0.004278,rest,0
8645.0,0.036598,-0.002159,0.042206,-0.007716,0.029835,-0.032514,-0.005730,-0.010722,rest,0
8650.0,0.030754,0.003705,-0.041762,-0.026203,-0.020253,0.018681,0.016100,-0.006008,rest,0
8655.0,-0.010970,0.014328,-0.022590,0.009153,0.007450,-0.005492,0.007954,0.002042,rest,0
8660.0,0.009948,-0.026682,0.012290,0.020532,0.006419,0.012024,-0.002198,0.017827,rest,0
8665.0,0.001305,-0.022959,0.016404,-0.032683,0.005656,-0.007684,-0.008963,0.003440,rest,0
8670.0,-0.014186,0.010244,0.001136,-0.012346,0.026764,0.004096,0.012616,0.028332,rest,0
8675.0,0.028004,0.011596,-0.006053,-0.028594,0.004134,0.021892,0.007086,-0.068892,rest,0
8680.0,0.017401,0.018630,-0.006024,0.019767,0.012559,-0.013710,0.025426,-0.025350,rest,0
8685.0,-0.001145,-0.003140,-0.016509,0.006076,0.026207,0.024955,0.014473,-0.033918,rest,0
8690.0,-0.026719,0.003323,-0.000685,-0.009962,0.038106,0.002117,0.010848,0.019758,rest,0
8695.0,0.001099,0.051821,-0.018807,-0.012121,-0.018857,0.031253,0.016042,-0.010883,rest,0
8700.0,-0.017278,0.027698,0.007234,0.028208,-0.001203,0.010231,0.006005,-0.012482,rest,0
8705.0,-0.002883,-0.023686,0.009882,0.015225,0.019803,0.013331,-0.002564,0.031039,rest,0
8710.0,0.017846,0.027771,0.029026,-0.002512,0.007758,0.015491,-0.022983,-0.022539,rest,0
8715.0,-0.025986,-0.002162,-0.006666,-0.028713,0.002987,-0.001912,0.023645,0.040260,rest,0
8720.0,0.009129,-0.013933,0.012934,0.000186,-0.004803,-0.017232,-0.009284,-0.003556,rest,0
8725.0,0.016082,0.010221,0.036512,0.013487,0.008486,-0.006125,-0.020749,-0.011398,rest,0
8730.0,-0.013997,-0.051218,-0.020173,0.032044,0.007372,-0.007530,0.007970,-0.039068,rest,0
8735.0,0.005642,0.025550,-0.002422,-0.035440,-0.008279,0.025585,0.005173,-0.028366,rest,0
8740.0,0.047353,-0.025076,-0.004858,-0.020748,-0.020720,-0.009043,0.012723,0.025811,rest,0
8745.0,-0.007723,-0.020203,0.009573,0.010159,0.004808,0.005515,-0.002251,0.001963,rest,0
8750.0,-0.003633,0.021405,0.044569,0.003593,-0.000131,0.005117,-0.013158,0.015300,rest,0
8755.0,0.008824,-0.008409,0.018041,0.000380,-0.019401,0.007032,0.004740,0.019208,rest,0
8760.0,0.016631,-0.002185,-0.009442,0.000035,0.007266,0.009675,0.006028,-0.001815,rest,0
8765.0,0.019936,-0.013486,0.049588,0.015261,-0.022550,0.003705,0.015454,-0.006987,rest,0
8770.0,-0.029903,-0.020781,0.010842,-0.035092,-0.028987,0.010737,-0.004451,-0.013916,rest,0
8775.0,-0.009895,-0.029416,0.009689,-0.016131,-0.010715,0.006936,-0.005133,-0.014093,rest,0
8780.0,-0.039789,0.007349,0.001580,-0.010348,-0.020748,0.000255,0.009609,0.001955,rest,0
8785.0,0.032761,0.014095,-0.002146,0.014766,0.000973,0.000904,0.025927,-0.017961,rest,0
8790.0,0.000466,0.023794,0.006180,-0.007381,-0.034123,-0.045407,0.041524,0.006170,rest,0
8795.0,-0.011681,0.006989,-0.018953,-0.006624,-0.018819,-0.028265,-0.042100,-0.031953,rest,0
8800.0,0.020426,-0.019738,0.010698,0.019133,0.000332,-0.005971,0.002660,-0.008332,rest,0
8805.0,0.024078,0.037531,0.028996,-0.043031,-0.008741,0.000083,0.009261,-0.034546,rest,0
8810.0,-0.034869,0.026136,-0.011182,-0.029748,-0.022073,0.007809,-0.016451,0.004833,rest,0
8815.0,-0.019575,-0.034884,0.028488,0.007964,-0.006675,-0.010427,0.029298,0.011831,rest,0
8820.0,0.022936,-0.011674,0.001013,0.008044,-0.011001,-0.001911,-0.011672,0.007981,rest,0
8825.0,-0.026428,0.011439,0.006214,-0.004066,0.008990,-0.007299,-0.013403,0.010875,rest,0
8830.0,0.011740,-0.010145,-0.011861,-0.003659,-0.011040,0.030502,0.006330,0.000292,rest,0
8835.0,-0.018654,0.014780,-0.012232,-0.013055,0.015452,0.007746,-0.050069,-0.003155,rest,0
8840.0,0.002510,-0.006792,0.003207,-0.036194,-0.056620,-0.019509,0.005645,-0.064499,rest,0
8845.0,-0.016871,-0.038455,-0.004852,0.039158,-0.004344,-0.002150,0.016785,0.000426,rest,0
8850.0,-0.004300,0.018533,0.009438,0.005773,-0.002776,-0.006921,0.018343,-0.006729,rest,0
8855.0,0.024625,-0.020943,0.028676,0.009441,-0.019371,0.010180,-0.013006,0.000669,rest,0
8860.0,-0.009733,-0.002658,0.018829,0.010370,-0.022507,-0.021362,0.005416,0.006864,rest,0
8865.0,-0.013489,0.031826,0.016270,-0.012512,-0.014445,-0.004556,-0.006637,0.025123,rest,0
8870.0,0.019690,0.000701,0.013558,0.016460,0.001165,0.008052,0.011884,0.009752,rest,0
8875.0,-0.015576,-0.013554,-0.005772,-0.014133,-0.029462,0.013519,0.006928,-0.026787,rest,0
8880.0,-0.004818,-0.003686,0.003639,-0.021638,-0.027080,0.010394,-0.030679,-0.004653,rest,0
8885.0,-0.006522,-0.002466,0.005054,0.031971,-0.031990,0.017532,-0.050243,0.027874,rest,0
8890.0,-0.040857,0.048728,-0.007795,0.025808,0.021683,-0.008730,-0.007195,-0.016743,rest,0
8895.0,0.015747,-0.008469,-0.016380,0.010746,-0.017944,-0.006580,0.002142,-0.012849,rest,0
8900.0,-0.009831,0.030700,-0.004085,-0.007193,-0.003503,0.009089,-0.020677,0.008544,rest,0
8905.0,0.005116,-0.035773,0.035885,0.029216,-0.016011,-0.022449,0.004561,-0.028517,rest,0
8910.0,0.027286,-0.009369,0.032436,-0.016488,-0.002244,0.025344,-0.006465,0.005442,rest,0
8915.0,0.021853,-0.011121,-0.025235,-0.029174,0.011669,0.007776,0.021233,-0.005481,rest,0
8920.0,-0.028615,-0.047055,0.057359,0.010538,0.002736,0.005573,-0.028627,-0.015897,rest,0
8925.0,0.034867,0.013167,-0.015272,-0.024536,-0.010314,-0.006309,0.040983,-0.003765,rest,0
8930.0,-0.023791,-0.001172,0.005287,-0.025611,0.008043,0.024178,0.002773,-0.015941,rest,0
8935.0,-0.010577,-0.033177,-0.002677,0.006216,-0.017933,0.038794,0.015846,-0.035856,rest,0
8940.0,-0.035445,-0.019680,0.031464,0.017818,0.032474,0.000204,-0.004190,-0.024950,rest,0
8945.0,0.006994,-0.003923,-0.004693,0.032361,-0.002527,0.026620,-0.031761,0.053762,rest,0
8950.0,-0.007465,0.014144,0.017325,-0.009947,0.016381,0.017420,-0.014263,-0.014026,rest,0
8955.0,0.000906,-0.002310,0.027863,0.014053,-0.001408,0.012122,-0.040933,-0.012306,rest,0
8960.0,0.005756,0.022307,0.003995,0.029165,0.017359,-0.009767,-0.002801,0.008168,rest,0
8965.0,-0.008973,0.030626,-0.022175,0.006322,0.014709,-0.006269,-0.010776,-0.001522,rest,0
8970.0,0.016240,-0.009997,-0.021378,0.023012,0.007986,0.020157,0.015187,0.043598,rest,0
8975.0,0.022299,-0.014482,0.009405,-0.011150,-0.009083,-0.028250,-0.005722,0.010901,rest,0
8980.0,-0.001320,-0.021987,-0.030460,0.042237,0.006503,-0.016481,0.009236,0.043784,rest,0
8985.0,0.012409,-0.055741,0.053046,-0.036985,-0.004120,-0.022668,-0.014800,0.005688,rest,0
8990.0,-0.041420,-0.001805,0.022947,-0.016865,-0.027806,-0.002786,-0.006767,-0.011905,rest,0
8995.0,-0.023767,0.010384,0.011905,-0.021313,-0.018545,0.002730,-0.019299,0.003573,rest,0
9000.0,0.029361,-0.001196,-0.024272,0.007842,-0.003553,-0.003003,0.009506,0.013821,rest,0
9005.0,0.000710,-0.001214,0.041271,0.024011,0.016671,0.002624,-0.020115,0.022548,rest,0
9010.0,0.002886,-0.011543,-0.004863,-0.019324,0.021147,0.013661,0.003633,-0.000856,rest,0
9015.0,-0.013613,-0.042601,-0.028259,-0.014853,-0.017859,0.005787,0.016230,-0.002569,rest,0
9020.0,0.028178,-0.015658,-0.002711,-0.001020,0.021844,0.002118,0.002671,-0.033097,rest,0
9025.0,-0.017998,0.021919,-0.041507,0.026860,0.009993,-0.014950,-0.016641,0.037919,rest,0
9030.0,0.028228,-0.002389,0.002692,-0.012924,0.002696,-0.013478,-0.001571,0.036207,rest,0
9035.0,-0.001912,-0.020960,-0.027327,0.002542,-0.015218,0.004932,-0.032390,0.013805,rest,0
9040.0,-0.021203,0.000926,-0.006766,0.034368,0.003430,0.038909,0.011215,0.028508,rest,0
9045.0,-0.004176,0.006910,0.024373,0.018099,0.010620,-0.006559,-0.003176,0.022753,rest,0
9050.0,0.026918,-0.011857,-0.014875,-0.018083,0.016594,-0.018590,0.016352,0.010914,rest,0
9055.0,-0.010902,0.031277,-0.029245,0.033191,0.006378,-0.041469,0.031838,0.019444,rest,0
9060.0,-0.008564,-0.019294,-0.031381,0.048309,-0.018468,-0.025272,0.005358,-0.032758,rest,0
9065.0,-0.019631,0.019899,0.009284,-0.007727,0.000366,-0.008849,-0.001240,-0.015236,rest,0
9070.0,-0.011605,-0.012214,-0.014517,0.020878,0.015402,-0.018647,-0.023888,-0.003146,rest,0
9075.0,0.043106,-0.020554,-0.003224,0.001774,-0.002173,-0.009164,0.023102,0.009089,rest,0
9080.0,0.016916,0.011788,0.017879,0.031688,0.026621,0.046496,0.024347,-0.013389,rest,0
9085.0,0.016946,0.014209,0.038406,-0.019343,0.011159,-0.013621,0.010251,-0.004295,rest,0
9090.0,0.009589,-0.028207,0.015865,0.004121,0.003044,0.039005,-0.007650,0.006845,rest,0
9095.0,0.002005,0.003961,0.044436,0.001276,-0.011346,0.037418,-0.006154,-0.032104,rest,0
9100.0,-0.014817,-0.024932,-0.035999,-0.007260,-0.001404,0.023611,0.012588,0.011677,rest,0
9105.0,-0.017864,0.017699,0.027825,0.007891,0.008450,-0.025294,0.021089,0.035617,rest,0
9110.0,0.006459,-0.011887,-0.003240,-0.008408,-0.007209,0.012960,0.005589,0.020079,rest,0
9115.0,0.007418,-0.017282,-0.010014,-0.011257,-0.003729,0.035894,0.039098,0.016732,rest,0
9120.0,0.002375,-0.027233,0.004400,-0.015800,0.032610,-0.032122,0.007690,-0.017485,rest,0
9125.0,-0.000190,0.013321,0.020439,-0.001214,0.015224,-0.013249,0.004911,0.020044,rest,0
9130.0,0.006642,-0.010587,-0.005581,0.020313,-0.021837,-0.018886,0.012032,-0.008783,rest,0
9135.0,-0.029061,0.027016,-0.021992,-0.003989,-0.012390,-0.005954,-0.017692,0.014286,rest,0
9140.0,0.002216,0.019673,-0.012183,0.042660,-0.038093,-0.031703,0.035062,0.009481,rest,0
9145.0,0.006828,0.008626,0.011424,0.005995,-0.019318,0.016364,0.013214,0.028569,rest,0
9150.0,0.035285,0.006610,-0.024551,0.035450,-0.020363,0.006759,-0.005135,-0.008613,rest,0
9155.0,0.015286,0.004889,0.010265,-0.016314,-0.003481,-0.015391,-0.003981,-0.002375,rest,0
9160.0,0.036886,-0.005188,-0.042512,0.027902,0.008985,-0.002620,-0.008744,-0.018939,rest,0
9165.0,0.038761,0.001037,-0.034755,0.006555,0.024123,0.003129,-0.018032,-0.019821,rest,0
9170.0,-0.018346,0.030433,-0.001433,-0.033574,0.007683,0.002821,-0.008978,-0.020408,rest,0
9175.0,-0.021278,0.021733,0.004950,0.009573,0.004895,0.006554,-0.009368,-0.004117,rest,0
9180.0,0.023298,0.028292,-0.024442,-0.004165,0.016786,0.037642,0.035639,-0.015915,rest,0
9185.0,0.025501,0.001173,0.020888,0.015766,-0.025279,0.010999,0.020114,-0.000403,rest,0
9190.0,-0.004926,-0.031433,0.013672,0.004175,-0.018444,-0.006517,0.003090,-0.011173,rest,0
9195.0,0.000054,-0.034999,0.026988,0.000318,-0.021987,-0.049194,0.020583,0.011162,rest,0
9200.0,0.004214,0.017273,0.017218,0.003889,-0.005084,-0.008343,0.008419,0.027941,rest,0
9205.0,-0.002058,0.029530,0.007463,0.007614,0.048102,0.033054,0.033572,-0.015952,rest,0
9210.0,0.043844,-0.001644,-0.004550,-0.043185,0.006526,-0.021667,0.008165,-0.023231,rest,0
9215.0,0.035954,0.011031,0.045597,-0.020460,0.030984,-0.036054,0.004162,-0.012632,rest,0
9220.0,-0.008959,-0.010330,-0.018294,-0.025194,-0.008849,0.002321,0.023274,0.005907,rest,0
9225.0,0.023331,-0.029564,-0.008659,0.014220,0.006864,-0.017224,0.018681,-0.010625,rest,0
9230.0,-0.015547,0.009739,0.000123,-0.010458,-0.011137,-0.021396,-0.007915,0.022000,rest,0
9235.0,0.004891,0.019172,0.010321,-0.012245,-0.032983,-0.018537,-0.013425,-0.014972,rest,0
9240.0,0.019620,0.019412,0.044238,-0.015274,0.031949,0.031825,-0.004645,0.009471,rest,0
9245.0,0.024815,-0.001178,-0.002728,-0.012547,-0.047201,0.001409,-0.014197,-0.021507,rest,0
9250.0,0.008444,-0.029026,0.016122,0.009672,-0.008004,-0.001266,-0.023804,0.015007,rest,0
9255.0,0.003747,0.005237,0.010038,-0.012848,-0.030381,0.019146,0.013774,-0.010707,rest,0
9260.0,0.008182,0.025159,0.022774,-0.011291,-0.029775,-0.026344,-0.006235,0.029246,rest,0
9265.0,-0.014569,-0.011927,-0.012338,-0.010635,-0.000225,-0.025601,0.021687,-0.002896,rest,0
9270.0,0.049583,-0.023471,0.031797,0.027827,-0.008234,-0.007901,-0.018426,-0.018196,rest,0
9275.0,-0.000012,0.000414,-0.032047,0.045870,-0.005190,0.001312,-0.012525,-0.005340,rest,0
9280.0,-0.007158,-0.000059,-0.000292,0.016097,0.004544,0.014086,-0.000196,0.004625,rest,0
9285.0,-0.004826,0.020062,0.006452,-0.003161,-0.003758,-0.002185,0.000609,-0.001127,rest,0
9290.0,-0.011177,0.015298,0.016562,0.035677,-0.012073,0.013329,-0.038183,0.016581,rest,0
9295.0,-0.029132,-0.019687,0.006645,-0.012430,-0.015167,-0.009696,0.014593,-0.018658,rest,0
9300.0,-0.001083,-0.007573,0.016398,0.016958,-0.036706,0.020902,-0.012215,0.004726,rest,0
9305.0,-0.018778,0.007423,0.051027,0.002543,-0.009197,-0.004643,-0.029381,0.028979,rest,0
9310.0,0.006258,-0.020978,-0.020326,0.000306,0.018640,-0.023020,0.022268,-0.001833,rest,0
9315.0,-0.018605,-0.009354,0.034971,-0.027764,-0.014638,0.019052,0.004329,-0.015825,rest,0
9320.0,0.019296,0.020246,0.006628,-0.012248,-0.009166,0.005694,-0.026239,0.026556,rest,0
9325.0,0.034004,-0.004719,0.007122,0.023716,0.039111,0.031140,-0.034711,-0.006311,rest,0
9330.0,0.010014,-0.009884,0.035655,0.032588,-0.016319,-0.003248,-0.014991,-0.003903,rest,0
9335.0,-0.004509,0.019085,-0.017769,-0.052335,-0.032091,-0.020566,-0.013114,0.003743,rest,0
9340.0,-0.021596,-0.024222,-0.018589,-0.022313,-0.011090,-0.011946,0.013781,-0.019791,rest,0
9345.0,-0.007152,-0.010900,0.016178,-0.003086,0.021014,-0.023047,-0.000987,-0.011518,rest,0
9350.0,-0.024521,-0.001350,0.034659,-0.017058,-0.002549,-0.026245,-0.029185,-0.015745,rest,0
9355.0,-0.009000,-0.008112,-0.004521,-0.032967,-0.012519,0.010035,-0.027165,-0.007103,rest,0
9360.0,0.005857,-0.015645,0.006830,-0.030423,0.017769,0.007316,0.001113,0.022496,rest,0
9365.0,-0.006587,-0.012357,0.027451,0.036815,-0.013869,-0.002275,0.020901,-0.001563,rest,0
9370.0,0.011892,0.015608,-0.011246,0.008385,-0.000124,-0.024337,-0.019793,-0.013048,rest,0
9375.0,0.018570,0.019227,0.014998,0.008802,0.008257,0.005551,0.008152,0.009507,rest,0
9380.0,-0.028088,-0.015805,-0.020578,0.022143,0.033082,-0.043381,0.031296,0.001734,rest,0
9385.0,0.020254,0.010129,0.028808,0.004195,-0.027269,-0.002113,0.010313,-0.004319,rest,0
9390.0,0.013155,-0.001314,-0.011910,-0.021720,-0.007836,0.004091,-0.039188,-0.015602,rest,0
9395.0,-0.039934,-0.012341,0.023946,-0.023722,0.014063,0.056977,0.029071,0.002670,rest,0
9400.0,0.017169,-0.027394,-0.031468,0.000574,0.007972,0.021888,-0.011375,0.003868,rest,0
9405.0,0.003182,-0.002628,-0.001449,-0.017094,0.005594,0.003901,-0.008800,0.013315,rest,0
9410.0,0.020557,0.013548,-0.020849,0.001993,-0.018229,0.001931,-0.018151,0.025543,rest,0
9415.0,0.015667,0.023060,0.021034,-0.005412,-0.008512,0.034834,-0.003302,-0.027092,rest,0
9420.0,0.020149,0.002876,0.030119,0.004859,-0.000400,0.030522,-0.030769,-0.011707,rest,0
9425.0,-0.017747,-0.043902,0.017464,-0.011148,0.018107,0.007782,0.012143,-0.009108,rest,0
9430.0,-0.015285,0.001795,0.018383,-0.001008,-0.014039,-0.023980,0.004083,-0.011081,rest,0
9435.0,-0.001435,-0.004776,-0.008889,0.005876,0.011090,0.039306,0.015159,0.031874,rest,0
9440.0,-0.016372,-0.032019,-0.000289,0.017161,0.014023,0.024228,-0.050731,0.025060,rest,0
9445.0,0.006709,-0.030880,0.014471,0.003390,0.007625,0.019982,0.008606,-0.029457,rest,0
9450.0,-0.002861,-0.032353,0.012981,0.027959,-0.024829,-0.013429,-0.017647,-0.009078,rest,0
9455.0,0.008248,-0.008861,0.013051,0.021308,0.022035,-0.022364,0.027719,0.029321,rest,0
9460.0,0.031054,-0.003156,-0.015037,-0.019685,-0.022036,0.000234,0.016957,0.026131,rest,0
9465.0,-0.009711,-0.000774,-0.002084,-0.012706,0.014715,0.007257,0.002836,0.007166,rest,0
9470.0,0.012309,0.012109,-0.016770,0.017927,0.005107,-0.008692,0.004685,0.006890,rest,0
9475.0,0.021636,-0.020923,0.026500,0.000463,-0.010123,-0.010735,-0.020027,-0.034818,rest,0
9480.0,0.013548,0.039618,-0.032352,-0.019009,0.015032,-0.000913,0.016688,-0.002034,rest,0
9485.0,-0.011613,-0.004517,-0.047642,-0.022870,0.018966,0.023838,0.028123,0.008817,rest,0
9490.0,-0.045121,-0.012700,0.026493,0.032461,0.027253,-0.004725,-0.026132,-0.000813,rest,0
9495.0,0.000296,0.031311,0.004556,0.000334,0.001470,0.007997,0.012529,-0.014491,rest,0
9500.0,-0.021152,0.027411,-0.032821,0.032755,-0.038214,-0.011691,0.019437,0.000007,rest,0
9505.0,-0.026330,0.008529,0.001340,-0.004321,-0.012478,-0.000692,-0.011638,0.048691,rest,0
9510.0,-0.004800,-0.007475,-0.010833,0.035539,-0.032781,0.007189,-0.004786,-0.028468,rest,0
9515.0,-0.016382,0.006339,-0.017288,0.005191,0.034583,0.003412,-0.029070,-0.016936,rest,0
9520.0,-0.005708,-0.007045,0.003040,0.006249,0.034611,-0.000074,-0.023044,0.023076,rest,0
9525.0,0.025260,0.004649,-0.004928,0.012451,-0.004222,-0.041114,0.011269,0.017845,rest,0
9530.0,0.028822,-0.014615,0.004523,0.004956,0.001708,0.002297,0.000743,0.004235,rest,0
9535.0,0.014814,0.024406,-0.015127,-0.003446,-0.008452,-0.011313,-0.032321,0.000484,rest,0
9540.0,0.009586,-0.003102,-0.000179,0.008369,0.028222,-0.008395,-0.023432,-0.001809,rest,0
9545.0,0.037671,-0.023218,0.013003,0.023158,-0.047311,0.008204,0.012068,-0.005347,rest,0
9550.0,-0.012929,-0.011813,-0.006571,-0.006042,-0.009816,-0.006890,0.023816,-0.024289,rest,0
9555.0,-0.034981,0.024136,-0.003840,-0.007765,-0.002224,0.004186,-0.010481,0.010119,rest,0
9560.0,-0.019245,-0.006037,-0.044294,0.023445,-0.003522,0.013402,0.009531,0.010996,rest,0
9565.0,-0.000156,0.007765,-0.019226,-0.023424,-0.002022,-0.013596,0.028509,0.007503,rest,0
9570.0,-0.014330,-0.005431,0.002660,-0.001360,0.005435,0.001373,-0.027813,-0.043018,rest,0
9575.0,-0.007472,0.011210,-0.007247,0.024731,-0.000938,0.027144,0.023038,0.021026,rest,0
9580.0,-0.024070,0.000343,0.024455,0.005447,0.011087,-0.027758,0.038376,-0.015827,rest,0
9585.0,-0.039889,-0.007023,-0.048950,-0.021703,0.051170,-0.007601,-0.028556,0.000506,rest,0
9590.0,-0.017956,0.017290,-0.017791,0.005415,-0.022941,0.051981,0.010072,-0.002910,rest,0
9595.0,-0.005859,-0.011072,-0.015218,-0.015768,0.033567,-0.011052,-0.042588,-0.023319,rest,0
9600.0,0.018554,-0.005046,-0.002682,0.023396,-0.015543,0.012648,-0.013358,0.011518,rest,0
9605.0,-0.007823,-0.004831,0.016403,0.014960,-0.003309,-0.009432,0.031983,0.011787,rest,0
9610.0,-0.007823,-0.013062,0.020498,0.002308,-0.003271,0.002300,0.006756,-0.001134,rest,0
9615.0,0.024074,0.025187,0.010638,0.027494,0.000170,0.013807,0.020089,0.020381,rest,0
9620.0,0.018320,0.012624,0.039143,-0.010794,-0.003104,-0.004290,-0.007361,-0.039775,rest,0
9625.0,0.027497,-0.020521,0.003396,-0.028437,0.012414,-0.015708,-0.022719,0.003887,rest,0
9630.0,-0.014015,-0.011483,0.003436,0.016000,-0.016368,-0.019824,0.000470,0.010785,rest,0
9635.0,0.029255,-0.021427,-0.006359,0.023516,0.039462,-0.019862,-0.014776,0.007622,rest,0
9640.0,-0.011555,-0.015185,0.004889,0.030988,-0.026190,0.029967,-0.011495,0.006916,rest,0
9645.0,0.031817,0.006506,-0.005950,0.014364,-0.003463,0.010427,-0.004094,0.017223,rest,0
9650.0,-0.027885,-0.020270,-0.028179,-0.001129,-0.030591,-0.013837,-0.022150,0.029594,rest,0
9655.0,-0.019814,-0.025731,0.004967,0.033736,-0.002321,-0.000774,0.025815,0.017565,rest,0
9660.0,0.008508,-0.011647,0.009119,-0.027216,-0.012474,0.028629,0.026040,0.008750,rest,0
9665.0,-0.038587,-0.024164,-0.013589,-0.003434,-0.025008,-0.004926,0.035346,0.008017,rest,0
9670.0,0.004377,-0.020351,-0.032780,-0.024564,-0.033588,0.001501,0.007678,-0.019306,rest,0
9675.0,0.002958,0.029380,0.039154,0.015408,-0.003497,0.014762,0.027036,-0.040145,rest,0
9680.0,0.029641,-0.010892,-0.010699,-0.007099,0.006402,-0.022225,-0.005696,0.010506,rest,0
9685.0,0.004371,0.007616,-0.006479,0.013874,0.021128,0.019929,0.008552,0.018778,rest,0
9690.0,0.017421,0.053530,0.024361,-0.001775,-0.018234,-0.005223,-0.006636,0.010228,rest,0
9695.0,-0.014005,0.023844,-0.027791,-0.032651,-0.002702,-0.016851,-0.025165,-0.012741,rest,0
9700.0,-0.015230,0.000203,-0.012409,-0.010783,-0.000097,0.020285,0.029415,0.002955,rest,0
9705.0,0.004511,-0.003664,0.009625,0.007804,0.026517,-0.037774,-0.004690,0.006784,rest,0
9710.0,-0.000526,-0.018783,-0.025987,0.016126,-0.015139,-0.035098,0.017131,0.009180,rest,0
9715.0,-0.002317,-0.018291,-0.002269,0.024312,-0.032294,-0.031280,-0.012555,-0.000533,rest,0
9720.0,-0.009926,0.012856,0.021777,0.005575,0.011209,0.005442,0.000190,-0.025871,rest,0
9725.0,-0.020560,-0.027018,-0.002970,0.004646,-0.028985,0.001452,-0.017504,-0.021384,rest,0
9730.0,-0.012507,-0.022410,0.012133,-0.003360,0.016304,-0.008870,-0.008114,0.037468,rest,0
9735.0,-0.032461,0.025690,0.033090,0.015316,-0.006609,0.028538,-0.006435,-0.014116,rest,0
9740.0,-0.007765,-0.011404,-0.018932,0.022200,-0.015469,-0.000593,-0.028875,0.000616,rest,0
9745.0,-0.023119,-0.023610,-0.002186,0.021139,0.008808,0.010182,-0.002598,-0.006713,rest,0
9750.0,0.015823,-0.011264,0.016689,0.024719,-0.016828,-0.013889,-0.010914,-0.029339,rest,0
9755.0,-0.009388,0.026029,-0.020912,0.026504,-0.008669,0.042281,-0.013636,-0.002880,rest,0
9760.0,-0.018204,-0.013754,0.026764,0.009491,0.020576,-0.026312,0.013097,-0.019429,rest,0
9765.0,-0.026746,0.004775,0.004571,0.001067,0.014351,0.017471,0.029395,-0.023807,rest,0
9770.0,0.030040,0.037646,-0.007325,-0.033370,-0.027670,-0.009237,0.040283,0.000342,rest,0
9775.0,-0.012344,-0.013708,-0.026454,0.017492,-0.001841,0.041997,0.012564,0.016599,rest,0
9780.0,-0.004842,-0.021821,-0.017472,-0.027385,0.018208,-0.007698,0.019050,0.002718,rest,0
9785.0,-0.005856,-0.023392,0.006033,-0.004373,0.018044,-0.014308,0.012322,0.032817,rest,0
9790.0,0.005451,0.015706,0.011438,0.037962,0.007431,0.013999,-0.000726,-0.015488,rest,0
9795.0,-0.024164,0.025338,-0.020167,0.014917,0.008320,0.018356,-0.010294,-0.015815,rest,0
9800.0,0.007567,-0.005847,-0.024621,0.038771,-0.015828,-0.019873,-0.004843,0.025057,rest,0
9805.0,-0.043335,0.023398,-0.018229,0.005291,-0.013520,0.039838,0.002492,-0.014162,rest,0
9810.0,-0.006022,0.001793,0.003554,0.008775,-0.000028,-0.027543,-0.006805,0.012133,rest,0
9815.0,-0.013398,0.013456,0.000634,-0.004355,0.023883,-0.034763,-0.013506,0.024649,rest,0
9820.0,0.036601,0.045720,0.001007,0.009158,0.016349,0.025502,0.006262,0.018523,rest,0
9825.0,0.009195,0.010444,-0.018367,-0.006584,-0.010455,-0.023778,-0.033032,-0.008473,rest,0
9830.0,-0.005278,0.002101,0.011115,0.003762,-0.005138,-0.018303,0.017541,-0.002036,rest,0
9835.0,-0.008676,-0.003729,-0.014655,-0.010613,-0.011249,-0.005747,0.013115,0.008142,rest,0
9840.0,0.030935,0.024235,0.039128,0.011183,0.010862,-0.009748,0.016520,-0.013122,rest,0
9845.0,-0.029409,0.030526,-0.024984,0.008777,-0.017607,0.022533,0.025259,0.010584,rest,0
9850.0,0.024927,0.000147,0.044683,0.014923,-0.018011,0.001392,-0.003050,-0.005008,rest,0
9855.0,-0.033143,0.007737,-0.027715,-0.050508,-0.006880,-0.015118,-0.017231,-0.062062,rest,0
9860.0,-0.017017,-0.003473,-0.012683,0.007747,0.027853,0.010327,0.020528,0.022183,rest,0
9865.0,-0.020377,0.008782,0.019903,-0.008719,-0.015813,0.010608,-0.029633,-0.021760,rest,0
9870.0,-0.013335,0.009010,0.004378,0.020647,-0.018437,-0.019509,0.010478,-0.015973,rest,0
9875.0,-0.012070,-0.037135,0.005817,0.030826,-0.020586,0.020434,-0.001188,-0.035308,rest,0
9880.0,-0.017895,-0.019129,-0.006331,0.008390,0.036978,-0.028623,-0.009696,-0.017920,rest,0
9885.0,-0.025360,0.001909,0.000030,-0.036276,0.000363,-0.024108,0.000237,0.025390,rest,0
9890.0,0.009261,0.003550,-0.010575,0.001337,0.011265,0.009283,-0.001984,0.004348,rest,0
9895.0,-0.026331,-0.014687,0.014151,0.016841,0.001872,0.029579,0.010160,-0.004663,rest,0
9900.0,-0.024356,0.028728,0.015381,0.035908,0.043267,-0.025697,-0.025645,-0.057171,rest,0
9905.0,0.018100,0.012939,0.001927,-0.024166,-0.001755,0.003640,0.015427,0.005380,rest,0
9910.0,0.012745,-0.002383,0.022684,0.012129,-0.022789,0.026673,0.023531,0.008937,rest,0
9915.0,0.005180,0.030605,-0.030138,0.022903,-0.008787,0.020208,0.002221,-0.022934,rest,0
9920.0,-0.008682,0.017865,-0.003676,-0.010867,-0.010984,0.011230,0.030610,-0.037434,rest,0
9925.0,0.045720,0.003326,0.009472,-0.007122,-0.000057,0.003143,-0.017126,-0.013152,rest,0
9930.0,0.017769,-0.023285,0.006616,-0.005558,-0.014411,0.029579,-0.014318,-0.016952,rest,0
9935.0,-0.002533,-0.010411,0.000086,0.002105,0.003179,-0.001678,-0.009512,0.008716,rest,0
9940.0,-0.001340,-0.005948,0.017760,-0.001456,0.013104,0.014722,0.015452,0.008294,rest,0
9945.0,-0.000007,-0.000666,-0.002539,-0.022541,0.007478,0.002543,0.008588,-0.001217,rest,0
9950.0,0.005847,-0.012115,-0.010283,-0.021777,-0.001182,-0.006794,-0.007945,0.002943,rest,0
9955.0,-0.003071,-0.010344,0.018368,-0.000267,-0.007818,-0.004835,-0.001250,-0.001265,rest,0
9960.0,0.007439,-0.000454,0.010599,-0.002470,0.002436,0.005839,0.006828,0.007495,rest,0
9965.0,-0.001175,-0.000024,-0.010710,-0.000847,0.004714,0.003874,-0.000374,0.007339,rest,0
9970.0,-0.001180,-0.002201,-0.001439,-0.003449,0.001912,0.000886,0.001874,-0.001273,rest,0
9975.0,-0.000116,-0.004369,0.000755,0.000198,-0.002207,-0.000210,-0.000517,0.003538,rest,0
9980.0,-0.001215,0.000380,-0.001249,-0.000639,0.000317,-0.000242,-0.000007,0.000381,rest,0
9985.0,-0.000254,0.000455,-0.000157,-0.000050,0.000186,0.000117,0.000332,0.000163,rest,0
9990.0,0.000061,-0.000042,-0.000138,-0.000185,-0.000216,0.000228,-0.000287,0.000155,rest,0
9995.0,-0.000000,0.000000,-0.000000,-0.000000,0.000000,0.000000,-0.000000,-0.000000,rest,0
